Customer ID,TotalSpend,TotalOrders,TotalProducts,AverageOrderValue,FirstPurchase,LastPurchase,CustomerTenure,TenureMonths,PurchaseFrequencyPerMonth,AverageSpendPerProduct,AverageQuantityPerOrder,Recency,Churn
12346.0,-64.67999999999302,17,52,-1.3474999999998545,2009-12-14 08:34:00,2011-01-18 10:17:00,400,13.333333333333334,1.275,-1.2438461538460197,3.0588235294117645,325,1
12347.0,5633.32,8,3286,22.26608695652174,2010-10-31 14:20:00,2011-12-07 15:52:00,402,13.4,0.5970149253731343,1.7143396226415093,410.75,1,0
12348.0,2019.4,5,2714,39.59607843137256,2010-09-27 14:59:00,2011-09-25 13:13:00,362,12.066666666666666,0.4143646408839779,0.7440677966101695,542.8,74,0
12349.0,4404.54,5,1619,24.469666666666665,2009-12-04 12:49:00,2011-11-21 09:51:00,716,23.866666666666667,0.2094972067039106,2.720531192093885,323.8,18,0
12350.0,334.4,1,197,19.670588235294115,2011-02-02 16:01:00,2011-02-02 16:01:00,0,1.0,1.0,1.69746192893401,197.0,309,1
12351.0,300.93,1,261,14.33,2010-11-29 15:23:00,2010-11-29 15:23:00,0,1.0,1.0,1.1529885057471263,261.0,374,1
12352.0,1889.21,13,658,16.71867256637168,2010-11-12 10:20:00,2011-11-03 14:37:00,356,11.866666666666667,1.095505617977528,2.87113981762918,50.61538461538461,35,0
12353.0,406.76,2,212,16.948333333333334,2010-10-27 12:44:00,2011-05-19 17:47:00,204,6.8,0.2941176470588235,1.9186792452830188,106.0,203,1
12354.0,1079.4,1,530,18.610344827586207,2011-04-21 13:11:00,2011-04-21 13:11:00,0,1.0,1.0,2.036603773584906,530.0,231,1
12355.0,947.61,2,543,27.074571428571428,2010-05-21 11:59:00,2011-05-09 13:49:00,353,11.766666666666667,0.1699716713881019,1.7451381215469612,271.5,213,1
12356.0,6373.68,6,3417,44.57118881118881,2010-10-11 09:42:00,2011-11-17 08:40:00,401,13.366666666666667,0.4488778054862842,1.8652853380158037,569.5,22,0
12357.0,18287.66,3,6587,61.78263513513514,2010-11-16 10:05:00,2011-11-06 16:07:00,355,11.833333333333334,0.2535211267605634,2.7763260968574466,2195.6666666666665,32,0
12358.0,3887.07,5,1079,50.48142857142857,2009-12-08 07:59:00,2011-12-08 10:26:00,730,24.33333333333333,0.2054794520547945,3.602474513438369,215.8,1,0
12359.0,8714.89,14,2526,23.239706666666667,2009-12-05 13:32:00,2011-12-02 11:21:00,726,24.2,0.578512396694215,3.45007521773555,180.42857142857144,7,0
12360.0,4212.89,9,2458,19.325183486238533,2010-02-22 09:32:00,2011-10-18 15:22:00,603,20.1,0.4477611940298507,1.7139503661513429,273.1111111111111,51,0
12361.0,511.25,4,235,17.629310344827587,2010-01-26 14:37:00,2011-02-25 13:51:00,394,13.133333333333333,0.3045685279187817,2.175531914893617,58.75,286,1
12362.0,5284.58,14,2213,19.216654545454546,2009-12-01 10:10:00,2011-12-06 15:40:00,735,24.5,0.5714285714285714,2.387971079981925,158.07142857142858,2,0
12363.0,552.0,2,408,24.0,2011-04-11 13:29:00,2011-08-22 10:18:00,132,4.4,0.4545454545454545,1.3529411764705883,204.0,109,1
12364.0,1313.1,4,1506,15.448235294117646,2011-08-19 15:24:00,2011-12-02 10:22:00,104,3.466666666666667,1.1538461538461535,0.8719123505976095,376.5,7,0
12365.0,320.69,3,173,13.94304347826087,2011-02-21 13:51:00,2011-02-21 14:04:00,0,1.0,3.0,1.853699421965318,57.66666666666666,290,1
12366.0,500.24,1,296,166.74666666666667,2010-03-16 10:28:00,2010-03-16 10:28:00,0,1.0,1.0,1.69,296.0,633,1
12367.0,168.9,1,173,15.354545454545455,2011-12-05 16:48:00,2011-12-05 16:48:00,0,1.0,1.0,0.976300578034682,173.0,3,0
12368.0,917.7,1,330,50.98333333333333,2010-03-21 15:56:00,2010-03-21 15:56:00,0,1.0,1.0,2.780909090909091,330.0,627,1
12369.0,1791.15,3,1241,19.25967741935484,2010-03-08 08:09:00,2010-10-22 13:13:00,228,7.6,0.3947368421052631,1.4433118452860596,413.6666666666667,412,1
12370.0,4320.31,7,2605,21.387673267326736,2010-02-09 09:41:00,2011-10-19 14:51:00,617,20.566666666666663,0.3403565640194489,1.6584683301343572,372.1428571428572,50,0
12371.0,4067.38,5,1436,24.35556886227545,2010-03-04 18:23:00,2011-10-26 10:16:00,600,20.0,0.25,2.8324373259052926,287.2,44,0
12372.0,1298.04,3,794,24.962307692307693,2011-02-16 12:46:00,2011-09-29 12:12:00,224,7.466666666666667,0.4017857142857143,1.6348110831234255,264.6666666666667,71,0
12373.0,1127.65,3,516,22.11078431372549,2010-02-04 12:08:00,2011-02-01 13:10:00,362,12.066666666666666,0.2486187845303867,2.185368217054264,172.0,310,1
12374.0,2989.2200000000003,4,1362,36.01469879518073,2010-04-30 14:01:00,2011-11-14 15:37:00,563,18.766666666666666,0.2131438721136767,2.1947283406754776,340.5,24,0
12375.0,455.42,3,177,25.301111111111112,2011-09-02 14:23:00,2011-12-07 11:27:00,95,3.1666666666666665,0.9473684210526316,2.572994350282486,59.0,2,0
12376.0,503.15,2,240,38.70384615384615,2010-10-18 08:42:00,2010-11-15 12:15:00,28,0.9333333333333332,2.142857142857143,2.096458333333333,120.0,389,1
12377.0,3426.32,4,2105,22.54157894736842,2010-04-29 15:34:00,2011-01-28 15:45:00,274,9.133333333333333,0.437956204379562,1.627705463182898,526.25,314,1
12378.0,5416.32,2,3316,17.994418604651162,2010-05-26 14:07:00,2011-08-02 10:34:00,432,14.4,0.1388888888888889,1.6333896260554883,1658.0,129,1
12379.0,1618.27,5,814,19.735,2010-06-23 12:49:00,2011-09-19 10:09:00,452,15.066666666666666,0.331858407079646,1.988046683046683,162.8,81,0
12380.0,7888.0,15,3325,27.872791519434628,2010-02-15 12:05:00,2011-11-18 11:27:00,640,21.33333333333333,0.703125,2.3723308270676693,221.66666666666663,21,0
12381.0,1803.96,6,783,19.823736263736265,2011-08-12 09:57:00,2011-12-05 12:44:00,115,3.8333333333333335,1.5652173913043477,2.303908045977012,130.5,4,0
12382.0,-18.38,1,-1,-18.38,2010-01-26 16:25:00,2010-01-26 16:25:00,0,1.0,1.0,18.38,-1.0,681,1
12383.0,1839.31,6,1529,18.3931,2010-12-22 14:28:00,2011-06-08 08:02:00,167,5.566666666666666,1.0778443113772456,1.2029496402877695,254.83333333333331,184,1
12384.0,566.16,3,121,18.872,2011-08-10 11:23:00,2011-11-11 08:39:00,92,3.066666666666667,0.9782608695652172,4.6790082644628095,40.333333333333336,28,0
12385.0,1923.4,2,611,29.142424242424244,2010-11-25 15:14:00,2010-11-25 15:19:00,0,1.0,2.0,3.1479541734860885,305.5,378,1
12386.0,660.8,2,568,36.71111111111111,2010-12-08 09:53:00,2011-01-06 12:37:00,29,0.9666666666666668,2.0689655172413794,1.1633802816901408,284.0,337,1
12387.0,143.94,1,134,15.993333333333332,2010-10-20 16:27:00,2010-10-20 16:27:00,0,1.0,1.0,1.074179104477612,134.0,414,1
12388.0,3901.11,8,2001,26.71993150684932,2010-05-06 12:54:00,2011-11-24 12:30:00,566,18.866666666666667,0.4240282685512367,1.9495802098950523,250.125,15,0
12389.0,1433.33,3,614,29.251632653061225,2010-02-22 10:15:00,2010-11-02 11:52:00,253,8.433333333333334,0.3557312252964427,2.334413680781759,204.66666666666663,402,1
12390.0,549.84,1,353,17.1825,2011-09-21 09:33:00,2011-09-21 09:33:00,0,1.0,1.0,1.5576203966005666,353.0,79,0
12391.0,2747.82,7,1212,9.574285714285717,2010-02-15 10:12:00,2011-11-18 12:07:00,641,21.366666666666667,0.3276131045241809,2.2671782178217823,173.14285714285714,21,0
12392.0,234.75000000000003,1,73,33.53571428571429,2010-04-27 14:04:00,2010-04-27 14:04:00,0,1.0,1.0,3.2157534246575348,73.0,590,1
12393.0,2376.75,7,1305,21.220982142857142,2010-10-07 13:49:00,2011-09-28 15:41:00,356,11.866666666666667,0.5898876404494382,1.821264367816092,186.42857142857144,71,0
12394.0,1272.48,2,819,47.12888888888889,2011-05-06 14:01:00,2011-10-07 08:08:00,153,5.1,0.3921568627450981,1.5536996336996338,409.5,63,0
12395.0,5046.92,18,3728,19.637821011673157,2010-04-16 10:16:00,2011-11-24 12:20:00,587,19.566666666666663,0.919931856899489,1.3537875536480688,207.11111111111111,15,0
12396.0,931.43,1,591,14.329692307692309,2010-02-03 13:22:00,2010-02-03 13:22:00,0,1.0,1.0,1.5760236886632826,591.0,673,1
12397.0,2409.9,2,1263,19.12619047619048,2011-07-27 14:21:00,2011-11-04 09:52:00,99,3.3,0.6060606060606061,1.908076009501188,631.5,35,0
12398.0,1635.66,1,1394,19.243058823529413,2011-10-25 10:27:00,2011-10-25 10:27:00,0,1.0,1.0,1.1733572453371592,1394.0,45,0
12399.0,1962.3,7,2198,17.83909090909091,2010-03-05 08:45:00,2011-08-12 13:15:00,525,17.5,0.4,0.8927661510464058,314.0,118,1
12400.0,205.25,1,91,18.65909090909091,2010-10-21 13:45:00,2010-10-21 13:45:00,0,1.0,1.0,2.255494505494505,91.0,413,1
12401.0,84.3,1,11,16.86,2011-02-09 13:50:00,2011-02-09 13:50:00,0,1.0,1.0,7.663636363636363,11.0,302,1
12402.0,1244.15,7,583,17.52323943661972,2010-02-07 12:41:00,2011-01-20 13:49:00,347,11.566666666666666,0.6051873198847262,2.134048027444254,83.28571428571429,322,1
12403.0,1001.36,3,259,100.136,2010-07-06 11:39:00,2011-10-21 11:00:00,471,15.7,0.1910828025477707,3.8662548262548255,86.33333333333333,49,0
12404.0,63.24,1,1,63.24,2010-01-26 16:25:00,2010-01-26 16:25:00,0,1.0,1.0,63.24,1.0,681,1
12405.0,1710.39,1,857,31.67388888888889,2011-07-14 08:52:00,2011-07-14 08:52:00,0,1.0,1.0,1.9957876312718787,857.0,148,1
12406.0,6072.21,7,3383,35.71888235294118,2010-01-11 14:04:00,2011-11-17 19:22:00,675,22.5,0.3111111111111111,1.7949187112030742,483.2857142857143,21,0
12407.0,1708.12,5,1416,22.18337662337662,2011-03-20 13:21:00,2011-10-21 10:11:00,214,7.133333333333334,0.7009345794392523,1.2062994350282483,283.2,49,0
12408.0,4279.64,14,2186,25.174352941176476,2010-07-29 13:27:00,2011-11-07 12:30:00,465,15.5,0.9032258064516128,1.957749313815188,156.14285714285714,32,0
12409.0,23090.47,13,13027,84.89143382352941,2010-05-23 15:21:00,2011-09-22 10:38:00,486,16.2,0.8024691358024691,1.772508635910033,1002.0769230769232,78,0
12410.0,1001.46,4,339,23.844285714285714,2010-07-25 13:26:00,2011-02-11 15:47:00,201,6.7,0.5970149253731343,2.9541592920353983,84.75,300,1
12411.0,346.90000000000003,1,138,15.76818181818182,2010-10-26 09:25:00,2010-10-26 09:25:00,0,1.0,1.0,2.513768115942029,138.0,409,1
12412.0,2581.03,8,1991,19.702519083969467,2010-06-18 13:22:00,2011-09-26 10:16:00,464,15.466666666666669,0.5172413793103449,1.2963485685585134,248.875,74,0
12413.0,935.5,6,315,17.650943396226417,2010-11-02 13:26:00,2011-10-04 09:00:00,335,11.166666666666666,0.5373134328358209,2.96984126984127,52.5,66,0
12414.0,692.41,8,301,18.713783783783786,2010-09-02 12:22:00,2011-05-06 14:51:00,246,8.2,0.9756097560975612,2.300365448504983,37.625,216,1
12415.0,143269.29,33,91315,144.71645454545455,2010-06-30 08:30:00,2011-11-15 14:22:00,503,16.766666666666666,1.9681908548707756,1.5689567978973882,2767.121212121212,23,0
12416.0,202.56,1,132,18.41454545454545,2010-02-21 10:19:00,2010-02-21 10:19:00,0,1.0,1.0,1.5345454545454549,132.0,656,1
12417.0,6708.21,27,2876,17.60685039370079,2009-12-06 10:30:00,2011-12-06 14:52:00,730,24.33333333333333,1.1095890410958904,2.3324791376912377,106.51851851851852,2,0
12418.0,2016.95,5,1087,19.582038834951454,2010-03-19 14:47:00,2011-08-19 11:08:00,517,17.233333333333334,0.2901353965183752,1.855519779208832,217.4,112,1
12419.0,503.01,2,231,20.1204,2010-10-22 10:40:00,2010-11-19 10:04:00,27,0.9,2.2222222222222223,2.177532467532468,115.5,385,1
12420.0,600.39,1,345,20.70310344827586,2011-10-07 08:55:00,2011-10-07 08:55:00,0,1.0,1.0,1.7402608695652173,345.0,63,0
12421.0,1092.83,8,647,16.31089552238806,2010-07-22 13:57:00,2011-11-24 09:07:00,489,16.3,0.4907975460122699,1.6890726429675424,80.875,15,0
12422.0,4119.35,21,2591,23.405397727272728,2009-12-18 12:44:00,2011-09-05 09:48:00,625,20.83333333333333,1.008,1.5898687765341568,123.38095238095238,95,1
12423.0,2612.19,11,1781,15.736084337349398,2010-08-31 09:31:00,2011-12-09 10:10:00,465,15.5,0.7096774193548387,1.4666984839977542,161.9090909090909,0,0
12424.0,3289.78,7,2015,33.91525773195877,2009-12-07 14:43:00,2011-06-30 12:06:00,569,18.966666666666665,0.3690685413005273,1.6326451612903228,287.85714285714283,162,1
12425.0,1680.81,3,1103,17.692736842105262,2010-09-17 14:10:00,2011-09-22 17:31:00,370,12.333333333333334,0.2432432432432432,1.5238531278331822,367.6666666666667,77,0
12426.0,1311.41,3,577,15.992804878048782,2010-02-15 08:41:00,2011-05-29 12:26:00,468,15.6,0.1923076923076923,2.272807625649913,192.33333333333331,194,1
12427.0,1011.87,5,315,22.486,2010-12-03 10:44:00,2011-11-28 10:48:00,360,12.0,0.4166666666666667,3.212285714285714,63.0,11,0
12428.0,7877.2,12,3503,26.25733333333333,2011-03-01 09:33:00,2011-11-14 08:22:00,257,8.566666666666666,1.4007782101167316,2.24870111333143,291.9166666666667,25,0
12429.0,7435.51,9,3224,42.73281609195402,2010-06-11 13:28:00,2011-11-30 17:22:00,537,17.9,0.5027932960893855,2.3062996277915637,358.22222222222223,8,0
12430.0,256.4,1,117,23.30909090909091,2011-10-27 15:09:00,2011-10-27 15:09:00,0,1.0,1.0,2.191452991452991,117.0,42,0
12431.0,10719.41,33,4661,25.95498789346247,2010-01-15 09:04:00,2011-11-04 11:55:00,658,21.933333333333334,1.5045592705167172,2.2998090538511047,141.24242424242425,35,0
12432.0,5059.32,5,1801,46.84555555555556,2011-06-20 13:27:00,2011-10-28 11:43:00,129,4.3,1.162790697674419,2.80917268184342,360.2,42,0
12433.0,20428.86,11,17115,28.89513437057992,2010-08-20 09:23:00,2011-12-09 10:02:00,476,15.866666666666667,0.6932773109243697,1.1936231375985975,1555.909090909091,0,0
12434.0,1062.48,5,511,14.357837837837838,2010-11-23 13:38:00,2011-09-16 12:38:00,296,9.866666666666667,0.5067567567567567,2.0792172211350293,102.2,84,0
12435.0,13925.93,6,4958,124.33866071428572,2009-12-02 13:58:00,2011-09-21 09:06:00,657,21.9,0.273972602739726,2.808779749899153,826.3333333333334,79,0
12436.0,509.0100000000001,1,211,31.813125000000003,2011-09-01 12:09:00,2011-09-01 12:09:00,0,1.0,1.0,2.4123696682464457,211.0,99,1
12437.0,12394.85,47,7931,21.26046312178388,2009-12-02 16:24:00,2011-12-08 11:35:00,735,24.5,1.9183673469387756,1.562835707981339,168.74468085106383,1,0
12438.0,2906.85,2,1180,29.66173469387755,2011-07-22 13:29:00,2011-11-25 13:28:00,125,4.166666666666667,0.48,2.4634322033898304,590.0,13,0
12439.0,1104.48,3,454,14.7264,2009-12-14 08:40:00,2010-01-26 12:11:00,43,1.4333333333333331,2.0930232558139537,2.432775330396476,151.33333333333334,682,1
12440.0,768.15,3,308,21.947142857142858,2009-12-22 12:03:00,2010-09-08 15:57:00,260,8.666666666666666,0.3461538461538462,2.4939935064935064,102.66666666666669,456,1
12441.0,347.1,1,242,15.77727272727273,2010-12-08 10:45:00,2010-12-08 10:45:00,0,1.0,1.0,1.434297520661157,242.0,366,1
12442.0,172.06,1,182,14.338333333333331,2011-12-06 14:22:00,2011-12-06 14:22:00,0,1.0,1.0,0.9453846153846154,182.0,2,0
12443.0,485.31,1,182,23.11,2009-12-07 15:42:00,2009-12-07 15:42:00,0,1.0,1.0,2.6665384615384617,182.0,731,1
12444.0,5005.46,5,1155,28.27943502824859,2011-06-21 14:00:00,2011-11-18 13:23:00,149,4.966666666666667,1.006711409395973,4.333731601731602,231.0,20,0
12445.0,426.48,3,204,17.0592,2010-10-15 12:28:00,2011-11-17 18:43:00,398,13.266666666666667,0.2261306532663316,2.090588235294118,68.0,21,0
12446.0,1002.31,1,352,17.281206896551726,2011-10-13 12:50:00,2011-10-13 12:50:00,0,1.0,1.0,2.847471590909091,352.0,57,0
12447.0,476.49,1,190,18.326538461538465,2011-04-10 13:25:00,2011-04-10 13:25:00,0,1.0,1.0,2.507842105263158,190.0,242,1
12448.0,449.45,1,243,20.42954545454545,2011-10-26 13:46:00,2011-10-26 13:46:00,0,1.0,1.0,1.8495884773662552,243.0,43,0
12449.0,4835.89,6,2282,24.05915422885572,2010-09-27 09:37:00,2011-11-17 13:46:00,416,13.866666666666667,0.4326923076923076,2.1191454864154253,380.3333333333333,21,0
12450.0,666.95,7,435,16.673750000000002,2010-08-22 13:11:00,2011-07-06 14:41:00,318,10.6,0.6603773584905661,1.5332183908045978,62.142857142857146,155,1
12451.0,12546.53,10,9226,24.40959143968872,2010-06-28 12:58:00,2011-11-29 08:40:00,518,17.266666666666666,0.5791505791505792,1.3599100368523738,922.6,10,0
12452.0,428.57,3,183,18.63347826086957,2011-11-23 08:05:00,2011-11-23 10:28:00,0,1.0,3.0,2.341912568306011,61.0,16,0
12453.0,707.09,1,473,16.443953488372095,2011-07-28 14:08:00,2011-07-28 14:08:00,0,1.0,1.0,1.4949048625792811,473.0,133,1
12454.0,4292.709999999999,9,2232,59.62097222222221,2010-01-26 16:24:00,2011-10-17 15:07:00,628,20.933333333333334,0.4299363057324841,1.923257168458781,248.0,52,0
12455.0,5879.95,10,3302,25.902863436123347,2009-12-18 12:33:00,2011-09-27 15:31:00,648,21.6,0.4629629629629629,1.7807238037552997,330.2,72,0
12456.0,3153.89,4,1616,24.44875968992248,2011-03-30 09:12:00,2011-10-26 14:41:00,210,7.0,0.5714285714285714,1.951664603960396,404.0,43,0
12457.0,2472.31,14,938,26.58397849462365,2010-09-30 17:59:00,2011-10-12 13:46:00,376,12.533333333333331,1.1170212765957448,2.635724946695096,67.0,57,0
12458.0,1777.49,4,986,21.16059523809524,2010-08-09 10:33:00,2011-09-29 15:25:00,416,13.866666666666667,0.2884615384615384,1.8027281947261664,246.5,70,0
12459.0,454.36,1,258,19.754782608695653,2010-04-13 14:53:00,2010-04-13 14:53:00,0,1.0,1.0,1.7610852713178295,258.0,604,1
12460.0,326.65,1,170,18.147222222222226,2010-09-09 13:51:00,2010-09-09 13:51:00,0,1.0,1.0,1.921470588235294,170.0,455,1
12461.0,826.88,2,287,23.62514285714286,2011-07-08 10:23:00,2011-09-06 16:57:00,60,2.0,1.0,2.881114982578397,143.5,93,1
12462.0,1124.01,4,514,15.61125,2011-02-09 14:44:00,2011-12-07 14:02:00,300,10.0,0.4,2.1867898832684824,128.5,1,0
12463.0,1303.63,7,757,14.813977272727271,2011-04-12 12:47:00,2011-10-24 13:43:00,195,6.5,1.0769230769230769,1.722100396301189,108.14285714285714,45,0
12464.0,1212.05,8,112,41.79482758620689,2011-02-03 13:30:00,2011-11-29 13:33:00,299,9.966666666666669,0.802675585284281,10.821875,14.0,9,0
12465.0,733.89,3,475,14.39,2011-06-23 13:37:00,2011-12-02 11:34:00,161,5.366666666666666,0.5590062111801243,1.5450315789473683,158.33333333333334,7,0
12466.0,56.73,1,1,56.73,2010-01-26 16:26:00,2010-01-26 16:26:00,0,1.0,1.0,56.73,1.0,681,1
12467.0,0.0,2,0,0.0,2010-10-12 15:41:00,2010-11-18 15:53:00,37,1.2333333333333334,1.6216216216216215,,0.0,385,1
12468.0,3624.55,10,2184,22.236503067484666,2010-01-19 12:13:00,2011-07-19 13:42:00,546,18.2,0.5494505494505495,1.6595924908424908,218.4,142,1
12469.0,3070.54,2,2552,40.40184210526316,2010-06-21 10:30:00,2010-07-05 12:40:00,14,0.4666666666666667,4.285714285714286,1.2031896551724135,1276.0,522,1
12470.0,211.95,1,95,9.215217391304348,2010-01-19 11:01:00,2010-01-19 11:01:00,0,1.0,1.0,2.2310526315789474,95.0,689,1
12471.0,37948.61,129,16458,29.236217257318952,2009-12-02 14:43:00,2011-12-07 15:43:00,735,24.5,5.26530612244898,2.3057850285575405,127.5813953488372,1,0
12472.0,16956.69,37,10910,16.164623450905623,2009-12-09 10:47:00,2011-11-09 11:33:00,700,23.33333333333333,1.585714285714286,1.5542337305224565,294.86486486486484,30,0
12473.0,2848.23,9,2363,15.911899441340784,2011-06-01 10:15:00,2011-11-10 13:48:00,162,5.4,1.6666666666666663,1.2053449005501482,262.55555555555554,28,0
12474.0,11966.45,54,7797,15.662892670157069,2010-02-11 09:41:00,2011-11-22 14:39:00,649,21.633333333333333,2.4961479198767336,1.5347505450814416,144.38888888888889,16,0
12475.0,1149.64,2,771,18.846557377049184,2010-10-26 08:49:00,2011-10-17 10:10:00,356,11.866666666666667,0.1685393258426966,1.4911024643320363,385.5,53,0
12476.0,13715.62,38,5549,24.318475177304965,2010-07-26 09:04:00,2011-12-08 14:08:00,500,16.666666666666668,2.28,2.4717282393224007,146.02631578947367,0,0
12477.0,20173.64,12,6086,35.2686013986014,2010-03-26 14:01:00,2011-11-17 09:51:00,600,20.0,0.6,3.3147617482747287,507.1666666666667,22,0
12478.0,680.99,1,236,18.91638888888889,2011-12-06 09:56:00,2011-12-06 09:56:00,0,1.0,1.0,2.885550847457627,236.0,3,0
12479.0,477.3,3,351,13.637142857142855,2011-11-28 13:26:00,2011-12-06 09:25:00,7,0.2333333333333333,12.857142857142858,1.35982905982906,117.0,3,0
12480.0,5435.1,8,2947,22.18408163265306,2010-07-20 13:21:00,2011-11-11 14:52:00,479,15.966666666666669,0.5010438413361169,1.8442823210044117,368.375,27,0
12481.0,12217.03,18,7115,30.929189873417723,2010-04-11 13:10:00,2011-11-17 08:29:00,584,19.466666666666665,0.9246575342465754,1.717080815179199,395.27777777777777,22,0
12482.0,21893.53,32,27039,105.76584541062802,2010-02-24 10:24:00,2010-09-16 12:20:00,204,6.8,4.705882352941177,0.8097019120529605,844.96875,449,1
12483.0,4846.87,27,2145,32.74912162162162,2010-01-31 13:28:00,2011-11-22 17:03:00,660,22.0,1.2272727272727273,2.259613053613053,79.44444444444444,16,0
12484.0,6303.85,16,3260,13.02448347107438,2009-12-03 10:57:00,2011-11-07 11:37:00,704,23.466666666666665,0.6818181818181819,1.933696319018405,203.75,32,0
12485.0,708.1,1,414,20.826470588235296,2010-06-28 15:22:00,2010-06-28 15:22:00,0,1.0,1.0,1.7103864734299516,414.0,528,1
12486.0,1037.28,1,523,21.16897959183673,2010-10-04 12:14:00,2010-10-04 12:14:00,0,1.0,1.0,1.983326959847036,523.0,431,1
12487.0,259.79999999999995,2,144,86.59999999999998,2009-12-09 09:16:00,2009-12-09 11:36:00,0,1.0,2.0,1.8041666666666665,72.0,730,1
12488.0,1298.66,3,529,23.612,2011-09-25 10:34:00,2011-11-30 08:50:00,65,2.1666666666666665,1.3846153846153848,2.454933837429112,176.33333333333334,9,0
12489.0,334.93,1,105,22.328666666666667,2011-01-07 13:13:00,2011-01-07 13:13:00,0,1.0,1.0,3.189809523809524,105.0,335,1
12490.0,9818.64,22,5902,21.20656587473002,2009-12-01 12:52:00,2011-12-04 16:07:00,733,24.433333333333334,0.9004092769440655,1.663612334801762,268.27272727272725,4,0
12491.0,460.4,1,260,17.70769230769231,2011-11-01 12:18:00,2011-11-01 12:18:00,0,1.0,1.0,1.7707692307692309,260.0,38,0
12492.0,715.21,3,444,17.028809523809525,2010-11-01 14:58:00,2011-10-07 15:15:00,340,11.333333333333334,0.2647058823529412,1.6108333333333331,148.0,62,0
12493.0,416.79,3,206,18.121304347826086,2011-05-26 14:53:00,2011-06-27 10:17:00,31,1.0333333333333334,2.9032258064516125,2.0232524271844663,68.66666666666667,165,1
12494.0,1743.52,17,961,14.291147540983609,2010-05-12 13:52:00,2011-11-30 09:21:00,566,18.866666666666667,0.901060070671378,1.814276795005203,56.52941176470589,9,0
12495.0,323.4,2,126,17.021052631578947,2010-03-09 10:53:00,2010-03-15 10:20:00,5,0.1666666666666666,12.0,2.5666666666666664,63.0,634,1
12496.0,54.09,2,33,4.160769230769231,2010-03-29 13:57:00,2010-03-29 14:06:00,0,1.0,2.0,1.6390909090909092,16.5,619,1
12497.0,6211.75,4,5684,107.09913793103448,2010-01-26 17:21:00,2011-09-19 12:29:00,600,20.0,0.2,1.0928483462350458,1421.0,81,0
12498.0,403.7000000000001,3,159,17.55217391304348,2011-10-13 09:30:00,2011-11-18 12:53:00,36,1.2,2.5,2.538993710691824,53.0,20,0
12499.0,393.72,1,302,14.582222222222224,2010-05-28 15:12:00,2010-05-28 15:12:00,0,1.0,1.0,1.303708609271523,302.0,559,1
12500.0,5872.31,25,3360,37.64301282051282,2010-02-04 15:05:00,2011-11-16 16:20:00,650,21.666666666666668,1.1538461538461535,1.7477113095238097,134.4,22,0
12501.0,2089.68,2,1722,13.0605,2011-01-07 12:28:00,2011-01-28 13:54:00,21,0.7,2.857142857142857,1.213519163763066,861.0,314,1
12502.0,3723.87,5,820,25.332448979591835,2011-02-03 10:41:00,2011-09-05 11:52:00,214,7.133333333333334,0.7009345794392523,4.541304878048781,164.0,95,1
12503.0,0.0,2,560,0.0,2010-05-04 13:59:00,2011-01-06 11:51:00,246,8.2,0.2439024390243902,0.0,280.0,337,1
12504.0,411.0,6,419,15.807692307692308,2010-04-22 10:24:00,2011-11-21 16:02:00,578,19.266666666666666,0.3114186851211072,0.9809069212410502,69.83333333333333,17,0
12505.0,908.0,3,313,19.31914893617021,2010-10-27 09:18:00,2011-02-11 13:39:00,107,3.566666666666667,0.8411214953271028,2.900958466453674,104.33333333333331,300,1
12506.0,73.5,1,23,3.1956521739130435,2011-04-21 08:54:00,2011-04-21 08:54:00,0,1.0,1.0,3.1956521739130435,23.0,232,1
12507.0,1797.31,5,1256,35.24137254901961,2010-05-04 09:23:00,2011-07-28 17:09:00,450,15.0,0.3333333333333333,1.4309792993630572,251.2,133,1
12508.0,398.27,2,272,5.772028985507246,2011-11-10 16:27:00,2011-11-13 15:37:00,2,0.0666666666666666,30.0,1.4642279411764705,136.0,25,0
12509.0,176.5,1,55,25.214285714285715,2011-02-28 14:45:00,2011-02-28 14:45:00,0,1.0,1.0,3.209090909090909,55.0,283,1
12510.0,3689.33,16,2018,23.95668831168831,2009-12-04 13:47:00,2011-07-20 10:15:00,592,19.73333333333333,0.8108108108108107,1.828211100099108,126.125,142,1
12511.0,3065.77,2,1748,15.802938144329897,2010-10-07 10:39:00,2010-10-21 10:58:00,14,0.4666666666666667,4.285714285714286,1.7538729977116705,874.0,414,1
12512.0,138.03,2,99,4.059705882352941,2011-10-04 14:53:00,2011-10-04 14:55:00,0,1.0,2.0,1.3942424242424245,49.5,65,0
12513.0,586.79,2,456,16.299722222222222,2011-08-19 10:51:00,2011-09-16 12:45:00,28,0.9333333333333332,2.142857142857143,1.2868201754385964,228.0,84,0
12514.0,1597.76,2,840,19.02095238095238,2010-03-08 12:18:00,2011-03-17 16:38:00,374,12.466666666666669,0.160427807486631,1.902095238095238,420.0,266,1
12515.0,383.7,1,131,23.98125,2010-12-21 15:43:00,2010-12-21 15:43:00,0,1.0,1.0,2.929007633587786,131.0,352,1
12516.0,2648.62,4,1952,35.792162162162164,2010-04-19 14:14:00,2011-09-23 09:13:00,521,17.366666666666667,0.2303262955854126,1.356875,488.0,77,0
12517.0,2464.89,6,1348,8.618496503496504,2011-06-02 15:13:00,2011-11-11 14:04:00,161,5.366666666666666,1.1180124223602486,1.828553412462908,224.66666666666663,27,0
12518.0,2056.89,5,1318,16.58782258064516,2011-08-21 13:18:00,2011-12-09 10:13:00,109,3.633333333333333,1.3761467889908257,1.5606145675265553,263.6,0,0
12519.0,695.19,3,388,16.552142857142858,2010-08-20 08:21:00,2011-10-07 09:26:00,413,13.766666666666667,0.2179176755447942,1.7917268041237115,129.33333333333334,63,0
12520.0,2582.51,6,1430,16.66135483870968,2011-03-11 11:35:00,2011-09-21 15:23:00,194,6.466666666666667,0.9278350515463918,1.805951048951049,238.33333333333331,78,0
12521.0,599.68,1,309,15.781052631578946,2011-07-20 10:51:00,2011-07-20 10:51:00,0,1.0,1.0,1.9407119741100325,309.0,142,1
12522.0,192.72,2,194,16.06,2011-10-19 14:41:00,2011-10-31 15:30:00,12,0.4,5.0,0.99340206185567,97.0,38,0
12523.0,4220.85,30,2248,15.927735849056605,2009-12-02 10:28:00,2011-12-08 11:46:00,736,24.53333333333333,1.2228260869565215,1.87760231316726,74.93333333333334,1,0
12524.0,11091.36,18,7173,45.83206611570248,2010-02-08 14:41:00,2011-11-30 15:31:00,660,22.0,0.8181818181818182,1.5462651610204936,398.5,8,0
12525.0,835.1800000000001,8,487,10.846493506493507,2009-12-04 10:10:00,2010-08-05 18:09:00,244,8.133333333333333,0.9836065573770492,1.7149486652977417,60.875,490,1
12526.0,1316.66,3,632,18.54450704225352,2011-09-06 14:19:00,2011-12-09 12:09:00,93,3.1,0.9677419354838708,2.0833227848101266,210.66666666666663,0,0
12527.0,735.51,5,526,22.9846875,2010-06-28 15:37:00,2011-09-19 11:55:00,447,14.9,0.3355704697986577,1.3983079847908746,105.2,81,0
12528.0,1922.28,8,750,20.234526315789477,2011-01-31 09:05:00,2011-11-30 14:40:00,303,10.1,0.7920792079207921,2.56304,93.75,8,0
12529.0,311.78000000000003,2,190,13.555652173913044,2010-06-29 13:10:00,2010-07-05 09:35:00,5,0.1666666666666666,12.0,1.6409473684210527,95.0,522,1
12530.0,3689.86,12,2698,22.77691358024692,2010-03-07 14:37:00,2011-10-11 12:34:00,582,19.4,0.6185567010309279,1.3676278724981468,224.83333333333331,59,0
12531.0,1899.05,3,1104,14.278571428571428,2010-01-22 14:17:00,2011-11-25 11:12:00,671,22.366666666666667,0.1341281669150521,1.7201539855072463,368.0,14,0
12532.0,349.83000000000004,1,153,21.864375000000003,2011-11-09 13:47:00,2011-11-09 13:47:00,0,1.0,1.0,2.2864705882352943,153.0,29,0
12533.0,1149.99,6,568,12.777666666666669,2009-12-01 11:50:00,2010-03-31 10:24:00,119,3.966666666666667,1.512605042016807,2.0246302816901407,94.66666666666669,618,1
12534.0,1089.18,1,651,17.28857142857143,2011-08-01 10:26:00,2011-08-01 10:26:00,0,1.0,1.0,1.6730875576036868,651.0,130,1
12535.0,716.35,2,219,21.069117647058825,2011-06-06 12:47:00,2011-09-09 08:48:00,94,3.1333333333333333,0.6382978723404256,3.271004566210046,109.5,91,1
12536.0,4106.82,5,2652,15.043296703296702,2011-10-11 14:52:00,2011-12-02 12:43:00,51,1.7,2.9411764705882355,1.548574660633484,530.4,7,0
12537.0,732.94,1,449,17.04511627906977,2010-10-27 08:36:00,2010-10-27 08:36:00,0,1.0,1.0,1.6323830734966591,449.0,408,1
12538.0,640.45,2,336,18.83676470588236,2010-11-26 13:02:00,2011-11-10 17:16:00,349,11.633333333333333,0.1719197707736389,1.9061011904761904,168.0,28,0
12539.0,9498.9,8,4534,18.809702970297028,2009-12-23 13:00:00,2011-11-17 13:30:00,694,23.133333333333333,0.345821325648415,2.095037494486105,566.75,21,0
12540.0,22107.29,36,11009,28.525535483870968,2009-12-07 16:56:00,2011-11-20 11:31:00,712,23.73333333333333,1.5168539325842696,2.0081106367517485,305.80555555555554,19,0
12541.0,981.18,3,680,18.868846153846157,2011-03-04 09:32:00,2011-11-10 10:40:00,251,8.366666666666667,0.3585657370517928,1.4429117647058822,226.66666666666663,29,0
12542.0,423.38,4,514,9.408444444444443,2010-03-09 16:26:00,2010-08-12 19:12:00,156,5.2,0.7692307692307692,0.8236964980544746,128.5,483,1
12543.0,980.25,1,688,22.796511627906977,2010-09-17 15:51:00,2010-09-17 15:51:00,0,1.0,1.0,1.424781976744186,688.0,447,1
12544.0,355.7,2,132,17.785,2011-11-03 16:15:00,2011-11-10 11:12:00,6,0.2,10.0,2.69469696969697,66.0,29,0
12545.0,1000.39,2,523,20.0078,2011-03-25 12:04:00,2011-09-25 13:39:00,184,6.133333333333334,0.3260869565217391,1.912791586998088,261.5,74,0
12546.0,1141.5,3,617,16.307142857142857,2011-09-23 09:44:00,2011-10-24 12:09:00,31,1.0333333333333334,2.9032258064516125,1.8500810372771477,205.66666666666663,46,0
12547.0,383.58,3,309,18.265714285714285,2010-07-27 13:55:00,2011-05-26 12:38:00,302,10.066666666666666,0.2980132450331126,1.241359223300971,103.0,197,1
12548.0,95.2,1,49,19.04,2011-06-26 15:35:00,2011-06-26 15:35:00,0,1.0,1.0,1.9428571428571424,49.0,165,1
12549.0,1575.68,6,1366,32.15673469387755,2010-01-11 12:29:00,2010-05-13 12:05:00,121,4.033333333333333,1.487603305785124,1.1534992679355784,227.66666666666663,575,1
12550.0,964.83,1,569,16.92684210526316,2011-09-21 14:35:00,2011-09-21 14:35:00,0,1.0,1.0,1.695659050966608,569.0,78,0
12551.0,168.0,1,100,16.8,2010-12-17 11:23:00,2010-12-17 11:23:00,0,1.0,1.0,1.68,100.0,357,1
12552.0,437.82,2,88,21.891,2011-10-31 12:11:00,2011-11-01 10:02:00,0,1.0,2.0,4.975227272727273,44.0,38,0
12553.0,4548.82,17,2282,18.642704918032784,2010-10-12 13:35:00,2011-12-01 16:38:00,415,13.833333333333334,1.2289156626506024,1.993347940403155,134.23529411764707,7,0
12554.0,468.5,1,240,18.01923076923077,2010-09-17 12:29:00,2010-09-17 12:29:00,0,1.0,1.0,1.9520833333333332,240.0,448,1
12555.0,129.23,1,1,129.23,2010-01-26 16:26:00,2010-01-26 16:26:00,0,1.0,1.0,129.23,1.0,681,1
12556.0,603.71,2,358,4.989338842975207,2011-07-11 13:35:00,2011-10-20 13:06:00,100,3.333333333333333,0.6,1.686340782122905,179.0,49,0
12557.0,18716.14,8,6782,322.69206896551725,2009-12-17 10:39:00,2011-11-23 16:59:00,706,23.53333333333333,0.3399433427762039,2.7596785608964907,847.75,15,0
12558.0,0.0,2,0,0.0,2011-12-02 10:41:00,2011-12-08 10:14:00,5,0.1666666666666666,12.0,,0.0,1,0
12559.0,536.21,3,281,24.37318181818182,2011-01-24 10:12:00,2011-02-02 09:49:00,8,0.2666666666666666,11.25,1.908220640569395,93.66666666666669,310,1
12560.0,2101.39,4,1078,18.93144144144144,2011-07-19 15:55:00,2011-12-04 13:54:00,137,4.566666666666666,0.8759124087591241,1.9493413729128013,269.5,4,0
12561.0,238.85,1,177,14.928125,2011-02-10 11:39:00,2011-02-10 11:39:00,0,1.0,1.0,1.3494350282485876,177.0,302,1
12562.0,4966.92,9,2327,23.99478260869565,2010-09-30 13:13:00,2011-12-01 17:20:00,427,14.233333333333333,0.6323185011709602,2.134473571121616,258.55555555555554,7,0
12563.0,249.24,1,113,19.17230769230769,2010-10-27 09:52:00,2010-10-27 09:52:00,0,1.0,1.0,2.2056637168141595,113.0,408,1
12564.0,456.9,1,133,21.757142857142856,2011-03-23 14:55:00,2011-03-23 14:55:00,0,1.0,1.0,3.4353383458646616,133.0,260,1
12565.0,131.17,2,75,13.117,2011-02-24 10:34:00,2011-03-03 11:43:00,7,0.2333333333333333,8.571428571428571,1.7489333333333332,37.5,281,1
12566.0,346.7,2,264,17.335,2011-09-14 14:30:00,2011-09-28 09:57:00,13,0.4333333333333333,4.615384615384615,1.3132575757575755,132.0,72,0
12567.0,13393.82,17,5864,20.355349544072947,2010-02-11 10:30:00,2011-11-17 11:02:00,644,21.466666666666665,0.7919254658385094,2.284075716234652,344.94117647058823,22,0
12568.0,70.0,1,48,14.0,2010-03-05 09:15:00,2010-03-05 09:15:00,0,1.0,1.0,1.4583333333333333,48.0,644,1
12569.0,4064.99,35,1793,21.282670157068065,2011-04-01 13:47:00,2011-12-07 16:24:00,250,8.333333333333334,4.199999999999999,2.267144450641384,51.22857142857143,1,0
12570.0,77.52,1,1,77.52,2010-01-26 17:28:00,2010-01-26 17:28:00,0,1.0,1.0,77.52,1.0,681,1
12571.0,519.61,2,523,15.28264705882353,2011-08-10 12:35:00,2011-10-31 10:19:00,81,2.7,0.7407407407407407,0.9935181644359464,261.5,39,0
12572.0,1004.72,3,450,16.205161290322582,2011-10-19 08:20:00,2011-12-01 09:20:00,43,1.4333333333333331,2.0930232558139537,2.232711111111111,150.0,8,0
12573.0,717.41,5,479,6.028655462184874,2010-08-31 17:25:00,2011-04-26 15:52:00,237,7.9,0.6329113924050632,1.497724425887265,95.8,226,1
12574.0,218.45,1,61,19.85909090909091,2011-01-28 09:20:00,2011-01-28 09:20:00,0,1.0,1.0,3.581147540983607,61.0,315,1
12575.0,622.8199999999999,2,315,16.389999999999997,2010-07-01 09:15:00,2010-09-08 13:09:00,69,2.3,0.8695652173913044,1.977206349206349,157.5,456,1
12576.0,2083.87,11,1479,14.175986394557825,2010-07-01 13:46:00,2011-11-04 10:11:00,490,16.333333333333332,0.6734693877551021,1.408972278566599,134.45454545454547,35,0
12577.0,1591.35,9,1191,5.251980198019802,2009-12-03 19:31:00,2011-11-04 13:28:00,700,23.33333333333333,0.3857142857142857,1.336146095717884,132.33333333333334,34,0
12578.0,4572.45,7,2334,25.262154696132598,2010-09-22 11:19:00,2011-11-18 13:30:00,422,14.066666666666666,0.4976303317535545,1.9590616966580976,333.42857142857144,20,0
12579.0,410.72,3,278,13.249032258064515,2011-09-22 17:15:00,2011-09-27 13:57:00,4,0.1333333333333333,22.5,1.477410071942446,92.66666666666669,72,0
12580.0,1052.9,2,569,18.153448275862072,2010-05-12 11:45:00,2011-04-07 10:24:00,329,10.966666666666669,0.182370820668693,1.850439367311072,284.5,246,1
12581.0,197.71,1,161,13.180666666666667,2011-10-31 08:56:00,2011-10-31 08:56:00,0,1.0,1.0,1.2280124223602484,161.0,39,0
12582.0,1980.4,4,985,19.22718446601942,2010-05-11 09:55:00,2011-04-15 08:45:00,338,11.266666666666667,0.3550295857988165,2.010558375634518,246.25,238,1
12583.0,14344.9,31,8932,30.456263269639063,2009-12-06 11:57:00,2011-12-07 08:07:00,730,24.33333333333333,1.273972602739726,1.606012091356919,288.1290322580645,2,0
12584.0,1893.95,18,354,15.031349206349208,2011-03-04 15:15:00,2011-12-06 09:35:00,276,9.2,1.956521739130435,5.350141242937854,19.666666666666668,3,0
12585.0,1982.81,4,1258,20.441340206185565,2010-12-23 12:58:00,2011-04-19 13:39:00,117,3.9,1.0256410256410258,1.5761605723370429,314.5,233,1
12586.0,2028.67,5,683,21.131979166666667,2009-12-16 13:15:00,2011-11-22 16:24:00,706,23.53333333333333,0.2124645892351274,2.970234260614934,136.6,16,0
12587.0,144.0,1,51,36.0,2011-12-02 12:47:00,2011-12-02 12:47:00,0,1.0,1.0,2.823529411764706,51.0,7,0
12588.0,938.98,5,434,19.562083333333334,2010-04-21 12:22:00,2011-10-31 15:01:00,558,18.6,0.2688172043010752,2.163548387096774,86.8,38,0
12589.0,3094.17,11,1369,14.595141509433963,2010-01-19 12:26:00,2011-11-11 10:19:00,660,22.0,0.5,2.2601680058436817,124.45454545454544,28,0
12590.0,9853.48,5,4277,136.8538888888889,2010-04-12 07:20:00,2011-06-02 14:25:00,416,13.866666666666667,0.3605769230769231,2.3038297872340423,855.4,189,1
12591.0,1352.15,3,677,19.596376811594205,2010-10-27 10:42:00,2011-01-26 14:35:00,91,3.033333333333333,0.989010989010989,1.997267355982275,225.66666666666663,316,1
12592.0,1152.62,8,1872,13.721666666666666,2010-07-08 14:06:00,2011-09-08 15:04:00,427,14.233333333333333,0.5620608899297425,0.6157158119658119,234.0,91,1
12593.0,418.1,3,206,19.909523809523808,2011-05-05 09:29:00,2011-08-23 12:43:00,110,3.6666666666666665,0.8181818181818182,2.0296116504854367,68.66666666666667,108,1
12594.0,5044.51,17,2743,24.97282178217822,2010-03-03 13:51:00,2011-11-02 12:20:00,608,20.266666666666666,0.8388157894736843,1.8390484870579655,161.35294117647058,37,0
12595.0,299.02,1,271,15.737894736842104,2010-07-23 09:10:00,2010-07-23 09:10:00,0,1.0,1.0,1.1033948339483397,271.0,504,1
12596.0,618.27,2,474,22.898888888888887,2011-04-11 13:22:00,2011-10-19 13:02:00,190,6.333333333333333,0.3157894736842105,1.3043670886075949,237.0,50,0
12597.0,3683.13,5,2187,17.21088785046729,2011-03-16 14:00:00,2011-11-20 13:33:00,248,8.266666666666667,0.6048387096774193,1.6841015089163238,437.4,18,0
12598.0,4414.67,15,2840,20.92260663507109,2010-03-01 09:58:00,2011-11-30 12:18:00,639,21.3,0.704225352112676,1.5544612676056335,189.33333333333331,9,0
12599.0,2296.72,13,2189,17.268571428571427,2010-05-11 10:42:00,2011-11-10 13:34:00,548,18.266666666666666,0.7116788321167884,1.049209684787574,168.3846153846154,28,0
12600.0,4955.79,26,1405,35.3985,2009-12-07 13:37:00,2011-11-11 10:29:00,703,23.433333333333334,1.1095305832147937,3.5272526690391457,54.03846153846154,28,0
12601.0,673.76,7,289,19.250285714285717,2010-10-31 10:57:00,2011-06-03 10:17:00,214,7.133333333333334,0.9813084112149532,2.331349480968858,41.285714285714285,189,1
12602.0,153.12,1,162,12.76,2011-10-12 11:22:00,2011-10-12 11:22:00,0,1.0,1.0,0.9451851851851852,162.0,58,0
12603.0,739.1999999999999,1,64,246.4,2011-11-18 10:42:00,2011-11-18 10:42:00,0,1.0,1.0,11.55,64.0,21,0
12604.0,254.18,2,201,15.88625,2011-03-23 12:06:00,2011-09-21 14:08:00,182,6.066666666666666,0.3296703296703296,1.2645771144278608,100.5,78,0
12605.0,1217.95,5,921,14.853048780487804,2010-09-07 14:21:00,2010-12-09 15:41:00,93,3.1,1.6129032258064515,1.3224212812160696,184.2,364,1
12606.0,21.0,1,1,21.0,2010-01-26 16:23:00,2010-01-26 16:23:00,0,1.0,1.0,21.0,1.0,681,1
12607.0,2.664535259100376e-15,2,0,1.31907686094078e-17,2011-10-10 16:06:00,2011-10-12 16:17:00,2,0.0666666666666666,30.0,inf,0.0,57,0
12608.0,415.79,1,323,25.986875,2010-10-31 10:49:00,2010-10-31 10:49:00,0,1.0,1.0,1.2872755417956656,323.0,404,1
12609.0,3417.86,10,1552,19.419659090909093,2009-12-20 13:30:00,2011-09-22 16:34:00,641,21.366666666666667,0.4680187207488299,2.202229381443299,155.2,77,0
12610.0,2057.99,7,1028,18.54045045045045,2011-08-05 13:52:00,2011-11-17 09:34:00,103,3.433333333333333,2.0388349514563107,2.0019357976653693,146.85714285714286,22,0
12611.0,1193.32,1,846,18.35876923076923,2011-10-18 13:12:00,2011-10-18 13:12:00,0,1.0,1.0,1.4105437352245862,846.0,51,0
12612.0,643.59,2,251,30.64714285714286,2011-09-26 15:35:00,2011-10-13 12:12:00,16,0.5333333333333333,3.75,2.564103585657371,125.5,57,0
12613.0,6591.52,13,4043,18.995734870317005,2009-12-14 13:10:00,2011-11-08 13:30:00,694,23.133333333333333,0.5619596541786743,1.630353697749196,311.0,30,0
12614.0,315.6,1,76,15.78,2011-03-07 10:22:00,2011-03-07 10:22:00,0,1.0,1.0,4.152631578947369,76.0,277,1
12615.0,5564.88,11,3295,20.017553956834533,2009-12-01 12:09:00,2011-12-07 15:02:00,736,24.53333333333333,0.4483695652173913,1.688886191198786,299.54545454545456,1,0
12616.0,1045.35,7,481,17.71779661016949,2010-11-16 11:38:00,2011-09-15 17:02:00,303,10.1,0.6930693069306931,2.173284823284823,68.71428571428571,84,0
12617.0,355.53,1,213,8.465,2011-11-10 14:39:00,2011-11-10 14:39:00,0,1.0,1.0,1.6691549295774646,213.0,28,0
12618.0,177.31,1,96,16.11909090909091,2011-11-18 11:10:00,2011-11-18 11:10:00,0,1.0,1.0,1.8469791666666664,96.0,21,0
12619.0,3354.95,14,3494,31.95190476190476,2010-05-28 12:52:00,2011-11-23 14:52:00,544,18.133333333333333,0.7720588235294118,0.9602032054951344,249.57142857142856,15,0
12620.0,1339.41,3,1181,14.558804347826088,2011-05-19 12:10:00,2011-11-25 10:20:00,189,6.3,0.4761904761904762,1.1341320914479256,393.6666666666667,14,0
12621.0,24579.31,44,13875,31.27138676844784,2010-02-09 12:01:00,2011-12-08 11:25:00,666,22.2,1.981981981981982,1.771481801801802,315.34090909090907,1,0
12622.0,180.1,1,69,16.37272727272727,2011-04-21 16:39:00,2011-04-21 16:39:00,0,1.0,1.0,2.610144927536232,69.0,231,1
12623.0,3639.84,9,1966,20.680909090909093,2010-01-12 11:45:00,2011-03-08 13:50:00,420,14.0,0.6428571428571429,1.8513936927772128,218.44444444444449,275,1
12624.0,641.13,2,355,16.87184210526316,2011-06-15 12:34:00,2011-08-25 15:04:00,71,2.3666666666666667,0.8450704225352113,1.806,177.5,105,1
12625.0,5095.38,5,3274,27.10308510638298,2010-04-22 11:33:00,2011-05-12 09:54:00,384,12.8,0.390625,1.5563164324984728,654.8,211,1
12626.0,6388.35,13,3350,20.808957654723127,2011-01-17 11:01:00,2011-11-16 16:06:00,303,10.1,1.2871287128712872,1.9069701492537317,257.6923076923077,22,0
12627.0,4478.53,7,2752,19.47186956521739,2011-07-22 13:59:00,2011-11-29 12:07:00,129,4.3,1.627906976744186,1.6273728197674415,393.1428571428572,10,0
12628.0,769.61,4,445,17.897906976744185,2011-10-06 09:28:00,2011-12-05 13:15:00,60,2.0,2.0,1.729460674157303,111.25,3,0
12629.0,1558.22,2,722,34.62711111111111,2010-10-12 16:40:00,2010-11-19 09:18:00,37,1.2333333333333334,1.6216216216216215,2.15819944598338,361.0,385,1
12630.0,1270.88,2,548,19.8575,2011-10-27 10:41:00,2011-11-30 10:48:00,34,1.1333333333333333,1.7647058823529411,2.319124087591241,274.0,9,0
12631.0,3452.27,7,1593,18.56059139784946,2010-01-15 14:50:00,2011-10-13 13:53:00,635,21.166666666666668,0.3307086614173228,2.1671500313873198,227.57142857142856,56,0
12632.0,738.88,4,668,19.44421052631579,2010-05-24 09:07:00,2010-07-07 09:39:00,44,1.4666666666666666,2.7272727272727275,1.1061077844311378,167.0,520,1
12633.0,5595.21,10,3207,17.876070287539935,2010-07-02 11:44:00,2011-10-12 11:40:00,466,15.533333333333331,0.6437768240343348,1.744686623012161,320.7,58,0
12634.0,490.0,2,337,24.5,2010-06-09 15:41:00,2010-06-22 10:05:00,12,0.4,5.0,1.454005934718101,168.5,535,1
12635.0,2930.41,4,1949,16.37100558659218,2010-09-09 10:50:00,2011-09-11 11:04:00,367,12.233333333333333,0.326975476839237,1.5035454079014878,487.25,89,0
12636.0,141.0,1,1,141.0,2009-12-01 09:55:00,2009-12-01 09:55:00,0,1.0,1.0,141.0,1.0,738,1
12637.0,8271.66,14,4272,12.944694835680751,2010-06-14 13:36:00,2011-10-03 13:46:00,476,15.866666666666667,0.8823529411764706,1.93625,305.1428571428572,66,0
12638.0,921.49,2,663,19.19770833333333,2010-03-10 10:30:00,2011-11-06 13:11:00,606,20.2,0.099009900990099,1.3898793363499249,331.5,32,0
12639.0,1312.37,3,631,20.50578125,2010-03-22 09:05:00,2011-04-15 12:48:00,389,12.966666666666669,0.2313624678663239,2.079825673534073,210.33333333333331,238,1
12640.0,1174.58,3,311,22.16188679245283,2011-09-19 12:01:00,2011-11-16 11:52:00,57,1.9,1.5789473684210529,3.7767845659163983,103.66666666666669,23,0
12641.0,185.9,1,72,18.59,2011-08-16 13:26:00,2011-08-16 13:26:00,0,1.0,1.0,2.5819444444444444,72.0,114,1
12642.0,1013.26,3,552,21.55872340425532,2011-08-24 09:23:00,2011-11-14 15:03:00,82,2.7333333333333334,1.0975609756097562,1.8356159420289853,184.0,24,0
12643.0,7880.900000000001,14,4477,140.73035714285714,2010-04-07 14:16:00,2011-08-03 12:56:00,482,16.066666666666666,0.8713692946058091,1.760308242126424,319.7857142857143,127,1
12644.0,1815.54,6,1001,14.760487804878048,2010-01-14 13:02:00,2011-08-02 10:33:00,564,18.8,0.3191489361702127,1.8137262737262736,166.83333333333334,129,1
12645.0,3499.1,10,2089,21.46687116564417,2010-02-09 10:49:00,2011-11-06 12:38:00,635,21.166666666666668,0.4724409448818897,1.67501196744854,208.9,33,0
12646.0,1346.97,2,897,29.932666666666663,2011-10-21 12:52:00,2011-12-05 10:14:00,44,1.4666666666666666,1.3636363636363638,1.5016387959866222,448.5,4,0
12647.0,17682.79,45,6813,30.8062543554007,2010-01-13 15:06:00,2011-11-17 12:56:00,672,22.4,2.008928571428572,2.5954484074563338,151.4,21,0
12648.0,1097.0,5,514,16.62121212121212,2010-01-07 18:38:00,2011-07-08 11:55:00,546,18.2,0.2747252747252747,2.1342412451361867,102.8,154,1
12649.0,2238.7,10,1930,18.054032258064517,2010-01-12 17:24:00,2011-08-24 14:41:00,588,19.6,0.5102040816326531,1.1599481865284973,193.0,106,1
12650.0,314.44,1,254,15.722,2011-12-06 16:34:00,2011-12-06 16:34:00,0,1.0,1.0,1.237952755905512,254.0,2,0
12651.0,365.3,5,262,11.415625,2010-08-31 15:21:00,2011-01-09 12:46:00,130,4.333333333333333,1.153846153846154,1.3942748091603054,52.4,334,1
12652.0,1011.58,3,533,18.732962962962965,2010-10-01 15:16:00,2011-01-21 17:01:00,112,3.733333333333333,0.8035714285714286,1.8978986866791745,177.66666666666666,321,1
12653.0,4160.83,3,1681,48.38174418604651,2010-07-01 09:56:00,2011-07-14 10:41:00,378,12.6,0.2380952380952381,2.4752111838191557,560.3333333333334,148,1
12654.0,601.98,5,264,15.841578947368422,2011-02-17 13:16:00,2011-11-29 10:10:00,284,9.466666666666669,0.528169014084507,2.2802272727272728,52.8,10,0
12655.0,261.35,1,80,16.334375,2010-10-12 09:17:00,2010-10-12 09:17:00,0,1.0,1.0,3.266875,80.0,423,1
12656.0,6320.78,12,2841,24.983320158102767,2010-05-26 09:00:00,2011-11-22 13:42:00,545,18.166666666666668,0.6605504587155963,2.2248433650123194,236.75,16,0
12657.0,1152.06,5,654,20.5725,2011-09-22 11:40:00,2011-11-28 15:47:00,67,2.2333333333333334,2.238805970149253,1.761559633027523,130.8,10,0
12658.0,686.05,1,320,19.056944444444444,2011-11-21 10:22:00,2011-11-21 10:22:00,0,1.0,1.0,2.14390625,320.0,18,0
12659.0,91.68,1,105,18.336,2011-11-10 11:53:00,2011-11-10 11:53:00,0,1.0,1.0,0.8731428571428572,105.0,29,0
12660.0,245.1,1,127,18.853846153846156,2011-11-28 13:26:00,2011-11-28 13:26:00,0,1.0,1.0,1.92992125984252,127.0,10,0
12661.0,162.0,1,216,14.727272727272728,2010-09-29 16:46:00,2010-09-29 16:46:00,0,1.0,1.0,0.75,216.0,435,1
12662.0,6949.17,22,3560,16.907956204379563,2010-04-01 09:50:00,2011-12-09 11:59:00,617,20.566666666666663,1.0696920583468397,1.95201404494382,161.8181818181818,0,0
12663.0,204.0,3,169,18.545454545454547,2010-02-09 14:28:00,2010-03-25 09:40:00,43,1.4333333333333331,2.0930232558139537,1.2071005917159765,56.333333333333336,624,1
12664.0,6052.04,12,1494,131.56608695652173,2009-12-13 10:28:00,2011-12-01 17:07:00,718,23.933333333333334,0.5013927576601671,4.050896921017403,124.5,7,0
12665.0,301.45,5,157,14.354761904761904,2010-02-08 15:11:00,2011-01-19 08:34:00,344,11.466666666666669,0.436046511627907,1.920063694267516,31.4,324,1
12666.0,1020.98,2,314,30.93878787878788,2010-11-10 16:40:00,2010-12-15 14:42:00,34,1.1333333333333333,1.7647058823529411,3.251528662420382,157.0,358,1
12667.0,620.13,1,395,18.791818181818183,2011-10-12 17:00:00,2011-10-12 17:00:00,0,1.0,1.0,1.5699493670886076,395.0,57,0
12668.0,11380.71,12,5037,20.84379120879121,2010-01-31 15:45:00,2011-12-02 15:10:00,669,22.3,0.5381165919282511,2.259422275163788,419.75,6,0
12669.0,1607.73,4,1114,15.762058823529411,2011-03-28 10:15:00,2011-07-12 09:54:00,105,3.5,1.1428571428571428,1.4432046678635548,278.5,150,1
12670.0,3750.39,8,1621,32.05461538461538,2010-02-11 10:13:00,2011-11-29 15:23:00,656,21.866666666666667,0.3658536585365853,2.313627390499692,202.625,9,0
12671.0,2622.481,1,1460,58.27735555555556,2010-04-12 16:30:00,2010-04-12 16:30:00,0,1.0,1.0,1.7962198630136987,1460.0,605,1
12672.0,410.5,3,131,16.42,2010-04-23 09:57:00,2011-01-14 09:20:00,265,8.833333333333334,0.3396226415094339,3.133587786259542,43.66666666666666,329,1
12673.0,1230.02,3,700,16.62189189189189,2010-11-03 10:46:00,2011-12-04 13:55:00,396,13.2,0.2272727272727273,1.7571714285714286,233.33333333333331,4,0
12674.0,1919.31,7,1102,21.09131868131868,2011-05-16 09:10:00,2011-11-28 12:22:00,196,6.533333333333333,1.0714285714285714,1.741660617059891,157.42857142857142,11,0
12675.0,934.8,4,335,8.128695652173912,2010-05-10 16:44:00,2010-06-04 09:49:00,24,0.8,5.0,2.79044776119403,83.75,553,1
12676.0,2773.09,12,1865,25.67675925925926,2010-08-13 13:29:00,2011-11-15 12:25:00,458,15.266666666666667,0.7860262008733624,1.4869115281501342,155.41666666666666,24,0
12677.0,389.3,3,174,16.92608695652174,2009-12-07 14:38:00,2010-06-02 14:30:00,176,5.866666666666666,0.5113636363636364,2.2373563218390804,58.0,554,1
12678.0,33851.13,23,22233,88.84811023622046,2010-01-07 16:46:00,2011-10-28 13:04:00,658,21.933333333333334,1.0486322188449848,1.522562407232492,966.6521739130436,41,0
12679.0,1058.67,9,530,18.90482142857143,2011-03-01 12:26:00,2011-10-18 13:43:00,231,7.7,1.1688311688311688,1.997490566037736,58.888888888888886,51,0
12680.0,880.81,4,444,16.619056603773583,2011-08-18 15:44:00,2011-12-09 12:50:00,112,3.733333333333333,1.0714285714285714,1.9838063063063065,111.0,0,0
12681.0,30551.76,56,17500,20.449638554216868,2009-12-13 13:31:00,2011-11-25 11:35:00,711,23.7,2.3628691983122363,1.7458148571428571,312.5,14,0
12682.0,23945.81,53,11009,22.98062380038388,2009-12-01 09:28:00,2011-12-06 10:00:00,735,24.5,2.163265306122449,2.175112180942865,207.71698113207543,3,0
12683.0,12418.6,27,7597,22.136541889483063,2009-12-13 15:01:00,2011-12-05 16:31:00,722,24.066666666666663,1.1218836565096952,1.6346715808871923,281.3703703703704,3,0
12684.0,2283.63,7,1985,21.748857142857144,2011-05-10 12:55:00,2011-12-02 09:53:00,205,6.833333333333333,1.024390243902439,1.1504433249370278,283.57142857142856,7,0
12685.0,2863.08,6,1523,18.23617834394904,2011-09-07 10:28:00,2011-11-11 13:46:00,65,2.1666666666666665,2.7692307692307696,1.8798949441891004,253.83333333333331,27,0
12686.0,178.28,1,214,12.734285714285717,2010-12-03 09:51:00,2010-12-03 09:51:00,0,1.0,1.0,0.8330841121495327,214.0,371,1
12687.0,2138.91,2,1403,16.97547619047619,2010-08-16 12:10:00,2010-08-16 12:12:00,0,1.0,2.0,1.524526015680684,701.5,480,1
12688.0,4873.81,1,3028,28.501812865497072,2011-08-18 08:49:00,2011-08-18 08:49:00,0,1.0,1.0,1.6095805812417436,3028.0,113,1
12689.0,1247.61,2,628,17.327916666666667,2011-08-04 10:04:00,2011-11-14 08:31:00,101,3.3666666666666667,0.594059405940594,1.9866401273885348,314.0,25,0
12690.0,389.01,1,106,24.313125,2011-05-18 09:09:00,2011-05-18 09:09:00,0,1.0,1.0,3.669905660377359,106.0,205,1
12691.0,1170.4,7,445,30.010256410256414,2010-10-15 12:00:00,2011-11-11 16:49:00,392,13.066666666666666,0.5357142857142857,2.630112359550562,63.57142857142857,27,0
12692.0,110.95,1,36,8.534615384615385,2010-03-12 14:02:00,2010-03-12 14:02:00,0,1.0,1.0,3.0819444444444444,36.0,636,1
12693.0,1640.42,11,524,19.76409638554217,2010-07-05 13:56:00,2011-08-11 09:16:00,401,13.366666666666667,0.8229426433915211,3.130572519083969,47.63636363636363,120,1
12694.0,1839.45,4,1353,21.898214285714285,2010-10-14 19:39:00,2011-09-30 13:06:00,350,11.666666666666666,0.3428571428571428,1.3595343680709535,338.25,69,0
12695.0,1407.12,7,454,23.84949152542373,2010-02-12 13:22:00,2011-12-02 13:22:00,658,21.933333333333334,0.3191489361702128,3.0993832599118947,64.85714285714286,6,0
12696.0,801.15,3,563,16.023,2010-01-26 16:39:00,2010-10-01 10:43:00,247,8.233333333333333,0.3643724696356276,1.4230017761989342,187.66666666666663,434,1
12697.0,939.02,5,499,21.83767441860465,2011-06-23 15:44:00,2011-11-18 16:17:00,148,4.933333333333334,1.0135135135135134,1.8818036072144289,99.8,20,0
12698.0,339.75,1,111,21.234375,2010-04-28 15:51:00,2010-04-28 15:51:00,0,1.0,1.0,3.060810810810811,111.0,589,1
12699.0,638.11,1,373,15.563658536585368,2010-10-18 12:07:00,2010-10-18 12:07:00,0,1.0,1.0,1.710750670241287,373.0,417,1
12700.0,4867.99,6,2963,18.029592592592596,2011-05-08 16:10:00,2011-12-02 10:49:00,207,6.9,0.8695652173913043,1.6429260884238943,493.8333333333333,7,0
12701.0,2446.41,6,1727,16.642244897959184,2010-03-16 13:23:00,2011-09-21 10:47:00,553,18.433333333333334,0.325497287522604,1.416566299942096,287.8333333333333,79,0
12702.0,219.0,1,53,18.25,2011-11-20 10:36:00,2011-11-20 10:36:00,0,1.0,1.0,4.132075471698113,53.0,19,0
12703.0,892.18,7,539,10.621190476190476,2010-01-24 12:05:00,2011-10-06 19:23:00,620,20.666666666666668,0.3387096774193548,1.6552504638218923,77.0,63,0
12704.0,2220.84,10,1003,24.676,2011-06-23 10:20:00,2011-12-02 13:15:00,162,5.4,1.851851851851852,2.21419740777667,100.3,6,0
12705.0,11554.0,22,7108,18.456869009584665,2009-12-03 10:26:00,2011-11-24 13:17:00,721,24.03333333333333,0.9153952843273232,1.6254924029262805,323.09090909090907,14,0
12706.0,-91.89,1,-1,-91.89,2010-01-26 16:25:00,2010-01-26 16:25:00,0,1.0,1.0,91.89,-1.0,681,1
12707.0,603.4200000000001,1,256,18.28545454545455,2011-02-21 08:38:00,2011-02-21 08:38:00,0,1.0,1.0,2.3571093750000003,256.0,291,1
12708.0,5118.16,30,2466,15.232619047619048,2009-12-18 10:25:00,2011-11-10 09:52:00,691,23.03333333333333,1.3024602026049203,2.0754906731549068,82.2,29,0
12709.0,30312.61,55,13776,51.55205782312925,2009-12-09 13:49:00,2011-12-06 16:42:00,727,24.23333333333333,2.269601100412655,2.200392711962834,250.47272727272727,2,0
12710.0,1130.57,4,849,14.311012658227847,2011-05-22 14:05:00,2011-09-04 12:00:00,104,3.466666666666667,1.1538461538461535,1.3316489988221436,212.25,96,1
12711.0,1339.05,2,770,22.3175,2010-02-01 11:30:00,2010-04-07 11:59:00,65,2.1666666666666665,0.9230769230769232,1.739025974025974,385.0,611,1
12712.0,6979.66,28,2301,23.74034013605442,2009-12-09 10:46:00,2011-11-17 09:15:00,707,23.566666666666663,1.188118811881188,3.033315949587136,82.17857142857143,22,0
12713.0,848.55,1,508,22.33026315789473,2011-12-09 12:16:00,2011-12-09 12:16:00,0,1.0,1.0,1.6703740157480311,508.0,0,0
12714.0,14093.71,12,8774,20.249583333333334,2009-12-04 10:00:00,2011-11-30 15:43:00,726,24.2,0.4958677685950413,1.6063038522908597,731.1666666666666,8,0
12715.0,353.86,1,197,16.85047619047619,2011-08-25 15:22:00,2011-08-25 15:22:00,0,1.0,1.0,1.796243654822335,197.0,105,1
12716.0,1053.49,2,708,15.267971014492751,2011-07-29 13:28:00,2011-12-06 08:55:00,129,4.3,0.4651162790697674,1.4879802259887005,354.0,3,0
12717.0,1258.91,4,599,17.484861111111112,2010-04-28 14:34:00,2011-07-11 14:51:00,439,14.633333333333333,0.2733485193621868,2.1016861435726213,149.75,150,1
12718.0,238.25,1,203,12.539473684210526,2011-09-29 16:38:00,2011-09-29 16:38:00,0,1.0,1.0,1.1736453201970445,203.0,70,0
12719.0,608.1,3,361,14.47857142857143,2011-10-05 14:50:00,2011-12-04 13:45:00,59,1.9666666666666663,1.5254237288135597,1.6844875346260388,120.33333333333331,4,0
12720.0,8047.88,41,6240,15.09921200750469,2010-07-21 09:46:00,2011-12-07 08:03:00,503,16.766666666666666,2.445328031809145,1.289724358974359,152.1951219512195,2,0
12721.0,3906.68,10,2631,15.380629921259844,2010-08-25 11:07:00,2011-11-08 12:13:00,440,14.666666666666666,0.6818181818181819,1.484865070315469,263.1,31,0
12722.0,904.33,6,560,15.865438596491227,2011-07-12 11:55:00,2011-09-15 14:50:00,65,2.1666666666666665,2.7692307692307696,1.614875,93.33333333333331,84,0
12723.0,725.0699999999999,5,434,10.508260869565216,2011-10-05 15:52:00,2011-12-06 10:19:00,61,2.033333333333333,2.459016393442623,1.6706682027649769,86.8,3,0
12724.0,2317.52,7,1379,17.96527131782946,2010-06-22 14:00:00,2011-12-04 16:02:00,530,17.666666666666668,0.3962264150943396,1.680580130529369,197.0,4,0
12725.0,2694.56,4,1306,20.72738461538461,2010-05-04 13:59:00,2010-12-03 15:45:00,213,7.1,0.5633802816901409,2.0632159264931085,326.5,370,1
12726.0,4014.6,11,4618,22.427932960893852,2010-03-25 16:25:00,2011-11-11 13:35:00,595,19.83333333333333,0.5546218487394958,0.8693373754872239,419.8181818181818,27,0
12727.0,5646.53,12,2819,27.5440487804878,2010-02-23 09:54:00,2011-11-29 11:46:00,644,21.466666666666665,0.5590062111801243,2.003025895707698,234.91666666666663,10,0
12728.0,1070.17,5,543,17.54377049180328,2010-11-21 11:34:00,2011-09-29 15:31:00,312,10.4,0.4807692307692307,1.9708471454880296,108.6,70,0
12729.0,453.01,1,233,17.423461538461538,2011-08-18 11:40:00,2011-08-18 11:40:00,0,1.0,1.0,1.9442489270386265,233.0,113,1
12730.0,829.25,1,234,17.643617021276597,2010-07-06 12:19:00,2010-07-06 12:19:00,0,1.0,1.0,3.543803418803418,234.0,521,1
12731.0,25673.21,19,11570,64.83133838383839,2010-03-02 09:23:00,2011-11-16 11:59:00,624,20.8,0.9134615384615384,2.218946413137424,608.9473684210526,23,0
12732.0,236.26,1,111,19.688333333333336,2011-06-13 11:33:00,2011-06-13 11:33:00,0,1.0,1.0,2.1284684684684687,111.0,179,1
12733.0,2326.82,6,885,14.363086419753088,2010-01-19 13:23:00,2011-04-19 16:19:00,455,15.166666666666666,0.3956043956043956,2.629175141242938,147.5,233,1
12734.0,639.65,3,265,33.66578947368421,2010-11-12 13:26:00,2010-12-22 12:47:00,39,1.3,2.3076923076923075,2.4137735849056603,88.33333333333333,352,1
12735.0,779.5699999999999,2,368,18.12953488372093,2011-01-06 14:26:00,2011-01-28 13:37:00,21,0.7,2.857142857142857,2.118396739130435,184.0,314,1
12736.0,234.0,1,173,58.5,2011-01-11 07:57:00,2011-01-11 07:57:00,0,1.0,1.0,1.3526011560693645,173.0,332,1
12737.0,3710.5,2,2,1855.25,2010-07-29 12:27:00,2010-07-29 12:29:00,0,1.0,2.0,1855.25,1.0,498,1
12738.0,310.7,1,296,14.122727272727271,2010-12-02 18:27:00,2010-12-02 18:27:00,0,1.0,1.0,1.049662162162162,296.0,371,1
12739.0,2726.73,4,951,30.63741573033708,2010-11-10 14:27:00,2011-09-22 13:00:00,315,10.5,0.3809523809523809,2.867223974763407,237.75,77,0
12740.0,427.6,1,342,15.837037037037035,2011-10-07 10:44:00,2011-10-07 10:44:00,0,1.0,1.0,1.250292397660819,342.0,63,0
12741.0,406.07,2,214,25.379375,2010-06-24 16:24:00,2010-06-28 14:36:00,3,0.1,20.0,1.8975233644859808,107.0,528,1
12742.0,1185.02,2,1349,17.426764705882352,2010-03-24 12:43:00,2010-04-19 11:10:00,25,0.8333333333333334,2.4,0.8784432913269088,674.5,599,1
12743.0,546.43,2,319,4.077835820895522,2011-07-28 16:06:00,2011-07-28 16:21:00,0,1.0,2.0,1.7129467084639496,159.5,133,1
12744.0,13158.16,14,6987,38.02936416184971,2010-04-27 16:19:00,2011-10-19 11:18:00,539,17.966666666666665,0.7792207792207793,1.883234578502934,499.07142857142856,51,0
12745.0,925.41,3,468,40.235217391304346,2010-01-26 16:22:00,2010-08-10 10:14:00,195,6.5,0.4615384615384615,1.9773717948717948,156.0,486,1
12746.0,230.85,3,91,11.5425,2009-12-08 17:08:00,2010-06-30 08:19:00,203,6.766666666666667,0.4433497536945813,2.536813186813187,30.33333333333333,527,1
12747.0,9164.59,32,2733,34.58335849056604,2009-12-07 13:23:00,2011-12-07 14:34:00,730,24.33333333333333,1.315068493150685,3.353307720453714,85.40625,1,0
12748.0,49970.13,365,37072,6.838665663062816,2009-12-04 17:31:00,2011-12-09 12:20:00,734,24.466666666666665,14.918256130790192,1.3479210725075528,101.56712328767124,0,0
12749.0,6328.49,16,2271,15.90072864321608,2010-07-06 15:05:00,2011-12-06 09:56:00,517,17.233333333333334,0.9284332688588008,2.7866534566270365,141.9375,3,0
12750.0,275.88,1,137,18.392,2011-08-03 09:13:00,2011-08-03 09:13:00,0,1.0,1.0,2.013722627737226,137.0,128,1
12751.0,268.27,1,189,4.326935483870967,2010-09-21 12:49:00,2010-09-21 12:49:00,0,1.0,1.0,1.4194179894179892,189.0,444,1
12752.0,4366.78,1,2262,82.3920754716981,2011-09-19 13:32:00,2011-09-19 13:32:00,0,1.0,1.0,1.930495137046861,2262.0,80,0
12753.0,21024.01,11,11250,91.40873913043478,2010-12-12 11:44:00,2011-12-06 11:40:00,358,11.933333333333334,0.9217877094972068,1.8688008888888887,1022.7272727272727,3,0
12754.0,2949.12,5,6479,45.37107692307692,2011-02-04 10:31:00,2011-04-18 09:00:00,72,2.4,2.083333333333333,0.4551813551473992,1295.8,235,1
12755.0,6406.349999999999,22,2521,54.7551282051282,2009-12-02 10:55:00,2011-04-04 10:12:00,487,16.233333333333334,1.35523613963039,2.5411939706465687,114.5909090909091,249,1
12756.0,112.07999999999998,1,144,28.02,2011-09-14 09:31:00,2011-09-14 09:31:00,0,1.0,1.0,0.7783333333333332,144.0,86,0
12757.0,4227.7,19,2385,11.214058355437665,2011-05-12 19:01:00,2011-11-24 12:30:00,195,6.5,2.923076923076923,1.7726205450733752,125.52631578947368,15,0
12758.0,9779.0,8,6091,30.84858044164038,2009-12-01 14:40:00,2011-08-15 10:22:00,621,20.7,0.3864734299516908,1.605483500246265,761.375,116,1
12759.0,5020.74,8,3202,16.62496688741722,2009-12-04 10:47:00,2011-10-18 14:49:00,683,22.766666666666666,0.3513909224011713,1.568001249219238,400.25,51,0
12760.0,347.8,1,198,16.561904761904763,2010-09-10 08:50:00,2010-09-10 08:50:00,0,1.0,1.0,1.7565656565656569,198.0,455,1
12761.0,782.95,2,281,28.99814814814815,2010-09-01 10:47:00,2010-09-08 12:17:00,7,0.2333333333333333,8.571428571428571,2.7862989323843417,140.5,457,1
12762.0,1898.52,2,1227,27.51478260869565,2011-11-14 14:23:00,2011-12-02 10:23:00,17,0.5666666666666667,3.5294117647058822,1.547286063569682,613.5,7,0
12763.0,814.16,2,512,23.945882352941176,2010-12-05 15:46:00,2011-07-24 14:12:00,230,7.666666666666667,0.2608695652173913,1.59015625,256.0,137,1
12764.0,1693.88,1,386,37.64177777777778,2011-01-27 10:19:00,2011-01-27 10:19:00,0,1.0,1.0,4.388290155440415,386.0,316,1
12765.0,1404.58,6,1009,20.65558823529412,2010-03-08 09:43:00,2010-08-24 13:51:00,169,5.633333333333334,1.0650887573964496,1.39205153617443,168.16666666666666,471,1
12766.0,10026.43,11,5427,21.84407407407408,2010-10-28 09:29:00,2011-12-06 08:46:00,403,13.433333333333334,0.8188585607940446,1.847508752533628,493.3636363636364,3,0
12767.0,949.82,1,598,22.088837209302326,2010-11-29 09:38:00,2010-11-29 09:38:00,0,1.0,1.0,1.5883277591973246,598.0,375,1
12768.0,0.0,2,0,0.0,2010-09-15 12:08:00,2010-10-04 12:48:00,19,0.6333333333333333,3.1578947368421053,,0.0,431,1
12769.0,1143.6,1,356,35.7375,2011-04-15 10:25:00,2011-04-15 10:25:00,0,1.0,1.0,3.2123595505617977,356.0,238,1
12770.0,2975.95,7,1771,80.43108108108108,2010-04-07 10:44:00,2011-05-13 09:33:00,400,13.333333333333334,0.525,1.680378317334839,253.0,210,1
12771.0,262.5,2,100,16.40625,2010-08-11 11:51:00,2010-09-01 12:34:00,21,0.7,2.857142857142857,2.625,50.0,464,1
12772.0,892.47,1,556,16.226727272727274,2011-10-11 09:19:00,2011-10-11 09:19:00,0,1.0,1.0,1.6051618705035973,556.0,59,0
12773.0,3.4416913763379853e-15,2,0,2.868076146948321e-16,2010-05-24 17:30:00,2010-05-24 17:39:00,0,1.0,2.0,inf,0.0,563,1
12774.0,98.7,1,53,16.45,2010-06-22 10:38:00,2010-06-22 10:38:00,0,1.0,1.0,1.8622641509433964,53.0,535,1
12775.0,1651.32,8,1059,20.138048780487804,2010-10-26 14:24:00,2011-11-22 16:33:00,392,13.066666666666666,0.6122448979591837,1.5593201133144476,132.375,16,0
12776.0,55.5,1,46,13.875,2010-02-10 12:11:00,2010-02-10 12:11:00,0,1.0,1.0,1.2065217391304348,46.0,667,1
12777.0,519.45,1,458,19.97884615384616,2010-09-08 11:35:00,2010-09-08 11:35:00,0,1.0,1.0,1.134170305676856,458.0,457,1
12778.0,1757.68,10,1734,15.284173913043478,2010-04-16 09:57:00,2011-11-20 11:39:00,583,19.433333333333334,0.5145797598627787,1.0136562860438294,173.4,19,0
12779.0,6406.76,21,3472,21.717830508474577,2009-12-03 07:25:00,2011-11-18 17:10:00,715,23.83333333333333,0.8811188811188811,1.8452649769585252,165.33333333333334,20,0
12780.0,337.4,1,285,16.869999999999997,2010-04-20 09:40:00,2010-04-20 09:40:00,0,1.0,1.0,1.1838596491228068,285.0,598,1
12781.0,707.72,5,592,23.590666666666667,2011-02-28 08:43:00,2011-11-18 15:45:00,263,8.766666666666667,0.5703422053231939,1.195472972972973,118.4,20,0
12782.0,4526.04,14,1985,18.7802489626556,2010-07-08 13:31:00,2011-12-05 09:16:00,514,17.133333333333333,0.8171206225680934,2.2801209068010078,141.78571428571428,4,0
12783.0,1603.87,8,622,18.649651162790697,2011-09-25 15:35:00,2011-12-07 15:56:00,73,2.433333333333333,3.2876712328767126,2.578569131832797,77.75,1,0
12784.0,1804.75,3,882,13.776717557251908,2010-06-28 13:06:00,2011-11-30 15:38:00,520,17.333333333333332,0.1730769230769231,2.046201814058957,294.0,8,0
12785.0,1079.31,5,447,18.608793103448274,2009-12-08 13:56:00,2011-12-07 12:46:00,728,24.266666666666666,0.206043956043956,2.4145637583892614,89.4,2,0
12786.0,728.5,1,324,40.47222222222222,2010-04-09 12:12:00,2010-04-09 12:12:00,0,1.0,1.0,2.248456790123457,324.0,609,1
12787.0,859.18,5,509,19.092888888888886,2010-10-22 14:57:00,2011-11-30 08:44:00,403,13.433333333333334,0.3722084367245657,1.687976424361493,101.8,9,0
12788.0,444.9,4,194,17.111538461538462,2010-06-29 13:05:00,2010-09-02 14:21:00,65,2.1666666666666665,1.8461538461538465,2.293298969072165,48.5,462,1
12789.0,273.35,3,36,34.16875,2010-01-15 12:06:00,2011-10-05 13:34:00,628,20.933333333333334,0.143312101910828,7.593055555555556,12.0,64,0
12790.0,563.45,3,300,14.08625,2010-10-25 13:04:00,2011-05-31 14:14:00,218,7.266666666666667,0.4128440366972477,1.8781666666666668,100.0,191,1
12791.0,777.75,8,448,24.3046875,2010-03-25 17:29:00,2010-12-01 11:27:00,250,8.333333333333334,0.96,1.7360491071428572,56.0,373,1
12792.0,813.88,3,393,16.955833333333334,2010-01-26 16:35:00,2011-03-28 11:36:00,425,14.166666666666666,0.2117647058823529,2.070941475826972,131.0,256,1
12793.0,1017.33,3,526,19.94764705882353,2010-11-03 13:05:00,2011-01-09 12:12:00,66,2.2,1.3636363636363635,1.934087452471483,175.33333333333334,334,1
12794.0,860.41,2,592,19.12022222222222,2011-09-02 12:01:00,2011-10-17 14:54:00,45,1.5,1.3333333333333333,1.4533952702702702,296.0,52,0
12795.0,430.48,1,68,30.74857142857143,2011-11-21 10:27:00,2011-11-21 10:27:00,0,1.0,1.0,6.330588235294118,68.0,18,0
12796.0,381.0,1,182,54.42857142857143,2010-03-21 15:49:00,2010-03-21 15:49:00,0,1.0,1.0,2.093406593406593,182.0,627,1
12797.0,725.46,6,290,14.80530612244898,2010-10-11 12:53:00,2010-12-14 16:24:00,64,2.1333333333333333,2.8125,2.501586206896552,48.333333333333336,359,1
12798.0,8510.93,4,8455,257.9069696969697,2010-10-14 12:27:00,2011-11-29 15:52:00,411,13.7,0.291970802919708,1.006615020697812,2113.75,9,0
12799.0,219.35,1,137,14.623333333333331,2010-06-28 15:57:00,2010-06-28 15:57:00,0,1.0,1.0,1.6010948905109488,137.0,528,1
12800.0,584.25,3,284,17.183823529411764,2010-02-01 11:02:00,2010-08-26 14:11:00,206,6.866666666666666,0.4368932038834952,2.057218309859155,94.66666666666669,469,1
12801.0,1031.87,2,504,20.232745098039214,2010-07-27 09:38:00,2010-08-19 12:04:00,23,0.7666666666666667,2.608695652173913,2.047361111111111,252.0,477,1
12802.0,2350.42,9,1954,16.788714285714285,2010-05-25 09:34:00,2011-06-09 09:44:00,380,12.666666666666666,0.7105263157894737,1.202876151484135,217.11111111111111,183,1
12803.0,1092.81,1,872,19.86927272727273,2010-11-11 14:57:00,2010-11-11 14:57:00,0,1.0,1.0,1.2532224770642202,872.0,392,1
12804.0,327.02,2,271,4.88089552238806,2010-07-27 13:52:00,2010-08-31 11:58:00,34,1.1333333333333333,1.7647058823529411,1.2067158671586715,135.5,465,1
12805.0,1434.95,4,593,24.74051724137931,2010-02-03 09:06:00,2010-11-23 12:27:00,293,9.766666666666667,0.409556313993174,2.419814502529511,148.25,381,1
12806.0,2878.96,4,2087,42.96955223880597,2010-04-30 10:44:00,2010-09-30 13:34:00,153,5.1,0.7843137254901962,1.3794729276473408,521.75,434,1
12807.0,269.95,3,120,14.997222222222222,2010-11-18 13:20:00,2010-11-22 09:16:00,3,0.1,30.0,2.2495833333333333,40.0,382,1
12808.0,906.1,5,375,16.77962962962963,2010-09-03 10:24:00,2011-11-03 10:05:00,425,14.166666666666666,0.3529411764705882,2.4162666666666666,75.0,36,0
12809.0,1705.34,8,508,19.161123595505615,2010-03-02 14:19:00,2011-06-24 15:15:00,479,15.966666666666669,0.5010438413361169,3.356968503937008,63.5,167,1
12810.0,534.99,2,389,16.7184375,2010-02-01 09:52:00,2010-06-23 10:53:00,142,4.733333333333333,0.4225352112676056,1.3752956298200514,194.5,534,1
12811.0,1033.9,5,435,18.4625,2010-10-08 12:20:00,2011-03-24 09:42:00,166,5.533333333333333,0.9036144578313252,2.3767816091954024,87.0,260,1
12812.0,229.64,1,164,15.309333333333337,2011-10-26 09:54:00,2011-10-26 09:54:00,0,1.0,1.0,1.4002439024390243,164.0,44,0
12813.0,1687.8,3,1141,37.50666666666667,2010-01-15 16:52:00,2010-07-26 09:50:00,191,6.366666666666666,0.4712041884816754,1.479228746713409,380.3333333333333,501,1
12814.0,125.92,1,49,62.96,2011-08-30 12:11:00,2011-08-30 12:11:00,0,1.0,1.0,2.569795918367347,49.0,101,1
12815.0,1063.46,2,379,22.6268085106383,2011-05-25 13:34:00,2011-07-15 10:21:00,50,1.6666666666666667,1.2,2.805963060686016,189.5,147,1
12816.0,572.2,2,128,19.731034482758623,2011-06-16 13:24:00,2011-09-05 12:41:00,80,2.6666666666666665,0.75,4.4703125,64.0,95,1
12817.0,690.98,3,219,27.6392,2010-10-01 08:57:00,2011-03-03 16:28:00,153,5.1,0.5882352941176471,3.1551598173515982,73.0,280,1
12818.0,1517.88,2,923,94.8675,2011-03-23 12:06:00,2011-06-14 13:54:00,83,2.7666666666666666,0.7228915662650602,1.6445070422535213,461.5,177,1
12819.0,540.52,1,344,28.448421052631577,2010-09-07 15:20:00,2010-09-07 15:20:00,0,1.0,1.0,1.571279069767442,344.0,457,1
12820.0,2647.94,13,1928,16.245030674846625,2009-12-05 13:37:00,2011-12-06 15:12:00,731,24.366666666666667,0.533515731874145,1.3734128630705396,148.30769230769232,2,0
12821.0,220.8,2,162,16.984615384615385,2010-04-07 15:14:00,2011-05-09 15:51:00,397,13.233333333333333,0.1511335012594458,1.362962962962963,81.0,213,1
12822.0,918.98,3,548,19.55276595744681,2011-09-13 13:46:00,2011-09-30 10:04:00,16,0.5333333333333333,5.625,1.676970802919708,182.66666666666663,70,0
12823.0,6501.5,18,930,361.19444444444446,2010-01-29 12:52:00,2011-09-26 07:35:00,604,20.133333333333333,0.8940397350993378,6.990860215053764,51.66666666666666,74,0
12824.0,397.12,1,232,15.8848,2011-10-11 12:49:00,2011-10-11 12:49:00,0,1.0,1.0,1.7117241379310344,232.0,59,0
12825.0,518.63,2,139,21.609583333333333,2010-03-08 10:17:00,2010-07-06 13:56:00,120,4.0,0.5,3.73115107913669,69.5,520,1
12826.0,2928.69,15,1989,17.126842105263158,2009-12-18 10:43:00,2011-12-07 10:25:00,718,23.933333333333334,0.6267409470752089,1.472443438914027,132.6,2,0
12827.0,430.15,3,197,17.206000000000003,2011-10-26 15:44:00,2011-12-04 12:17:00,38,1.2666666666666666,2.368421052631579,2.183502538071066,65.66666666666667,5,0
12828.0,1018.71,6,494,18.19125,2011-08-01 16:16:00,2011-12-07 08:45:00,127,4.233333333333333,1.4173228346456692,2.062165991902834,82.33333333333333,2,0
12829.0,345.35,4,549,17.267500000000002,2010-06-07 15:04:00,2011-01-21 12:56:00,227,7.566666666666666,0.5286343612334802,0.6290528233151185,137.25,321,1
12830.0,6748.4,7,9847,173.03589743589745,2011-06-21 10:53:00,2011-11-02 11:54:00,134,4.466666666666667,1.5671641791044777,0.6853254798415761,1406.7142857142858,37,0
12831.0,451.11,3,303,20.505,2010-09-02 15:58:00,2011-03-22 13:02:00,200,6.666666666666667,0.4499999999999999,1.4888118811881188,101.0,261,1
12832.0,383.03,2,195,14.186296296296296,2011-09-02 13:48:00,2011-11-07 13:30:00,65,2.1666666666666665,0.9230769230769232,1.9642564102564104,97.5,31,0
12833.0,417.38,1,156,17.390833333333333,2011-07-17 13:46:00,2011-07-17 13:46:00,0,1.0,1.0,2.6755128205128207,156.0,144,1
12834.0,312.38,1,110,17.354444444444443,2011-03-02 09:49:00,2011-03-02 09:49:00,0,1.0,1.0,2.8398181818181816,110.0,282,1
12835.0,6018.67,49,2343,9.553444444444445,2009-12-03 12:13:00,2010-10-17 16:35:00,318,10.6,4.622641509433962,2.568787878787879,47.81632653061224,417,1
12836.0,6546.47,17,2232,15.66141148325359,2009-12-01 14:19:00,2011-10-11 15:10:00,679,22.633333333333333,0.7511045655375552,2.9330062724014336,131.2941176470588,58,0
12837.0,688.41,2,209,7.482717391304347,2010-05-19 15:10:00,2011-06-19 16:07:00,396,13.2,0.1515151515151515,3.293827751196172,104.5,172,1
12838.0,3376.03,12,1838,7.906393442622951,2010-04-26 09:59:00,2011-11-06 12:20:00,559,18.633333333333333,0.6440071556350626,1.8367954298150164,153.16666666666666,33,0
12839.0,9927.83,31,6754,16.94168941979522,2009-12-07 09:18:00,2011-12-07 12:33:00,730,24.33333333333333,1.273972602739726,1.4699185667752444,217.8709677419355,2,0
12840.0,4013.87,11,2244,22.176077348066297,2010-02-03 14:51:00,2011-07-19 09:29:00,530,17.666666666666668,0.6226415094339622,1.788712121212121,204.0,143,1
12841.0,7390.48,42,5339,10.23612188365651,2010-07-08 15:38:00,2011-12-05 11:13:00,514,17.133333333333333,2.4513618677042803,1.3842442404944748,127.11904761904762,4,0
12842.0,1917.99,4,887,39.958125,2009-12-02 08:15:00,2011-09-30 15:33:00,667,22.23333333333333,0.1799100449775112,2.162333709131905,221.75,69,0
12843.0,6345.61,34,2900,27.58960869565217,2009-12-13 11:41:00,2011-10-05 12:09:00,661,22.03333333333333,1.5431164901664145,2.188141379310345,85.29411764705883,65,0
12844.0,648.6,4,223,6.297087378640777,2010-04-25 11:51:00,2011-11-10 13:31:00,564,18.8,0.2127659574468085,2.9085201793721973,55.75,28,0
12845.0,354.09,4,204,13.114444444444445,2011-02-22 14:10:00,2011-03-17 13:34:00,22,0.7333333333333333,5.454545454545455,1.735735294117647,51.0,266,1
12846.0,15.58,1,1,15.58,2010-01-26 16:29:00,2010-01-26 16:29:00,0,1.0,1.0,15.58,1.0,681,1
12847.0,1636.9,2,1533,12.99126984126984,2010-11-17 12:44:00,2011-11-17 13:16:00,365,12.166666666666666,0.1643835616438356,1.0677756033920416,766.5,21,0
12848.0,208.0,1,58,13.0,2010-02-02 12:45:00,2010-02-02 12:45:00,0,1.0,1.0,3.586206896551724,58.0,675,1
12849.0,3090.56,6,1882,20.88216216216216,2010-04-27 13:44:00,2011-11-08 13:41:00,559,18.633333333333333,0.3220035778175313,1.6421679064824657,313.6666666666667,30,0
12850.0,330.0,1,200,165.0,2010-09-20 12:26:00,2010-09-20 12:26:00,0,1.0,1.0,1.65,200.0,445,1
12851.0,284.13,2,160,3.551625,2010-08-19 15:13:00,2011-09-04 12:41:00,380,12.666666666666666,0.1578947368421052,1.7758125,80.0,96,1
12852.0,299.75,2,145,14.9875,2011-02-18 08:47:00,2011-02-22 14:56:00,4,0.1333333333333333,15.0,2.067241379310345,72.5,289,1
12853.0,3728.5,16,1639,23.748407643312103,2010-02-05 11:57:00,2011-08-24 11:00:00,564,18.8,0.851063829787234,2.274862721171446,102.4375,107,1
12854.0,2922.37,11,1614,10.6268,2009-12-11 12:55:00,2011-09-22 12:15:00,649,21.633333333333333,0.5084745762711864,1.810638166047088,146.72727272727272,78,0
12855.0,650.94,4,270,9.299142857142858,2010-11-02 18:16:00,2010-12-02 09:37:00,29,0.9666666666666668,4.137931034482759,2.410888888888889,67.5,372,1
12856.0,2162.68,8,1076,6.822334384858044,2011-10-07 12:38:00,2011-12-02 10:52:00,55,1.8333333333333333,4.363636363636364,2.0099256505576206,134.5,7,0
12857.0,3684.25,7,1419,30.19877049180328,2010-01-25 15:37:00,2011-05-13 10:20:00,472,15.733333333333333,0.4449152542372881,2.596370683579986,202.7142857142857,210,1
12858.0,151.73,2,62,3.0346,2010-01-26 16:28:00,2010-11-21 12:55:00,298,9.933333333333334,0.2013422818791946,2.447258064516129,31.0,382,1
12859.0,575.1,1,292,27.38571428571429,2010-09-07 12:20:00,2010-09-07 12:20:00,0,1.0,1.0,1.9695205479452056,292.0,458,1
12860.0,55.47,1,27,3.262941176470588,2010-01-15 15:22:00,2010-01-15 15:22:00,0,1.0,1.0,2.0544444444444445,27.0,692,1
12861.0,68.25,1,27,17.0625,2010-03-30 11:39:00,2010-03-30 11:39:00,0,1.0,1.0,2.5277777777777777,27.0,619,1
12862.0,1008.32,2,613,7.581353383458646,2010-08-01 15:20:00,2010-10-10 11:47:00,69,2.3,0.8695652173913044,1.6448939641109297,306.5,425,1
12863.0,2775.55,7,893,56.64387755102041,2010-04-29 13:54:00,2011-10-18 14:15:00,537,17.9,0.3910614525139665,3.108118701007839,127.57142857142856,51,0
12864.0,299.57,2,447,42.79571428571428,2010-07-19 17:22:00,2011-07-24 13:03:00,369,12.3,0.1626016260162601,0.6701789709172259,223.5,137,1
12865.0,3303.31,5,1925,16.853622448979593,2010-08-20 12:20:00,2011-11-13 14:31:00,450,15.0,0.3333333333333333,1.7160051948051949,385.0,25,0
12866.0,1227.35,3,553,19.48174603174603,2010-07-25 11:37:00,2011-03-01 14:11:00,219,7.3,0.4109589041095891,2.2194394213381554,184.33333333333331,282,1
12867.0,7862.69,16,7915,7.307332713754646,2009-12-16 16:25:00,2011-11-13 15:30:00,696,23.2,0.6896551724137931,0.9933910296904612,494.6875,25,0
12868.0,2247.06,8,1282,15.39082191780822,2010-11-12 10:05:00,2011-06-07 10:42:00,207,6.9,1.1594202898550725,1.752776911076443,160.25,185,1
12869.0,337.67,1,144,9.126216216216216,2010-01-27 12:10:00,2010-01-27 12:10:00,0,1.0,1.0,2.3449305555555555,144.0,681,1
12870.0,1647.15,4,902,16.980927835051546,2010-03-25 14:32:00,2010-12-08 14:27:00,257,8.566666666666666,0.4669260700389105,1.826108647450111,225.5,365,1
12871.0,744.02,3,484,41.33444444444444,2010-09-26 10:34:00,2011-09-16 15:07:00,355,11.833333333333334,0.2535211267605634,1.5372314049586775,161.33333333333334,83,0
12872.0,3678.34,13,1852,8.398036529680367,2009-12-03 20:03:00,2011-01-17 10:52:00,409,13.633333333333333,0.9535452322738388,1.986144708423326,142.46153846153845,326,1
12873.0,2027.3,3,786,57.92285714285714,2010-01-27 09:50:00,2011-03-02 14:58:00,399,13.3,0.225563909774436,2.579262086513995,262.0,281,1
12874.0,933.42,3,611,19.04938775510204,2010-06-03 12:51:00,2010-11-19 15:23:00,169,5.633333333333334,0.5325443786982248,1.5276923076923077,203.66666666666663,384,1
12875.0,1356.99,5,5187,169.62375,2010-01-11 12:37:00,2011-07-19 15:30:00,554,18.466666666666665,0.2707581227436823,0.2616136495083863,1037.4,142,1
12876.0,4068.59,5,3039,23.792923976608183,2010-04-28 13:26:00,2011-10-13 12:26:00,532,17.733333333333334,0.2819548872180451,1.3387923659098389,607.8,57,0
12877.0,2955.17,20,2262,10.668483754512636,2010-01-18 10:23:00,2011-12-06 10:30:00,687,22.9,0.8733624454148472,1.3064412024756853,113.1,3,0
12878.0,841.64,3,536,17.176326530612243,2011-03-18 14:02:00,2011-11-21 14:30:00,248,8.266666666666667,0.3629032258064515,1.570223880597015,178.66666666666666,17,0
12879.0,552.5699999999999,4,363,46.04749999999999,2011-09-09 12:11:00,2011-10-26 12:24:00,47,1.5666666666666669,2.5531914893617023,1.5222314049586776,90.75,44,0
12880.0,640.13,2,279,17.781388888888888,2010-05-14 11:57:00,2010-11-23 10:50:00,192,6.4,0.3125,2.294372759856631,139.5,381,1
12881.0,298.0,1,21,42.57142857142857,2011-03-09 11:44:00,2011-03-09 11:44:00,0,1.0,1.0,14.19047619047619,21.0,275,1
12882.0,1463.04,2,246,112.54153846153848,2011-11-06 11:22:00,2011-11-30 16:18:00,24,0.8,2.5,5.947317073170732,123.0,8,0
12883.0,703.47,4,196,16.749285714285715,2011-09-11 15:18:00,2011-11-15 09:32:00,64,2.1333333333333333,1.875,3.5891326530612244,49.0,24,0
12884.0,309.05,1,43,44.15,2011-09-12 13:10:00,2011-09-12 13:10:00,0,1.0,1.0,7.187209302325582,43.0,87,0
12885.0,1158.27,4,654,16.087083333333332,2011-08-08 11:45:00,2011-10-07 13:40:00,60,2.0,2.0,1.7710550458715597,163.5,62,0
12886.0,1351.09,3,761,15.7103488372093,2011-05-04 11:21:00,2011-10-03 10:09:00,151,5.033333333333333,0.5960264900662252,1.7754139290407358,253.66666666666663,67,0
12887.0,222.4,1,100,17.107692307692307,2010-11-21 11:18:00,2010-11-21 11:18:00,0,1.0,1.0,2.224,100.0,383,1
12888.0,313.77,4,68,44.82428571428572,2011-03-29 14:31:00,2011-05-09 16:02:00,41,1.3666666666666667,2.926829268292683,4.614264705882353,17.0,213,1
12889.0,365.66,6,120,13.542962962962964,2010-07-25 14:32:00,2010-11-23 16:08:00,121,4.033333333333333,1.487603305785124,3.047166666666667,20.0,380,1
12890.0,717.27,2,466,5.16021582733813,2010-11-17 14:05:00,2011-11-15 17:26:00,363,12.1,0.1652892561983471,1.539206008583691,233.0,23,0
12891.0,819.5,12,2275,68.29166666666667,2010-02-18 14:32:00,2011-06-07 12:31:00,473,15.766666666666667,0.7610993657505285,0.3602197802197802,189.58333333333331,185,1
12892.0,263.38,1,140,14.632222222222222,2010-11-08 09:51:00,2010-11-08 09:51:00,0,1.0,1.0,1.8812857142857144,140.0,396,1
12893.0,188.14,1,96,5.533529411764706,2011-11-09 12:34:00,2011-11-09 12:34:00,0,1.0,1.0,1.9597916666666664,96.0,30,0
12894.0,157.35,1,33,7.492857142857143,2010-05-13 14:47:00,2010-05-13 14:47:00,0,1.0,1.0,4.768181818181818,33.0,574,1
12895.0,347.3,3,204,14.470833333333331,2011-09-14 08:35:00,2011-10-28 13:51:00,44,1.4666666666666666,2.0454545454545454,1.7024509803921568,68.0,41,0
12896.0,-29.75,1,-5,-29.75,2009-12-09 09:28:00,2009-12-09 09:28:00,0,1.0,1.0,5.95,-5.0,730,1
12897.0,514.25,4,249,36.73214285714285,2010-06-14 11:58:00,2011-05-19 12:13:00,339,11.3,0.3539823008849557,2.0652610441767068,62.25,204,1
12898.0,310.96000000000004,2,240,9.7175,2010-02-18 12:36:00,2010-09-02 08:08:00,195,6.5,0.3076923076923077,1.2956666666666667,120.0,463,1
12899.0,366.4,1,108,21.552941176470583,2010-10-22 09:53:00,2010-10-22 09:53:00,0,1.0,1.0,3.3925925925925924,108.0,413,1
12900.0,340.33,1,139,26.179230769230767,2010-10-13 15:17:00,2010-10-13 15:17:00,0,1.0,1.0,2.4484172661870502,139.0,421,1
12901.0,16293.1,36,20915,130.3448,2011-03-14 10:41:00,2011-12-01 10:07:00,261,8.7,4.137931034482759,0.7790150609610328,580.9722222222222,8,0
12902.0,138.68,1,66,13.868,2011-03-20 12:06:00,2011-03-20 12:06:00,0,1.0,1.0,2.101212121212121,66.0,264,1
12903.0,833.53,1,493,20.33,2010-10-07 12:39:00,2010-10-07 12:39:00,0,1.0,1.0,1.6907302231237322,493.0,428,1
12904.0,509.58,2,302,7.0775,2011-06-20 13:18:00,2011-11-21 14:34:00,154,5.133333333333334,0.3896103896103896,1.6873509933774833,151.0,17,0
12905.0,1011.82,3,528,18.396727272727272,2010-01-26 14:06:00,2010-05-12 10:05:00,105,3.5,0.8571428571428571,1.9163257575757575,176.0,576,1
12906.0,2919.81,5,1749,46.34619047619047,2011-09-22 15:03:00,2011-11-28 09:55:00,66,2.2,2.2727272727272725,1.6694168096054889,349.8,11,0
12907.0,440.36,3,164,15.184827586206897,2010-02-24 11:56:00,2010-11-09 12:08:00,258,8.6,0.3488372093023256,2.685121951219512,54.66666666666666,395,1
12908.0,1272.0,7,1800,181.7142857142857,2010-03-19 15:59:00,2011-10-12 10:11:00,571,19.03333333333333,0.3677758318739054,0.7066666666666667,257.1428571428572,58,0
12909.0,3034.77,13,1932,18.064107142857143,2010-02-24 12:14:00,2011-10-31 12:43:00,614,20.466666666666665,0.6351791530944626,1.5707919254658385,148.6153846153846,39,0
12910.0,5747.02,14,3602,41.64507246376812,2010-03-28 13:10:00,2011-11-16 14:28:00,598,19.933333333333334,0.7023411371237458,1.595508051082732,257.2857142857143,22,0
12911.0,1680.47,1,820,6.77608870967742,2010-06-06 12:13:00,2010-06-06 12:13:00,0,1.0,1.0,2.049353658536585,820.0,551,1
12912.0,1662.3,5,670,69.2625,2011-10-30 11:35:00,2011-12-07 08:55:00,37,1.2333333333333334,4.0540540540540535,2.4810447761194028,134.0,2,0
12913.0,6700.86,13,3232,69.800625,2009-12-01 12:18:00,2011-12-05 12:11:00,733,24.433333333333334,0.5320600272851296,2.073285891089109,248.6153846153846,4,0
12914.0,223.98,1,336,24.886666666666667,2010-11-04 12:28:00,2010-11-04 12:28:00,0,1.0,1.0,0.6666071428571428,336.0,400,1
12915.0,1084.85,8,434,13.393209876543208,2010-04-29 19:36:00,2011-07-14 11:34:00,440,14.666666666666666,0.5454545454545455,2.499654377880184,54.25,148,1
12916.0,4630.22,8,1766,24.893655913978492,2010-01-24 11:26:00,2011-07-24 10:35:00,545,18.166666666666668,0.4403669724770642,2.6218686296715745,220.75,138,1
12917.0,4329.5,8,1098,81.68867924528301,2009-12-09 14:22:00,2011-08-03 16:42:00,602,20.066666666666663,0.3986710963455149,3.943078324225865,137.25,127,1
12918.0,-10953.5,3,-1,-3651.1666666666665,2010-03-23 15:20:00,2010-03-23 15:24:00,0,1.0,3.0,10953.5,-0.3333333333333333,625,1
12919.0,1301.44,8,668,25.02769230769231,2011-06-23 09:22:00,2011-12-01 13:47:00,161,5.366666666666666,1.4906832298136647,1.9482634730538924,83.5,7,0
12920.0,488.09,4,421,8.134833333333335,2009-12-14 15:58:00,2011-11-22 15:05:00,707,23.566666666666663,0.1697312588401697,1.1593586698337293,105.25,16,0
12921.0,34639.45,103,21273,21.488492555831264,2009-12-01 13:43:00,2011-12-06 09:56:00,734,24.466666666666665,4.209809264305178,1.628329337658064,206.53398058252424,3,0
12922.0,405.38,1,370,14.477857142857143,2011-07-01 15:35:00,2011-07-01 15:35:00,0,1.0,1.0,1.0956216216216217,370.0,160,1
12923.0,789.87,3,237,12.73983870967742,2010-05-13 14:55:00,2011-10-06 16:20:00,511,17.033333333333335,0.1761252446183953,3.3327848101265825,79.0,63,0
12924.0,2423.15,14,1412,31.883552631578947,2009-12-09 12:40:00,2011-09-12 13:55:00,642,21.4,0.6542056074766356,1.7161118980169972,100.85714285714286,87,0
12925.0,729.3299999999999,3,649,14.5866,2010-04-26 10:32:00,2011-12-05 11:11:00,588,19.6,0.1530612244897959,1.1237750385208012,216.33333333333331,4,0
12926.0,1548.46,4,766,5.651313868613139,2009-12-14 14:35:00,2010-10-24 15:57:00,314,10.466666666666669,0.3821656050955413,2.0214882506527414,191.5,410,1
12927.0,197.31,1,145,17.937272727272727,2010-11-10 10:02:00,2010-11-10 10:02:00,0,1.0,1.0,1.3607586206896551,145.0,394,1
12928.0,4304.89,12,2899,24.04966480446928,2010-06-08 10:16:00,2011-11-04 14:24:00,514,17.133333333333333,0.7003891050583658,1.4849568816833392,241.58333333333331,34,0
12929.0,105.1,2,36,11.677777777777775,2011-02-01 12:08:00,2011-08-09 14:30:00,189,6.3,0.3174603174603174,2.9194444444444443,18.0,121,1
12930.0,409.9,4,250,15.181481481481482,2011-06-21 13:25:00,2011-09-22 15:18:00,93,3.1,1.2903225806451613,1.6396000000000002,62.5,77,0
12931.0,71299.67,71,48345,252.83570921985816,2009-12-01 11:46:00,2011-11-18 12:39:00,717,23.9,2.97071129707113,1.4748095976833178,680.9154929577464,21,0
12932.0,1698.56,8,1609,17.87957894736842,2010-02-10 08:46:00,2010-06-18 14:22:00,128,4.266666666666667,1.875,1.0556619018023616,201.125,538,1
12933.0,1627.28,11,904,5.424266666666667,2009-12-10 16:39:00,2011-11-15 16:38:00,704,23.466666666666665,0.46875,1.8000884955752212,82.18181818181819,23,0
12934.0,181.65,1,31,90.825,2009-12-03 10:51:00,2009-12-03 10:51:00,0,1.0,1.0,5.859677419354839,31.0,736,1
12935.0,4182.01,19,3170,16.08465384615385,2010-04-11 15:59:00,2011-12-07 17:25:00,605,20.166666666666668,0.9421487603305784,1.3192460567823343,166.8421052631579,1,0
12936.0,1012.9,5,539,16.077777777777776,2011-09-22 13:51:00,2011-11-22 17:32:00,61,2.033333333333333,2.459016393442623,1.8792207792207791,107.8,16,0
12937.0,3097.61,9,1983,14.274700460829491,2009-12-03 15:43:00,2011-11-24 15:05:00,720,24.0,0.375,1.56208270297529,220.33333333333331,14,0
12938.0,114.14,1,140,12.682222222222222,2011-11-14 11:21:00,2011-11-14 11:21:00,0,1.0,1.0,0.8152857142857143,140.0,25,0
12939.0,25264.8,20,10328,293.7767441860465,2010-01-12 11:27:00,2011-10-06 14:33:00,632,21.066666666666663,0.949367088607595,2.446243222308288,516.4,63,0
12940.0,876.29,4,406,8.507669902912621,2011-09-13 10:16:00,2011-10-24 14:04:00,41,1.3666666666666667,2.926829268292683,2.1583497536945813,101.5,45,0
12941.0,377.49,1,381,13.981111111111112,2009-12-15 13:12:00,2009-12-15 13:12:00,0,1.0,1.0,0.9907874015748032,381.0,723,1
12942.0,942.65,3,272,10.358791208791208,2010-12-09 09:34:00,2011-07-31 14:39:00,234,7.8,0.3846153846153846,3.465625,90.66666666666669,130,1
12943.0,489.0,4,220,18.11111111111111,2010-04-13 11:03:00,2011-02-11 15:13:00,304,10.133333333333333,0.3947368421052631,2.2227272727272727,55.0,300,1
12944.0,604.51,2,289,20.15033333333333,2010-12-20 10:41:00,2011-11-04 11:04:00,319,10.633333333333333,0.1880877742946708,2.091730103806228,144.5,35,0
12945.0,900.11,2,446,17.64921568627451,2010-02-21 15:18:00,2011-02-24 14:15:00,367,12.233333333333333,0.1634877384196185,2.018183856502242,223.0,287,1
12946.0,324.45,1,149,16.2225,2010-09-29 10:14:00,2010-09-29 10:14:00,0,1.0,1.0,2.17751677852349,149.0,436,1
12947.0,1711.33,11,1341,14.261083333333334,2010-12-01 16:21:00,2011-07-19 10:06:00,229,7.633333333333334,1.4410480349344978,1.276159582401193,121.9090909090909,143,1
12948.0,2306.18,10,1301,18.158897637795278,2009-12-02 12:28:00,2011-11-23 17:10:00,721,24.03333333333333,0.4160887656033287,1.772621060722521,130.1,15,0
12949.0,15391.0,28,8197,21.22896551724138,2009-12-03 15:56:00,2011-11-09 11:25:00,705,23.5,1.1914893617021276,1.8776381603025496,292.75,30,0
12950.0,1843.0,3,1380,80.1304347826087,2011-11-15 13:48:00,2011-12-07 13:17:00,21,0.7,4.285714285714286,1.3355072463768116,460.0,1,0
12951.0,3164.42,20,1650,15.743383084577117,2010-01-10 12:43:00,2011-12-01 12:14:00,689,22.966666666666665,0.8708272859216256,1.917830303030303,82.5,8,0
12952.0,1382.84,5,652,17.285500000000003,2011-09-22 16:37:00,2011-12-04 10:35:00,72,2.4,2.083333333333333,2.120920245398773,130.4,5,0
12953.0,828.8100000000001,2,364,17.266875000000002,2010-07-05 13:37:00,2011-11-30 09:24:00,512,17.066666666666666,0.1171875,2.2769505494505498,182.0,9,0
12954.0,162.45,1,83,16.244999999999997,2010-03-11 10:16:00,2010-03-11 10:16:00,0,1.0,1.0,1.9572289156626503,83.0,638,1
12955.0,4734.26,14,3642,25.87027322404372,2011-03-17 09:03:00,2011-12-08 16:29:00,266,8.866666666666667,1.5789473684210529,1.299906644700714,260.1428571428572,0,0
12956.0,521.89,4,340,12.42595238095238,2009-12-15 19:03:00,2011-02-06 16:08:00,417,13.9,0.2877697841726618,1.534970588235294,85.0,305,1
12957.0,8628.42,21,4661,17.25684,2009-12-11 12:01:00,2011-12-05 16:32:00,724,24.133333333333333,0.8701657458563536,1.8511950225273544,221.95238095238096,3,0
12958.0,539.49,2,131,9.464736842105264,2010-05-05 16:22:00,2010-11-04 16:16:00,182,6.066666666666666,0.3296703296703296,4.11824427480916,65.5,399,1
12959.0,133.35,2,108,14.816666666666666,2010-01-11 10:09:00,2010-08-12 17:20:00,213,7.1,0.2816901408450704,1.2347222222222225,54.0,483,1
12960.0,1322.07,4,1379,18.886714285714284,2010-02-16 13:32:00,2010-10-22 09:31:00,247,8.233333333333333,0.4858299595141701,0.9587164612037709,344.75,413,1
12961.0,211.99,1,180,5.29975,2010-11-25 16:44:00,2010-11-25 16:44:00,0,1.0,1.0,1.177722222222222,180.0,378,1
12962.0,266.39,2,129,16.649375,2011-08-18 13:38:00,2011-12-02 15:55:00,106,3.533333333333333,0.5660377358490566,2.0650387596899225,64.5,6,0
12963.0,3512.79,14,1777,17.831421319796956,2010-07-08 14:45:00,2011-12-01 12:55:00,510,17.0,0.8235294117647058,1.976809229037704,126.92857142857144,7,0
12964.0,132.24,1,56,5.086153846153847,2010-09-28 17:47:00,2010-09-28 17:47:00,0,1.0,1.0,2.361428571428572,56.0,436,1
12965.0,771.91,1,283,7.081743119266055,2011-09-11 15:31:00,2011-09-11 15:31:00,0,1.0,1.0,2.727597173144876,283.0,88,0
12966.0,160.18,1,75,16.018,2011-11-30 12:38:00,2011-11-30 12:38:00,0,1.0,1.0,2.135733333333333,75.0,9,0
12967.0,3840.77,5,1077,40.859255319148936,2010-11-21 11:03:00,2011-12-06 14:19:00,380,12.666666666666666,0.3947368421052631,3.5661745589600744,215.4,2,0
12968.0,135.95,1,73,27.19,2011-08-19 15:44:00,2011-08-19 15:44:00,0,1.0,1.0,1.8623287671232875,73.0,111,1
12969.0,122.45,1,55,24.49,2010-04-16 10:50:00,2010-04-16 10:50:00,0,1.0,1.0,2.2263636363636365,55.0,602,1
12970.0,1524.97,10,1014,3.981644908616188,2009-12-04 14:19:00,2011-12-02 14:30:00,728,24.266666666666666,0.4120879120879121,1.5039151873767258,101.4,6,0
12971.0,15482.74,120,13061,36.09030303030303,2009-12-15 19:04:00,2011-12-06 12:20:00,720,24.0,5.0,1.185417655615956,108.84166666666668,3,0
12972.0,1115.95,6,829,13.128823529411765,2010-02-16 14:30:00,2010-10-22 08:41:00,247,8.233333333333333,0.7287449392712552,1.346139927623643,138.16666666666666,413,1
12973.0,385.55,1,31,64.25833333333334,2010-10-22 10:14:00,2010-10-22 10:14:00,0,1.0,1.0,12.437096774193549,31.0,413,1
12974.0,408.95,2,104,12.7796875,2010-05-23 11:45:00,2011-05-26 09:33:00,367,12.233333333333333,0.1634877384196185,3.932211538461538,52.0,197,1
12975.0,1993.99,8,903,16.89822033898305,2009-12-06 10:38:00,2010-10-05 19:03:00,303,10.1,0.7920792079207921,2.208183831672204,112.875,429,1
12976.0,3156.38,8,2684,20.495974025974025,2010-02-12 15:46:00,2011-05-12 09:55:00,453,15.1,0.5298013245033113,1.1759985096870342,335.5,211,1
12977.0,517.63,4,131,8.773389830508474,2010-07-16 16:25:00,2011-07-06 16:40:00,355,11.833333333333334,0.3380281690140845,3.9513740458015274,32.75,155,1
12978.0,2496.07,6,1393,15.219939024390245,2009-12-10 11:23:00,2010-11-19 14:29:00,344,11.466666666666669,0.5232558139534884,1.7918664752333096,232.16666666666663,384,1
12979.0,479.54,2,484,8.412982456140352,2009-12-10 15:45:00,2009-12-10 15:57:00,0,1.0,2.0,0.9907851239669422,242.0,728,1
12980.0,15909.39,26,1883,269.65067796610174,2009-12-02 11:26:00,2011-07-07 11:42:00,582,19.4,1.3402061855670104,8.448959107806692,72.42307692307692,155,1
12981.0,372.22,2,242,18.611,2011-07-29 14:14:00,2011-11-10 12:00:00,103,3.433333333333333,0.5825242718446603,1.5380991735537188,121.0,29,0
12982.0,2562.12,17,1665,11.972523364485982,2010-04-12 13:50:00,2011-04-14 10:49:00,366,12.2,1.3934426229508197,1.5388108108108107,97.94117647058825,239,1
12983.0,490.08,1,638,16.336000000000002,2010-04-20 12:58:00,2010-04-20 12:58:00,0,1.0,1.0,0.7681504702194358,638.0,597,1
12984.0,97.5,1,26,24.375,2011-11-21 12:37:00,2011-11-21 12:37:00,0,1.0,1.0,3.75,26.0,18,0
12985.0,1215.62,3,1413,15.584871794871791,2011-11-11 12:44:00,2011-12-09 10:46:00,27,0.9,3.333333333333333,0.8603113941967444,471.0,0,0
12986.0,1991.59,12,881,14.025281690140844,2010-01-21 10:45:00,2010-11-02 11:01:00,285,9.5,1.263157894736842,2.260601589103292,73.41666666666667,402,1
12987.0,1298.51,6,583,19.095735294117645,2010-01-20 09:57:00,2011-09-27 12:03:00,615,20.5,0.2926829268292683,2.2272898799313894,97.16666666666669,73,0
12988.0,535.32,1,136,5.818695652173914,2011-02-20 14:31:00,2011-02-20 14:31:00,0,1.0,1.0,3.936176470588236,136.0,291,1
12989.0,12846.8,39,6764,122.3504761904762,2009-12-10 13:27:00,2011-12-06 15:28:00,726,24.2,1.6115702479338845,1.8992903607332936,173.43589743589743,2,0
12990.0,955.5,7,480,35.388888888888886,2010-03-30 11:36:00,2011-11-08 13:01:00,588,19.6,0.3571428571428571,1.990625,68.57142857142857,30,0
12991.0,764.82,3,483,16.996000000000002,2010-11-15 13:43:00,2011-11-16 15:34:00,366,12.2,0.2459016393442623,1.5834782608695652,161.0,22,0
12992.0,93.35,1,21,15.558333333333335,2009-12-14 16:46:00,2009-12-14 16:46:00,0,1.0,1.0,4.445238095238095,21.0,724,1
12993.0,1191.26,10,648,14.527560975609756,2010-02-18 10:35:00,2011-11-16 15:49:00,636,21.2,0.4716981132075472,1.838364197530864,64.8,22,0
12994.0,902.22,5,440,12.35917808219178,2011-03-16 08:31:00,2011-12-05 15:43:00,264,8.8,0.5681818181818181,2.0505,88.0,3,0
12995.0,200.72,2,98,40.144,2011-09-15 15:44:00,2011-09-23 09:20:00,7,0.2333333333333333,8.571428571428571,2.0481632653061226,49.0,77,0
12996.0,355.5,1,122,16.15909090909091,2010-11-29 09:27:00,2010-11-29 09:27:00,0,1.0,1.0,2.9139344262295084,122.0,375,1
12997.0,2065.11,16,1163,17.06702479338843,2009-12-17 16:14:00,2011-11-17 15:47:00,699,23.3,0.6866952789699571,1.7756749785038697,72.6875,21,0
12998.0,897.38,4,1102,14.711147540983609,2010-02-24 11:55:00,2010-08-04 08:05:00,160,5.333333333333333,0.75,0.8143194192377495,275.5,492,1
12999.0,455.88,3,342,16.28142857142857,2011-04-08 10:26:00,2011-05-27 13:24:00,49,1.6333333333333333,1.836734693877551,1.332982456140351,114.0,195,1
13000.0,965.0,5,538,14.846153846153848,2009-12-14 17:03:00,2011-08-25 10:43:00,618,20.6,0.2427184466019417,1.7936802973977697,107.6,106,1
13001.0,24136.05,37,13518,23.410329776915614,2009-12-03 14:43:00,2011-12-05 14:51:00,732,24.4,1.5163934426229508,1.7854749223257875,365.35135135135135,3,0
13002.0,414.13,3,201,18.00565217391304,2010-10-01 11:58:00,2011-01-25 15:18:00,116,3.8666666666666663,0.7758620689655172,2.060348258706468,67.0,317,1
13003.0,149.05,3,103,24.84166666666667,2011-05-09 08:23:00,2011-08-26 10:50:00,109,3.633333333333333,0.8256880733944955,1.4470873786407767,34.333333333333336,105,1
13004.0,11143.99,46,8442,13.003488914819137,2009-12-15 09:44:00,2011-11-28 11:27:00,713,23.766666666666666,1.935483870967742,1.3200651504382848,183.5217391304348,11,0
13005.0,935.03,6,455,15.583833333333333,2010-09-08 12:52:00,2011-06-19 10:53:00,283,9.433333333333334,0.6360424028268551,2.055010989010989,75.83333333333333,173,1
13006.0,81.57,1,55,20.3925,2011-10-14 13:49:00,2011-10-14 13:49:00,0,1.0,1.0,1.483090909090909,55.0,55,0
13007.0,175.25,1,59,15.931818181818182,2010-05-09 10:38:00,2010-05-09 10:38:00,0,1.0,1.0,2.9703389830508478,59.0,579,1
13008.0,543.28,7,312,13.93025641025641,2009-12-16 16:07:00,2011-01-20 14:24:00,399,13.3,0.5263157894736842,1.7412820512820513,44.57142857142857,322,1
13009.0,234.0,1,120,58.5,2010-02-05 12:22:00,2010-02-05 12:22:00,0,1.0,1.0,1.95,120.0,672,1
13010.0,330.12,2,323,27.51,2010-03-01 11:28:00,2010-11-30 15:09:00,274,9.133333333333333,0.218978102189781,1.0220433436532508,161.5,373,1
13011.0,101.1,1,26,16.85,2010-12-02 17:22:00,2010-12-02 17:22:00,0,1.0,1.0,3.888461538461539,26.0,371,1
13012.0,2591.1800000000003,15,1393,14.80674285714286,2010-04-26 14:14:00,2011-11-30 13:05:00,582,19.4,0.7731958762886598,1.8601435750179471,92.86666666666666,8,0
13013.0,12601.82,31,6456,22.624452423698383,2009-12-14 10:34:00,2011-12-08 15:01:00,724,24.133333333333333,1.2845303867403317,1.951954770755886,208.25806451612905,0,0
13014.0,5220.83,18,1950,21.57367768595041,2010-10-03 11:35:00,2011-12-07 09:24:00,429,14.3,1.2587412587412588,2.677348717948718,108.33333333333331,2,0
13015.0,6465.72,14,3463,18.010362116991644,2010-04-15 16:35:00,2011-10-17 13:19:00,549,18.3,0.7650273224043715,1.8670863413225527,247.3571428571429,52,0
13016.0,789.89,3,527,16.806170212765956,2011-08-08 15:00:00,2011-09-27 14:08:00,49,1.6333333333333333,1.836734693877551,1.498842504743833,175.66666666666666,72,0
13017.0,204.0,1,48,204.0,2011-12-02 15:53:00,2011-12-02 15:53:00,0,1.0,1.0,4.25,48.0,6,0
13018.0,9742.81,37,6741,16.07724422442244,2010-03-01 12:34:00,2011-11-23 13:28:00,632,21.066666666666663,1.7563291139240509,1.445306334371755,182.1891891891892,15,0
13019.0,1212.95,8,395,21.279824561403508,2009-12-06 15:40:00,2010-11-25 14:56:00,353,11.766666666666667,0.6798866855524078,3.070759493670886,49.375,378,1
13020.0,606.96,5,271,14.451428571428572,2010-02-18 10:35:00,2010-06-09 15:54:00,111,3.7,1.351351351351351,2.2397047970479704,54.2,547,1
13021.0,4786.38,24,2508,17.99390977443609,2009-12-05 12:02:00,2011-12-05 16:37:00,730,24.33333333333333,0.9863013698630138,1.9084449760765552,104.5,3,0
13022.0,65.3,1,35,13.06,2010-10-06 10:50:00,2010-10-06 10:50:00,0,1.0,1.0,1.8657142857142857,35.0,429,1
13023.0,1449.03,3,585,19.06618421052632,2010-06-29 09:51:00,2011-10-06 16:27:00,464,15.466666666666669,0.1939655172413793,2.476974358974359,195.0,63,0
13024.0,535.42,3,174,15.747647058823528,2010-05-06 14:25:00,2010-09-01 14:55:00,118,3.933333333333333,0.7627118644067797,3.077126436781609,58.0,463,1
13025.0,323.39,1,241,24.876153846153844,2009-12-08 10:02:00,2009-12-08 10:02:00,0,1.0,1.0,1.3418672199170123,241.0,731,1
13026.0,1690.12,13,2431,19.65255813953488,2009-12-13 11:34:00,2011-12-08 16:58:00,725,24.166666666666668,0.5379310344827586,0.6952365281777046,187.0,0,0
13027.0,17148.0,23,42837,190.53333333333333,2010-01-20 10:41:00,2011-08-18 09:39:00,574,19.133333333333333,1.202090592334495,0.4003081448280692,1862.4782608695648,113,1
13028.0,659.68,3,796,14.035744680851062,2011-10-25 14:09:00,2011-11-17 11:10:00,22,0.7333333333333333,4.090909090909091,0.8287437185929648,265.3333333333333,22,0
13029.0,1927.3,5,194,113.37058823529412,2010-07-04 13:46:00,2011-11-09 09:13:00,492,16.4,0.3048780487804878,9.934536082474226,38.8,30,0
13030.0,1227.22,2,598,7.718364779874214,2010-12-06 14:31:00,2011-11-28 14:30:00,356,11.866666666666667,0.1685393258426966,2.052207357859532,299.0,10,0
13031.0,3419.27,5,2399,7.860390804597701,2010-06-03 14:57:00,2010-10-28 15:34:00,147,4.9,1.020408163265306,1.4252897040433514,479.8,406,1
13032.0,2817.59,11,1269,12.865707762557076,2010-09-05 14:01:00,2011-11-01 09:56:00,421,14.033333333333331,0.7838479809976248,2.2203230890464933,115.36363636363636,38,0
13033.0,220.55,2,98,16.965384615384615,2010-10-06 09:37:00,2010-12-17 14:23:00,72,2.4,0.8333333333333334,2.2505102040816327,49.0,356,1
13034.0,922.68,3,522,16.776,2010-11-03 15:22:00,2011-10-16 12:21:00,346,11.533333333333331,0.2601156069364161,1.7675862068965515,174.0,54,0
13035.0,1328.95,4,909,29.532222222222224,2010-10-04 15:41:00,2011-10-13 12:23:00,373,12.433333333333334,0.3217158176943699,1.461991199119912,227.25,57,0
13036.0,307.1,1,38,51.18333333333334,2010-01-24 11:35:00,2010-01-24 11:35:00,0,1.0,1.0,8.081578947368422,38.0,684,1
13037.0,3842.55,16,2105,15.944190871369296,2009-12-03 17:04:00,2011-07-24 15:46:00,597,19.9,0.8040201005025126,1.825439429928741,131.5625,137,1
13038.0,908.46,3,360,32.445,2011-02-22 11:43:00,2011-09-20 14:37:00,210,7.0,0.4285714285714285,2.5235000000000003,120.0,79,0
13039.0,1010.73,4,290,18.37690909090909,2009-12-17 16:43:00,2010-05-04 16:45:00,138,4.6,0.8695652173913044,3.4852758620689657,72.5,583,1
13040.0,676.99,2,355,15.743953488372092,2011-11-06 13:53:00,2011-12-01 10:38:00,24,0.8,2.5,1.9070140845070425,177.5,8,0
13041.0,799.13,4,335,22.832285714285717,2010-04-29 08:43:00,2010-09-15 11:44:00,139,4.633333333333334,0.8633093525179856,2.385462686567164,83.75,450,1
13042.0,1522.79,4,825,7.61395,2009-12-07 15:42:00,2010-05-04 13:10:00,147,4.9,0.8163265306122448,1.845806060606061,206.25,583,1
13043.0,471.57,2,251,33.683571428571426,2011-03-11 14:52:00,2011-03-31 12:14:00,19,0.6333333333333333,3.1578947368421053,1.878764940239044,125.5,253,1
13044.0,4824.2,13,2551,11.458907363420428,2010-01-08 14:46:00,2011-02-21 15:20:00,409,13.633333333333333,0.9535452322738388,1.8911015288122304,196.23076923076923,290,1
13045.0,808.92,3,405,17.976,2010-08-10 13:02:00,2011-09-01 15:04:00,387,12.9,0.2325581395348837,1.9973333333333327,135.0,98,1
13046.0,949.25,3,505,16.950892857142858,2010-09-09 13:09:00,2011-11-09 08:36:00,425,14.166666666666666,0.2117647058823529,1.8797029702970296,168.33333333333334,30,0
13047.0,8466.72,42,3376,19.15547511312217,2009-12-16 11:43:00,2011-11-08 12:10:00,692,23.066666666666663,1.8208092485549128,2.507914691943128,80.38095238095238,31,0
13048.0,4035.16,13,2692,14.78080586080586,2010-01-27 12:55:00,2011-11-25 13:23:00,667,22.23333333333333,0.5847076461769115,1.4989450222882614,207.07692307692307,13,0
13049.0,1384.14,5,606,49.43357142857143,2010-11-03 15:39:00,2011-10-06 15:31:00,336,11.2,0.4464285714285714,2.284059405940594,121.2,63,0
13050.0,11822.44,57,7128,11.291728748806111,2009-12-15 15:06:00,2011-11-30 17:28:00,715,23.83333333333333,2.391608391608392,1.658591470258137,125.05263157894736,8,0
13051.0,155.8,2,72,38.95,2010-03-30 11:11:00,2010-05-10 09:14:00,40,1.3333333333333333,1.5,2.163888888888889,36.0,578,1
13052.0,3168.53,7,1454,12.523833992094865,2010-02-23 12:31:00,2011-05-11 14:12:00,442,14.733333333333333,0.4751131221719457,2.1791815680880333,207.7142857142857,211,1
13053.0,127.65,1,47,7.508823529411765,2010-03-28 11:28:00,2010-03-28 11:28:00,0,1.0,1.0,2.7159574468085106,47.0,621,1
13054.0,-14.0,1,-1,-14.0,2010-01-26 16:24:00,2010-01-26 16:24:00,0,1.0,1.0,14.0,-1.0,681,1
13055.0,2292.51,6,1805,14.509556962025314,2010-10-06 08:17:00,2011-10-06 18:57:00,365,12.166666666666666,0.4931506849315069,1.2700886426592797,300.8333333333333,63,0
13056.0,209.48,1,158,11.025263157894736,2010-06-06 14:10:00,2010-06-06 14:10:00,0,1.0,1.0,1.3258227848101265,158.0,550,1
13057.0,540.74,4,453,12.575348837209305,2010-03-18 12:14:00,2010-06-27 15:44:00,101,3.3666666666666667,1.188118811881188,1.1936865342163356,113.25,529,1
13058.0,271.40000000000003,3,52,33.925000000000004,2011-07-11 12:01:00,2011-11-15 12:43:00,127,4.233333333333333,0.7086614173228346,5.21923076923077,17.333333333333332,24,0
13059.0,2272.62,12,859,11.085951219512197,2010-03-31 12:23:00,2011-04-04 10:40:00,368,12.266666666666667,0.9782608695652172,2.6456577415599534,71.58333333333333,249,1
13060.0,307.53,1,123,20.502,2011-03-31 11:37:00,2011-03-31 11:37:00,0,1.0,1.0,2.500243902439024,123.0,253,1
13061.0,248.61,1,107,24.861,2011-09-28 16:04:00,2011-09-28 16:04:00,0,1.0,1.0,2.323457943925234,107.0,71,0
13062.0,346.98,1,343,31.543636363636367,2011-06-01 15:12:00,2011-06-01 15:12:00,0,1.0,1.0,1.0116034985422742,343.0,190,1
13063.0,188.4,1,116,15.7,2010-08-16 12:27:00,2010-08-16 12:27:00,0,1.0,1.0,1.6241379310344828,116.0,480,1
13064.0,1680.74,6,670,17.880212765957445,2010-04-27 10:08:00,2011-11-27 12:31:00,579,19.3,0.310880829015544,2.5085671641791043,111.66666666666669,12,0
13065.0,1255.96,6,454,16.311168831168832,2010-06-10 11:44:00,2010-12-01 16:52:00,174,5.8,1.0344827586206895,2.766431718061674,75.66666666666667,372,1
13066.0,430.9,3,320,8.793877551020408,2011-11-07 17:06:00,2011-11-15 13:39:00,7,0.2333333333333333,12.857142857142858,1.3465625,106.66666666666669,23,0
13067.0,508.51,3,131,15.8909375,2010-09-19 13:43:00,2011-09-18 13:38:00,363,12.1,0.2479338842975206,3.88175572519084,43.66666666666666,81,0
13068.0,344.0,2,200,172.0,2011-01-24 08:20:00,2011-11-29 15:00:00,309,10.3,0.1941747572815534,1.72,100.0,9,0
13069.0,8747.47,42,14696,7.521470335339639,2010-06-14 14:27:00,2011-12-09 08:39:00,542,18.066666666666663,2.3247232472324724,0.5952279531845399,349.9047619047619,0,0
13070.0,743.9,5,368,21.254285714285714,2009-12-02 12:23:00,2011-05-31 13:45:00,545,18.166666666666668,0.2752293577981651,2.021467391304348,73.6,191,1
13071.0,129.22,1,30,10.768333333333333,2010-04-06 13:37:00,2010-04-06 13:37:00,0,1.0,1.0,4.307333333333333,30.0,611,1
13072.0,177.15,1,69,25.307142857142857,2011-03-18 08:12:00,2011-03-18 08:12:00,0,1.0,1.0,2.5673913043478263,69.0,266,1
13073.0,418.08,2,261,15.484444444444444,2010-09-28 09:27:00,2010-10-24 14:06:00,26,0.8666666666666667,2.3076923076923075,1.60183908045977,130.5,410,1
13074.0,1362.84,5,824,45.428,2009-12-16 11:46:00,2010-07-16 16:53:00,212,7.066666666666666,0.7075471698113208,1.6539320388349517,164.8,510,1
13075.0,919.61,1,485,41.80045454545455,2011-08-02 10:19:00,2011-08-02 10:19:00,0,1.0,1.0,1.8961030927835048,485.0,129,1
13076.0,135.4,1,44,15.044444444444444,2010-09-08 10:27:00,2010-09-08 10:27:00,0,1.0,1.0,3.077272727272728,44.0,457,1
13077.0,3040.17,14,2724,8.588050847457627,2009-12-11 11:17:00,2011-12-08 19:24:00,727,24.23333333333333,0.577716643741403,1.116068281938326,194.57142857142856,0,0
13078.0,28883.83,95,12023,33.78225730994152,2009-12-01 09:06:00,2011-12-08 18:48:00,737,24.566666666666663,3.8670284938941655,2.402381269233969,126.5578947368421,0,0
13079.0,419.18,6,158,24.657647058823528,2010-10-18 14:15:00,2011-12-05 16:53:00,413,13.766666666666667,0.4358353510895884,2.6530379746835444,26.33333333333333,3,0
13080.0,260.83,5,191,13.0415,2010-04-09 13:07:00,2011-06-13 14:59:00,430,14.333333333333334,0.3488372093023256,1.3656020942408376,38.2,178,1
13081.0,58328.15,44,41152,24.00335390946502,2009-12-08 13:58:00,2011-12-08 13:13:00,729,24.3,1.8106995884773665,1.417383116251944,935.2727272727273,0,0
13082.0,7268.92,25,8413,54.24567164179105,2009-12-22 15:37:00,2011-08-05 16:16:00,591,19.7,1.269035532994924,0.8640104600023772,336.52,125,1
13083.0,395.43,3,307,17.974090909090908,2010-10-10 13:38:00,2011-12-05 15:01:00,421,14.033333333333331,0.2137767220902612,1.288045602605863,102.33333333333331,3,0
13084.0,116.45,2,137,29.1125,2010-08-05 08:49:00,2010-08-09 12:40:00,4,0.1333333333333333,15.0,0.8499999999999999,68.5,487,1
13085.0,1459.46,10,835,15.863695652173911,2009-12-01 07:45:00,2011-07-05 12:11:00,581,19.366666666666667,0.5163511187607573,1.7478562874251498,83.5,157,1
13086.0,439.33,1,155,9.34744680851064,2010-11-22 10:28:00,2010-11-22 10:28:00,0,1.0,1.0,2.834387096774194,155.0,382,1
13087.0,313.64,1,86,20.909333333333333,2009-12-13 15:16:00,2009-12-13 15:16:00,0,1.0,1.0,3.646976744186047,86.0,725,1
13088.0,236.11,1,76,11.8055,2010-10-18 15:35:00,2010-10-18 15:35:00,0,1.0,1.0,3.1067105263157897,76.0,416,1
13089.0,113214.19,247,59243,32.93024723676556,2009-12-02 15:44:00,2011-12-07 09:02:00,734,24.466666666666665,10.095367847411444,1.911013790658812,239.8502024291498,2,0
13090.0,13771.28,30,3363,47.323986254295534,2010-08-02 13:58:00,2011-12-01 12:39:00,485,16.166666666666668,1.8556701030927836,4.094939042521558,112.1,8,0
13091.0,-130.21999999999997,6,-1085,-1.0673770491803276,2009-12-08 12:25:00,2011-11-18 16:48:00,710,23.666666666666668,0.2535211267605634,0.1200184331797234,-180.83333333333331,20,0
13092.0,2007.33,15,601,17.45504347826087,2010-02-10 08:44:00,2011-09-30 11:18:00,597,19.9,0.7537688442211056,3.339983361064892,40.06666666666667,70,0
13093.0,54073.73,88,26055,48.67122412241224,2009-12-04 10:32:00,2011-03-17 17:16:00,468,15.6,5.641025641025641,2.0753686432546536,296.07954545454544,266,1
13094.0,2214.6600000000003,17,1914,58.28052631578948,2010-11-15 14:15:00,2011-11-18 14:07:00,367,12.233333333333333,1.3896457765667576,1.1570846394984329,112.58823529411764,20,0
13095.0,74.39999999999999,1,144,12.4,2011-09-30 12:03:00,2011-09-30 12:03:00,0,1.0,1.0,0.5166666666666666,144.0,70,0
13096.0,419.7000000000001,1,6,419.7000000000001,2010-11-10 14:08:00,2010-11-10 14:08:00,0,1.0,1.0,69.95,6.0,393,1
13097.0,12861.73,40,5350,12.34331094049904,2009-12-01 13:31:00,2011-11-07 10:43:00,705,23.5,1.702127659574468,2.4040616822429905,133.75,32,0
13098.0,28658.88,41,15911,47.37004958677686,2011-01-26 13:46:00,2011-12-08 14:14:00,316,10.533333333333331,3.892405063291139,1.801199170385268,388.0731707317073,0,0
13099.0,207.36,1,288,207.36,2011-09-01 17:40:00,2011-09-01 17:40:00,0,1.0,1.0,0.72,288.0,98,1
13100.0,-1598.67,1,-1,-1598.67,2010-03-25 12:28:00,2010-03-25 12:28:00,0,1.0,1.0,1598.67,-1.0,624,1
13101.0,695.4,4,478,13.635294117647058,2010-01-27 15:49:00,2011-04-19 14:37:00,446,14.866666666666667,0.2690582959641255,1.4548117154811715,119.5,233,1
13102.0,11440.12,42,6510,22.789083665338648,2010-05-06 13:12:00,2011-12-08 12:52:00,580,19.33333333333333,2.1724137931034484,1.75731490015361,155.0,0,0
13103.0,709.64,3,426,21.504242424242424,2010-05-11 14:41:00,2011-10-31 09:38:00,537,17.9,0.1675977653631285,1.6658215962441314,142.0,39,0
13104.0,1709.1,9,834,56.97,2010-02-24 15:06:00,2011-12-06 13:10:00,649,21.633333333333333,0.4160246533127889,2.0492805755395684,92.66666666666669,2,0
13105.0,72.0,1,100,72.0,2010-09-29 13:41:00,2010-09-29 13:41:00,0,1.0,1.0,0.72,100.0,435,1
13106.0,586.46,3,227,34.49764705882353,2010-10-22 13:10:00,2011-08-03 11:50:00,284,9.466666666666669,0.3169014084507042,2.58352422907489,75.66666666666667,128,1
13107.0,5109.62,15,4255,27.03502645502645,2009-12-08 18:43:00,2011-10-26 14:52:00,686,22.866666666666667,0.6559766763848396,1.2008507638072856,283.6666666666667,43,0
13108.0,1098.52,2,1043,24.411555555555555,2010-09-30 17:09:00,2010-12-02 10:35:00,62,2.066666666666667,0.9677419354838708,1.0532310642377756,521.5,372,1
13109.0,1107.58,7,750,14.967297297297296,2010-06-06 12:59:00,2011-12-07 12:38:00,548,18.266666666666666,0.3832116788321168,1.4767733333333333,107.14285714285714,2,0
13110.0,2896.17,14,757,11.40224409448819,2009-12-01 14:14:00,2011-11-08 14:30:00,707,23.566666666666663,0.594059405940594,3.825852047556143,54.07142857142857,30,0
13111.0,321.88,1,180,26.82333333333333,2009-12-21 09:00:00,2009-12-21 09:00:00,0,1.0,1.0,1.7882222222222222,180.0,718,1
13112.0,-5.439999999999998,3,-1,-1.0879999999999996,2009-12-08 17:40:00,2010-06-16 17:03:00,189,6.3,0.4761904761904762,5.439999999999998,-0.3333333333333333,540,1
13113.0,16600.25,60,4047,33.333835341365464,2010-03-28 16:13:00,2011-12-09 12:49:00,620,20.666666666666668,2.9032258064516125,4.1018655794415615,67.45,0,0
13114.0,234.38,1,74,14.64875,2009-12-09 09:56:00,2009-12-09 09:56:00,0,1.0,1.0,3.167297297297297,74.0,730,1
13115.0,5374.45,23,3893,16.23700906344411,2010-02-17 13:06:00,2011-12-01 09:39:00,651,21.7,1.0599078341013826,1.380541998458772,169.2608695652174,8,0
13116.0,485.19,2,290,15.651290322580644,2011-07-24 14:33:00,2011-08-14 14:36:00,21,0.7,2.857142857142857,1.6730689655172413,145.0,116,1
13117.0,2642.11,19,2065,13.97941798941799,2010-03-26 13:50:00,2011-11-18 12:02:00,601,20.03333333333333,0.9484193011647254,1.2794721549636805,108.6842105263158,21,0
13118.0,2334.1,12,811,15.355921052631578,2010-09-26 15:46:00,2011-11-20 12:46:00,419,13.966666666666669,0.8591885441527446,2.878051787916153,67.58333333333333,19,0
13119.0,134.9,1,110,12.263636363636364,2010-02-09 08:38:00,2010-02-09 08:38:00,0,1.0,1.0,1.2263636363636363,110.0,668,1
13120.0,30.6,1,12,30.6,2011-04-15 10:19:00,2011-04-15 10:19:00,0,1.0,1.0,2.55,12.0,238,1
13121.0,254.73,2,227,4.806226415094339,2011-03-15 16:47:00,2011-03-15 16:51:00,0,1.0,2.0,1.12215859030837,113.5,268,1
13122.0,922.39,2,585,16.77072727272727,2011-04-13 14:12:00,2011-09-06 15:53:00,146,4.866666666666666,0.4109589041095891,1.5767350427350426,292.5,93,1
13123.0,506.75,2,268,11.261111111111113,2010-06-28 12:43:00,2010-08-24 10:18:00,56,1.8666666666666667,1.0714285714285714,1.890858208955224,134.0,472,1
13124.0,4782.45,4,2783,16.048489932885907,2010-11-19 15:50:00,2011-09-11 12:45:00,295,9.833333333333334,0.4067796610169491,1.7184513115343154,695.75,89,0
13125.0,158.57,1,54,7.55095238095238,2010-07-04 11:58:00,2010-07-04 11:58:00,0,1.0,1.0,2.936481481481481,54.0,523,1
13126.0,3902.47,19,3381,15.0095,2010-03-02 12:24:00,2011-12-05 10:00:00,642,21.4,0.8878504672897197,1.1542354333037563,177.94736842105263,4,0
13127.0,259.17,1,127,17.278000000000002,2011-09-23 10:26:00,2011-09-23 10:26:00,0,1.0,1.0,2.040708661417323,127.0,77,0
13128.0,263.5,1,31,263.5,2010-03-18 15:08:00,2010-03-18 15:08:00,0,1.0,1.0,8.5,31.0,630,1
13129.0,233.25,2,296,21.204545454545453,2010-06-28 11:54:00,2010-09-13 13:47:00,77,2.566666666666667,0.7792207792207791,0.7880067567567568,148.0,451,1
13130.0,64.0,1,32,32.0,2011-09-06 15:30:00,2011-09-06 15:30:00,0,1.0,1.0,2.0,32.0,93,1
13131.0,3279.77,8,1519,21.720331125827816,2010-02-09 09:47:00,2011-11-16 13:21:00,645,21.5,0.3720930232558139,2.1591639236339697,189.875,22,0
13132.0,77.3,1,20,25.766666666666666,2011-03-23 12:44:00,2011-03-23 12:44:00,0,1.0,1.0,3.865,20.0,261,1
13133.0,200.45,3,55,16.70416666666667,2010-09-06 15:30:00,2011-03-11 10:31:00,185,6.166666666666667,0.4864864864864864,3.644545454545455,18.33333333333333,273,1
13134.0,2422.28,9,1349,18.9240625,2010-10-19 13:21:00,2011-09-28 09:22:00,343,11.433333333333334,0.7871720116618076,1.7956115641215715,149.88888888888889,72,0
13135.0,3371.45,2,4423,187.30277777777775,2010-08-05 17:28:00,2011-05-27 10:52:00,294,9.8,0.2040816326530612,0.7622541261587158,2211.5,196,1
13136.0,6077.8,24,3038,17.6168115942029,2009-12-08 17:27:00,2011-10-20 19:13:00,681,22.7,1.0572687224669604,2.0005924950625413,126.58333333333331,49,0
13137.0,7667.37,17,4293,5.317177531206657,2010-07-25 15:40:00,2011-11-29 12:09:00,491,16.366666666666667,1.0386965376782078,1.7860167714884696,252.52941176470588,10,0
13138.0,1454.49,8,717,14.5449,2010-11-08 11:45:00,2011-11-17 16:51:00,374,12.466666666666669,0.6417112299465241,2.0285774058577406,89.625,21,0
13139.0,8193.83,9,4607,30.460334572490705,2010-09-28 09:12:00,2011-11-23 13:54:00,421,14.033333333333331,0.6413301662707839,1.7785608856088562,511.8888888888889,15,0
13140.0,1215.68,5,648,9.964590163934426,2010-08-05 19:05:00,2011-08-23 15:33:00,382,12.733333333333333,0.3926701570680628,1.8760493827160492,129.6,107,1
13141.0,7536.63,21,5134,17.486380510440835,2009-12-09 13:34:00,2011-09-16 09:54:00,645,21.5,0.9767441860465116,1.4679840280483054,244.47619047619048,84,0
13142.0,307.09,1,258,13.35173913043478,2011-11-20 16:07:00,2011-11-20 16:07:00,0,1.0,1.0,1.1902713178294573,258.0,18,0
13143.0,399.2,2,196,16.633333333333333,2010-05-04 12:22:00,2010-05-06 16:34:00,2,0.0666666666666666,30.0,2.036734693877551,98.0,581,1
13144.0,135.35,2,29,22.558333333333334,2010-10-04 14:14:00,2011-01-11 11:15:00,98,3.2666666666666666,0.6122448979591837,4.667241379310345,14.5,332,1
13145.0,1419.77,8,263,129.07,2010-04-19 11:11:00,2011-10-31 12:45:00,560,18.666666666666668,0.4285714285714285,5.398365019011407,32.875,39,0
13146.0,228.91,1,154,13.465294117647058,2011-11-13 15:29:00,2011-11-13 15:29:00,0,1.0,1.0,1.4864285714285714,154.0,25,0
13147.0,712.8000000000001,4,144,178.20000000000002,2011-09-01 12:28:00,2011-11-29 13:59:00,89,2.966666666666667,1.348314606741573,4.95,36.0,9,0
13148.0,8123.6,36,4390,9.659453032104638,2009-12-07 15:26:00,2011-11-10 15:23:00,702,23.4,1.5384615384615383,1.850478359908884,121.94444444444444,28,0
13149.0,1676.06,4,1280,19.48906976744186,2011-02-23 13:57:00,2011-11-25 13:09:00,274,9.133333333333333,0.437956204379562,1.309421875,320.0,13,0
13150.0,435.02,4,170,48.33555555555555,2010-03-19 09:03:00,2010-08-26 10:15:00,160,5.333333333333333,0.75,2.5589411764705883,42.5,470,1
13151.0,2511.69,5,825,13.800494505494504,2010-03-22 09:40:00,2011-05-20 12:55:00,424,14.133333333333333,0.3537735849056604,3.044472727272727,165.0,202,1
13152.0,2114.98,9,969,15.325942028985509,2010-01-14 10:01:00,2010-10-18 13:44:00,277,9.233333333333333,0.9747292418772564,2.182641898864809,107.66666666666669,416,1
13153.0,486.22,1,418,32.41466666666667,2011-12-04 12:14:00,2011-12-04 12:14:00,0,1.0,1.0,1.1632057416267942,418.0,5,0
13154.0,997.43,5,972,10.282783505154638,2009-12-04 08:46:00,2011-07-18 15:21:00,591,19.7,0.2538071065989847,1.0261625514403292,194.4,143,1
13155.0,1750.18,6,909,10.671829268292685,2010-08-05 09:30:00,2011-11-06 15:41:00,458,15.266666666666667,0.3930131004366812,1.9253905390539052,151.5,32,0
13156.0,1586.54,3,914,15.255192307692308,2010-02-01 13:45:00,2010-11-19 13:09:00,290,9.666666666666666,0.3103448275862069,1.73582056892779,304.6666666666667,384,1
13157.0,5667.71,10,4753,22.40201581027668,2010-03-08 11:59:00,2011-10-21 13:50:00,592,19.73333333333333,0.5067567567567567,1.1924489795918367,475.3,48,0
13158.0,1508.18,5,992,15.0818,2010-11-16 17:12:00,2011-09-06 11:58:00,293,9.766666666666667,0.5119453924914675,1.520342741935484,198.4,94,1
13159.0,1379.75,5,1045,11.309426229508198,2011-08-16 11:44:00,2011-12-01 11:20:00,106,3.533333333333333,1.4150943396226416,1.320334928229665,209.0,8,0
13160.0,91.8,1,56,22.95,2011-11-17 13:07:00,2011-11-17 13:07:00,0,1.0,1.0,1.6392857142857142,56.0,21,0
13161.0,478.88,2,106,14.08470588235294,2010-07-27 12:44:00,2011-01-30 14:03:00,187,6.233333333333333,0.320855614973262,4.517735849056604,53.0,312,1
13162.0,9116.94,19,5668,37.51827160493827,2009-12-04 13:59:00,2011-08-09 15:59:00,613,20.433333333333334,0.929853181076672,1.6084932956951306,298.3157894736842,121,1
13163.0,0.0,2,0,0.0,2010-02-21 16:22:00,2010-04-08 16:21:00,45,1.5,1.3333333333333333,,0.0,609,1
13164.0,297.46,3,114,24.78833333333333,2010-02-10 11:52:00,2010-05-19 13:52:00,98,3.2666666666666666,0.9183673469387756,2.609298245614035,38.0,568,1
13165.0,1451.16,3,1736,29.61551020408163,2010-10-22 17:04:00,2011-10-24 15:05:00,366,12.2,0.2459016393442623,0.835921658986175,578.6666666666666,45,0
13166.0,881.68,3,525,12.59542857142857,2010-10-21 14:29:00,2011-03-02 14:28:00,131,4.366666666666666,0.6870229007633588,1.679390476190476,175.0,281,1
13167.0,1125.15,5,1007,13.890740740740744,2010-11-14 12:58:00,2011-11-21 12:24:00,371,12.366666666666667,0.4043126684636118,1.1173286991062563,201.4,18,0
13168.0,1866.26,6,910,10.254175824175825,2010-06-15 15:00:00,2011-11-03 12:56:00,505,16.833333333333332,0.3564356435643565,2.050835164835165,151.66666666666666,35,0
13169.0,840.08,3,296,46.67111111111112,2010-05-26 15:58:00,2011-10-07 12:11:00,498,16.6,0.180722891566265,2.8381081081081083,98.66666666666669,63,0
13170.0,116.01,1,147,3.6253125,2011-11-13 12:19:00,2011-11-13 12:19:00,0,1.0,1.0,0.7891836734693878,147.0,26,0
13171.0,426.81,5,227,8.891875,2011-02-13 14:16:00,2011-12-01 15:06:00,291,9.7,0.5154639175257733,1.8802202643171808,45.4,7,0
13172.0,69.6,1,48,69.6,2010-11-04 15:10:00,2010-11-04 15:10:00,0,1.0,1.0,1.45,48.0,399,1
13173.0,2620.5,13,1617,10.398809523809524,2009-12-10 12:52:00,2011-12-05 15:51:00,725,24.166666666666668,0.5379310344827586,1.6205936920222634,124.3846153846154,3,0
13174.0,9494.84,12,4541,8.387667844522968,2009-12-04 15:40:00,2011-11-23 14:35:00,718,23.933333333333334,0.5013927576601671,2.0909138956177054,378.4166666666667,15,0
13175.0,793.1,4,392,15.550980392156864,2009-12-04 12:11:00,2010-06-03 19:13:00,181,6.033333333333333,0.6629834254143646,2.023214285714286,98.0,553,1
13176.0,492.84,1,453,6.845,2011-10-24 15:43:00,2011-10-24 15:43:00,0,1.0,1.0,1.0879470198675496,453.0,45,0
13177.0,512.2,2,180,17.073333333333334,2010-10-05 10:35:00,2011-10-06 09:56:00,365,12.166666666666666,0.1643835616438356,2.845555555555556,90.0,64,0
13178.0,13997.89,25,8749,20.11191091954023,2009-12-16 14:00:00,2011-11-13 16:14:00,697,23.23333333333333,1.0760401721664274,1.5999417076237283,349.96,25,0
13179.0,572.3100000000001,1,368,16.832647058823532,2010-03-31 11:40:00,2010-03-31 11:40:00,0,1.0,1.0,1.5551902173913046,368.0,618,1
13180.0,86.1,1,42,21.525,2010-04-11 13:37:00,2010-04-11 13:37:00,0,1.0,1.0,2.05,42.0,606,1
13181.0,359.69,1,171,18.931052631578947,2010-11-23 15:05:00,2010-11-23 15:05:00,0,1.0,1.0,2.103450292397661,171.0,380,1
13182.0,121.18,1,201,11.016363636363636,2011-10-25 13:46:00,2011-10-25 13:46:00,0,1.0,1.0,0.6028855721393035,201.0,44,0
13183.0,7010.88,18,4001,43.54583850931677,2010-03-14 12:32:00,2011-12-02 10:30:00,627,20.9,0.861244019138756,1.7522819295176206,222.27777777777777,7,0
13184.0,1648.79,12,1662,9.009781420765028,2011-02-22 17:25:00,2011-11-25 12:02:00,275,9.166666666666666,1.309090909090909,0.99205174488568,138.5,14,0
13185.0,71.4,1,12,71.4,2011-03-17 11:56:00,2011-03-17 11:56:00,0,1.0,1.0,5.95,12.0,267,1
13186.0,1539.69,5,804,18.329642857142854,2011-08-03 09:09:00,2011-10-31 11:40:00,89,2.966666666666667,1.6853932584269662,1.915037313432836,160.8,39,0
13187.0,348.31,5,353,5.358615384615384,2010-03-25 17:18:00,2011-01-06 18:57:00,287,9.566666666666666,0.5226480836236934,0.98671388101983,70.6,336,1
13188.0,114.6,1,25,57.3,2011-11-28 15:28:00,2011-11-28 15:28:00,0,1.0,1.0,4.5840000000000005,25.0,10,0
13189.0,260.68,2,842,8.988965517241379,2011-08-16 13:12:00,2011-11-21 10:39:00,96,3.2,0.625,0.3095961995249406,421.0,18,0
13190.0,518.76,4,306,28.82,2009-12-07 12:13:00,2010-06-13 15:47:00,188,6.266666666666667,0.6382978723404256,1.6952941176470588,76.5,543,1
13191.0,164.69,1,115,2.79135593220339,2010-02-19 17:02:00,2010-02-19 17:02:00,0,1.0,1.0,1.4320869565217391,115.0,657,1
13192.0,2544.53,8,1618,15.42139393939394,2010-01-22 08:37:00,2011-09-05 14:13:00,591,19.7,0.4060913705583756,1.5726390605686034,202.25,94,1
13193.0,117.88,1,50,4.0648275862068965,2011-10-09 14:30:00,2011-10-09 14:30:00,0,1.0,1.0,2.3576,50.0,60,0
13194.0,472.78,2,326,47.278,2010-10-14 11:54:00,2011-07-27 09:01:00,285,9.5,0.2105263157894736,1.450245398773006,163.0,135,1
13195.0,172.38,1,83,3.315,2010-10-21 13:07:00,2010-10-21 13:07:00,0,1.0,1.0,2.076867469879518,83.0,413,1
13196.0,3059.64,8,2004,16.103368421052632,2010-04-01 12:54:00,2011-11-28 13:54:00,606,20.2,0.396039603960396,1.5267664670658685,250.5,10,0
13197.0,373.01,1,204,19.632105263157893,2010-04-09 09:14:00,2010-04-09 09:14:00,0,1.0,1.0,1.8284803921568624,204.0,609,1
13198.0,4912.28,12,3438,15.255527950310558,2010-10-01 13:27:00,2011-11-29 15:17:00,424,14.133333333333333,0.8490566037735849,1.4288190808609655,286.5,9,0
13199.0,16404.98,69,12010,78.49272727272727,2009-12-05 10:11:00,2011-12-06 12:30:00,731,24.366666666666667,2.831737346101231,1.3659433805162364,174.05797101449275,3,0
13200.0,870.09,4,516,18.915,2011-08-05 14:50:00,2011-11-20 15:35:00,107,3.566666666666667,1.1214953271028036,1.686220930232558,129.0,18,0
13201.0,1240.61,4,1039,14.097840909090907,2010-03-07 11:01:00,2010-07-25 14:30:00,140,4.666666666666667,0.8571428571428571,1.1940423484119345,259.75,501,1
13202.0,1571.35,8,571,22.447857142857146,2009-12-09 10:48:00,2010-11-26 12:05:00,352,11.733333333333333,0.6818181818181819,2.7519264448336256,71.375,378,1
13203.0,2630.55,11,2407,15.473823529411764,2009-12-17 14:15:00,2011-11-30 10:45:00,712,23.73333333333333,0.4634831460674157,1.0928749480681348,218.8181818181818,9,0
13204.0,966.66,1,428,16.958947368421054,2009-12-08 14:56:00,2009-12-08 14:56:00,0,1.0,1.0,2.258551401869159,428.0,730,1
13205.0,2803.2,1,256,2803.2,2010-09-22 16:26:00,2010-09-22 16:26:00,0,1.0,1.0,10.95,256.0,442,1
13206.0,8280.13,15,6878,14.178304794520546,2009-12-07 13:48:00,2010-11-04 16:50:00,332,11.066666666666666,1.355421686746988,1.2038572259377724,458.53333333333336,399,1
13207.0,535.86,4,178,41.22,2010-04-06 16:37:00,2011-11-24 14:52:00,596,19.866666666666667,0.2013422818791946,3.0104494382022478,44.5,14,0
13208.0,1970.5,10,1327,7.727450980392157,2009-12-03 13:25:00,2011-10-12 09:54:00,677,22.566666666666663,0.4431314623338257,1.4849284099472495,132.7,58,0
13209.0,8438.06,16,5760,22.56165775401069,2010-01-24 14:30:00,2011-11-09 13:54:00,653,21.766666666666666,0.7350689127105666,1.4649409722222222,360.0,29,0
13210.0,353.48,1,316,16.067272727272726,2011-09-07 08:18:00,2011-09-07 08:18:00,0,1.0,1.0,1.118607594936709,316.0,93,1
13211.0,2706.87,12,1885,12.95153110047847,2009-12-06 14:37:00,2011-11-29 14:43:00,723,24.1,0.4979253112033194,1.4360053050397878,157.08333333333334,9,0
13212.0,780.58,4,309,5.458601398601399,2011-10-09 14:48:00,2011-11-30 15:12:00,52,1.7333333333333334,2.3076923076923075,2.526148867313916,77.25,8,0
13213.0,3834.62,14,2952,18.347464114832537,2010-05-20 14:50:00,2011-10-14 11:42:00,511,17.033333333333335,0.821917808219178,1.298990514905149,210.8571428571429,56,0
13214.0,3264.23,7,2966,14.254279475982532,2010-03-03 14:10:00,2010-10-18 10:00:00,228,7.6,0.9210526315789476,1.1005495616992582,423.7142857142857,417,1
13215.0,81.6,1,96,81.6,2010-11-02 18:26:00,2010-11-02 18:26:00,0,1.0,1.0,0.85,96.0,401,1
13216.0,333.74,1,297,66.748,2011-03-17 12:18:00,2011-03-17 12:18:00,0,1.0,1.0,1.1237037037037036,297.0,267,1
13217.0,266.12,6,364,33.265,2010-02-22 12:49:00,2011-08-09 15:32:00,533,17.766666666666666,0.3377110694183865,0.7310989010989011,60.66666666666666,121,1
13218.0,62.64,1,88,12.528,2011-08-04 16:59:00,2011-08-04 16:59:00,0,1.0,1.0,0.7118181818181818,88.0,126,1
13219.0,76.23,1,11,6.930000000000001,2010-03-31 14:18:00,2010-03-31 14:18:00,0,1.0,1.0,6.930000000000001,11.0,617,1
13220.0,1336.09,5,396,25.20924528301887,2010-05-13 10:35:00,2011-09-22 13:38:00,497,16.566666666666666,0.3018108651911468,3.3739646464646467,79.2,77,0
13221.0,847.41,2,244,12.839545454545457,2010-12-15 13:24:00,2011-04-13 16:58:00,119,3.966666666666667,0.5042016806722689,3.4729918032786884,122.0,239,1
13222.0,88.5,1,30,88.5,2010-05-11 13:54:00,2010-05-11 13:54:00,0,1.0,1.0,2.95,30.0,576,1
13223.0,969.12,6,568,74.54769230769232,2010-02-12 13:27:00,2011-05-23 13:03:00,464,15.466666666666669,0.3879310344827586,1.7061971830985918,94.66666666666669,199,1
13224.0,2150.85,3,1512,19.732568807339447,2011-07-11 14:10:00,2011-10-10 15:00:00,91,3.033333333333333,0.989010989010989,1.4225198412698412,504.0,59,0
13225.0,15879.27,17,7337,125.0336220472441,2009-12-17 09:09:00,2011-12-06 13:29:00,719,23.966666666666665,0.7093184979137692,2.164272863568216,431.5882352941176,2,0
13226.0,312.46,2,179,11.159285714285714,2010-11-11 13:46:00,2011-03-11 14:35:00,120,4.0,0.5,1.7455865921787708,89.5,272,1
13227.0,257.7,1,99,28.633333333333333,2011-05-22 11:47:00,2011-05-22 11:47:00,0,1.0,1.0,2.603030303030303,99.0,201,1
13228.0,358.0,1,200,179.0,2011-09-19 14:28:00,2011-09-19 14:28:00,0,1.0,1.0,1.79,200.0,80,0
13229.0,160.95,1,63,16.095,2011-04-28 12:07:00,2011-04-28 12:07:00,0,1.0,1.0,2.554761904761905,63.0,225,1
13230.0,6317.22,31,3514,4.71434328358209,2010-03-18 20:02:00,2011-12-05 16:03:00,626,20.866666666666667,1.485623003194888,1.7977290836653388,113.35483870967742,3,0
13231.0,-355.2,1,-1,-355.2,2010-06-11 16:53:00,2010-06-11 16:53:00,0,1.0,1.0,355.2,-1.0,545,1
13232.0,1357.6,7,778,6.558454106280193,2011-04-10 13:48:00,2011-11-27 10:39:00,230,7.666666666666667,0.9130434782608696,1.7449871465295628,111.14285714285714,12,0
13233.0,1176.46,4,1604,15.479736842105265,2010-01-14 14:10:00,2011-09-26 13:25:00,619,20.633333333333333,0.1938610662358643,0.7334538653366584,401.0,73,0
13234.0,356.95,2,162,5.665873015873015,2009-12-07 12:32:00,2010-02-05 11:41:00,59,1.9666666666666663,1.0169491525423728,2.203395061728395,81.0,672,1
13235.0,101.17000000000009,2,440,1.7147457627118656,2011-05-11 17:13:00,2011-05-12 09:48:00,0,1.0,2.0,0.2299318181818183,220.0,211,1
13236.0,727.27,3,411,18.64794871794872,2011-08-25 08:58:00,2011-11-15 12:50:00,82,2.7333333333333334,1.0975609756097562,1.769513381995134,137.0,24,0
13237.0,643.0,1,128,26.791666666666668,2010-11-17 10:07:00,2010-11-17 10:07:00,0,1.0,1.0,5.0234375,128.0,387,1
13238.0,986.73,7,440,20.556875,2010-04-28 15:02:00,2011-11-28 15:30:00,579,19.3,0.3626943005181347,2.2425681818181817,62.85714285714285,10,0
13239.0,1579.84,6,1184,16.629894736842104,2010-07-25 13:34:00,2011-03-23 10:25:00,240,8.0,0.75,1.3343243243243244,197.33333333333331,261,1
13240.0,1661.17,9,846,7.16021551724138,2010-02-25 13:17:00,2011-09-04 14:08:00,556,18.53333333333333,0.4856115107913669,1.9635579196217492,94.0,95,1
13241.0,115.58,1,48,2.751904761904762,2010-10-24 11:17:00,2010-10-24 11:17:00,0,1.0,1.0,2.4079166666666665,48.0,411,1
13242.0,699.4,7,350,19.982857142857146,2010-02-09 13:12:00,2011-08-19 12:53:00,555,18.5,0.3783783783783784,1.9982857142857144,50.0,111,1
13243.0,1278.04,5,579,5.809272727272727,2010-03-18 13:10:00,2011-05-20 13:14:00,428,14.266666666666667,0.3504672897196261,2.2073229706390327,115.8,202,1
13244.0,121.74,1,38,4.5088888888888885,2011-09-08 11:46:00,2011-09-08 11:46:00,0,1.0,1.0,3.2036842105263155,38.0,92,1
13245.0,989.22,2,371,21.982666666666667,2010-10-03 14:03:00,2011-10-20 11:40:00,381,12.7,0.1574803149606299,2.666361185983828,185.5,50,0
13246.0,3277.68,14,2744,8.513454545454545,2010-07-02 13:36:00,2011-11-21 16:50:00,507,16.9,0.8284023668639054,1.1944897959183671,196.0,17,0
13247.0,501.12,4,328,20.0448,2011-09-18 11:31:00,2011-11-22 10:59:00,64,2.1333333333333333,1.875,1.5278048780487803,82.0,17,0
13248.0,465.68,2,305,17.91076923076923,2011-06-03 13:05:00,2011-08-07 12:40:00,64,2.1333333333333333,0.9375,1.5268196721311476,152.5,124,1
13249.0,1608.93,9,1246,45.96942857142857,2010-01-24 12:11:00,2011-09-08 13:26:00,592,19.73333333333333,0.4560810810810811,1.2912760834670949,138.44444444444446,91,1
13250.0,248.54,3,106,11.835238095238095,2010-07-25 14:01:00,2010-09-13 10:43:00,49,1.6333333333333333,1.836734693877551,2.344716981132076,35.333333333333336,452,1
13251.0,252.68,1,215,10.1072,2010-11-02 13:20:00,2010-11-02 13:20:00,0,1.0,1.0,1.1752558139534883,215.0,401,1
13252.0,341.3,3,128,15.513636363636364,2010-03-24 10:30:00,2010-11-10 16:00:00,231,7.7,0.3896103896103896,2.66640625,42.66666666666666,393,1
13253.0,2951.11,4,3015,39.34813333333334,2010-01-05 12:13:00,2011-07-06 10:09:00,546,18.2,0.2197802197802197,0.9788092868988392,753.75,156,1
13254.0,51.41,1,43,12.8525,2010-11-28 15:42:00,2010-11-28 15:42:00,0,1.0,1.0,1.1955813953488372,43.0,375,1
13255.0,895.61,4,514,27.13969696969697,2010-07-15 13:20:00,2011-12-06 10:56:00,508,16.933333333333334,0.2362204724409448,1.742431906614786,128.5,3,0
13256.0,0.0,1,12540,0.0,2011-11-25 15:57:00,2011-11-25 15:57:00,0,1.0,1.0,0.0,12540.0,13,0
13257.0,117.95,3,29,13.105555555555556,2010-09-29 14:58:00,2010-10-08 12:27:00,8,0.2666666666666666,11.25,4.067241379310345,9.666666666666666,427,1
13258.0,1035.18,5,451,22.503913043478263,2010-11-04 12:45:00,2011-11-28 09:31:00,388,12.933333333333334,0.3865979381443299,2.29529933481153,90.2,11,0
13259.0,1433.38,9,517,4.424012345679013,2010-01-10 10:26:00,2011-10-09 10:48:00,637,21.23333333333333,0.423861852433281,2.772495164410058,57.44444444444444,61,0
13260.0,557.62,1,142,69.7025,2011-10-09 13:21:00,2011-10-09 13:21:00,0,1.0,1.0,3.926901408450704,142.0,60,0
13261.0,944.1,2,210,104.9,2011-02-27 10:41:00,2011-03-16 12:22:00,17,0.5666666666666667,3.5294117647058822,4.4957142857142856,105.0,268,1
13262.0,573.45,3,247,11.469,2010-04-18 12:14:00,2011-03-21 15:06:00,337,11.233333333333333,0.2670623145400593,2.3216599190283405,82.33333333333333,262,1
13263.0,8704.69,39,5390,4.533692708333334,2010-10-22 17:07:00,2011-12-08 13:59:00,411,13.7,2.8467153284671536,1.614970315398887,138.2051282051282,0,0
13264.0,722.5600000000001,1,375,19.014736842105265,2010-09-23 12:42:00,2010-09-23 12:42:00,0,1.0,1.0,1.926826666666667,375.0,442,1
13265.0,2107.66,5,1752,23.1610989010989,2011-03-11 09:54:00,2011-10-17 15:02:00,220,7.333333333333333,0.6818181818181819,1.2030022831050229,350.4,52,0
13266.0,5965.3,30,6669,18.242507645259938,2009-12-17 10:52:00,2011-11-28 14:39:00,711,23.7,1.2658227848101269,0.8944819313240366,222.3,10,0
13267.0,9512.21,50,4035,20.998256070640178,2009-12-07 16:56:00,2011-12-07 11:12:00,729,24.3,2.05761316872428,2.357425030978934,80.7,2,0
13268.0,3167.64,15,3635,7.086442953020134,2011-03-17 13:20:00,2011-11-22 11:51:00,249,8.3,1.8072289156626504,0.8714277854195323,242.33333333333331,17,0
13269.0,8861.39,30,6559,17.61707753479125,2009-12-02 11:47:00,2011-12-08 14:53:00,736,24.53333333333333,1.2228260869565215,1.3510275956700717,218.63333333333333,0,0
13270.0,1180.0,1,400,590.0,2010-12-08 14:53:00,2010-12-08 14:53:00,0,1.0,1.0,2.95,400.0,365,1
13271.0,178.26,2,181,1.764950495049505,2011-11-02 14:31:00,2011-11-02 14:43:00,0,1.0,2.0,0.9848618784530386,90.5,36,0
13272.0,276.56,2,96,18.43733333333333,2011-09-11 12:06:00,2011-11-08 14:00:00,58,1.9333333333333331,1.0344827586206895,2.8808333333333334,48.0,30,0
13273.0,138.98,1,153,8.68625,2011-08-18 14:02:00,2011-08-18 14:02:00,0,1.0,1.0,0.9083660130718954,153.0,112,1
13274.0,360.85,1,199,18.992105263157896,2010-10-26 13:48:00,2010-10-26 13:48:00,0,1.0,1.0,1.813316582914573,199.0,408,1
13275.0,241.66,2,140,4.8332,2010-03-17 14:05:00,2010-11-21 12:09:00,248,8.266666666666667,0.2419354838709677,1.7261428571428572,70.0,383,1
13276.0,1918.56,7,853,7.643665338645418,2010-03-07 14:05:00,2011-10-07 12:44:00,578,19.266666666666666,0.3633217993079585,2.2491910902696364,121.85714285714286,63,0
13277.0,523.3,7,382,22.752173913043475,2010-06-18 08:45:00,2011-11-24 09:21:00,524,17.466666666666665,0.400763358778626,1.369895287958115,54.57142857142857,15,0
13278.0,1428.2,5,1355,13.102752293577982,2010-04-08 11:59:00,2011-10-30 11:49:00,569,18.966666666666665,0.2636203866432338,1.0540221402214025,271.0,40,0
13279.0,126.3,2,70,11.481818181818182,2011-09-22 17:24:00,2011-10-06 18:51:00,14,0.4666666666666667,4.285714285714286,1.8042857142857145,35.0,63,0
13280.0,2297.13,8,1493,10.886872037914692,2010-03-05 09:07:00,2011-08-09 13:14:00,522,17.4,0.4597701149425288,1.538600133958473,186.625,121,1
13281.0,306.45,3,175,11.78653846153846,2010-04-27 11:00:00,2010-09-28 18:43:00,154,5.133333333333334,0.5844155844155844,1.7511428571428571,58.333333333333336,436,1
13282.0,1228.89,7,392,22.757222222222225,2010-10-29 14:11:00,2011-11-21 15:33:00,388,12.933333333333334,0.5412371134020618,3.1349234693877555,56.0,17,0
13283.0,373.36,4,204,18.668,2010-03-09 14:36:00,2011-10-11 09:50:00,580,19.33333333333333,0.2068965517241379,1.8301960784313729,51.0,59,0
13284.0,196.15,2,79,14.010714285714286,2011-01-13 09:23:00,2011-01-21 10:25:00,8,0.2666666666666666,7.5,2.482911392405063,39.5,322,1
13285.0,3364.59,6,2457,14.565324675324677,2010-03-25 14:26:00,2011-11-16 13:19:00,600,20.0,0.3,1.3693894993894995,409.5,22,0
13286.0,734.91,1,274,14.998163265306122,2010-04-18 15:35:00,2010-04-18 15:35:00,0,1.0,1.0,2.6821532846715326,274.0,599,1
13287.0,519.67,7,237,7.022567567567567,2010-01-04 10:43:00,2010-05-05 13:10:00,121,4.033333333333333,1.7355371900826446,2.1927004219409283,33.857142857142854,582,1
13288.0,892.16,6,376,74.34666666666666,2010-02-11 14:59:00,2010-09-22 16:32:00,223,7.433333333333334,0.8071748878923767,2.3727659574468083,62.66666666666666,442,1
13289.0,307.95,1,119,19.246875,2009-12-16 11:53:00,2009-12-16 11:53:00,0,1.0,1.0,2.58781512605042,119.0,723,1
13290.0,-208.63,3,-1,-69.54333333333334,2010-09-27 11:30:00,2010-10-05 12:43:00,8,0.2666666666666666,11.25,208.63,-0.3333333333333333,430,1
13291.0,3320.84,11,1619,10.124512195121952,2010-02-11 18:36:00,2011-07-07 10:36:00,510,17.0,0.6470588235294118,2.0511673872760965,147.1818181818182,155,1
13292.0,987.79,6,514,16.463166666666666,2010-07-01 14:36:00,2011-11-01 10:04:00,487,16.233333333333334,0.3696098562628336,1.921770428015564,85.66666666666667,38,0
13293.0,1180.34,7,549,16.16904109589041,2009-12-01 10:55:00,2010-11-12 13:28:00,346,11.533333333333331,0.6069364161849711,2.149981785063752,78.42857142857143,391,1
13294.0,1689.53,3,996,16.564019607843136,2010-03-03 12:54:00,2011-06-03 08:54:00,456,15.2,0.1973684210526315,1.6963152610441767,332.0,189,1
13295.0,1058.02,9,698,13.921315789473685,2010-05-12 09:13:00,2010-12-15 11:21:00,217,7.233333333333333,1.2442396313364057,1.5157879656160458,77.55555555555556,359,1
13296.0,792.51,6,653,14.953018867924529,2010-05-11 14:29:00,2011-07-25 13:46:00,439,14.633333333333333,0.4100227790432802,1.21364471669219,108.83333333333331,136,1
13297.0,4352.67,8,2693,35.10217741935484,2010-06-15 12:35:00,2011-12-02 09:32:00,534,17.8,0.449438202247191,1.6162903824730783,336.625,7,0
13298.0,360.0,1,96,180.0,2011-12-08 13:11:00,2011-12-08 13:11:00,0,1.0,1.0,3.75,96.0,0,0
13299.0,1173.3,5,408,17.777272727272727,2010-06-29 11:30:00,2011-03-16 12:55:00,260,8.666666666666666,0.576923076923077,2.875735294117647,81.6,267,1
13300.0,1267.21,5,447,21.84844827586207,2010-05-14 15:56:00,2011-06-28 11:59:00,409,13.633333333333333,0.3667481662591687,2.8349217002237137,89.4,164,1
13301.0,618.09,4,345,7.630740740740741,2011-02-20 13:13:00,2011-08-28 11:25:00,188,6.266666666666667,0.6382978723404256,1.7915652173913044,86.25,103,1
13302.0,159.2,2,12,53.06666666666666,2010-07-01 12:32:00,2011-07-07 17:56:00,371,12.366666666666667,0.1617250673854447,13.266666666666666,6.0,154,1
13303.0,61.72,1,26,15.43,2010-11-04 14:55:00,2010-11-04 14:55:00,0,1.0,1.0,2.373846153846154,26.0,399,1
13304.0,1120.79,7,688,12.88264367816092,2010-02-08 12:42:00,2010-12-23 14:35:00,318,10.6,0.6603773584905661,1.6290552325581396,98.28571428571428,350,1
13305.0,3754.71,16,2361,18.226747572815533,2010-03-10 14:49:00,2011-12-05 15:15:00,635,21.166666666666668,0.7559055118110236,1.590304955527319,147.5625,3,0
13306.0,53.65,1,74,13.4125,2010-10-05 14:55:00,2010-10-05 14:55:00,0,1.0,1.0,0.725,74.0,429,1
13307.0,273.34,3,140,18.222666666666665,2010-04-26 13:28:00,2011-08-11 17:14:00,472,15.733333333333333,0.1906779661016949,1.9524285714285712,46.66666666666666,119,1
13308.0,1652.47,5,1070,22.330675675675675,2010-04-22 09:22:00,2011-11-17 09:31:00,574,19.133333333333333,0.2613240418118467,1.5443644859813084,214.0,22,0
13309.0,1706.37,6,1914,13.125923076923076,2010-11-12 12:10:00,2011-12-02 16:34:00,385,12.833333333333334,0.4675324675324675,0.8915203761755486,319.0,6,0
13310.0,1492.8,8,804,14.928,2010-11-02 17:03:00,2011-12-01 08:23:00,393,13.1,0.6106870229007634,1.856716417910448,100.5,8,0
13311.0,598.57,2,305,23.02192307692308,2011-07-12 14:26:00,2011-12-05 12:55:00,145,4.833333333333333,0.4137931034482759,1.9625245901639343,152.5,3,0
13312.0,124.75,1,41,24.95,2010-09-14 14:36:00,2010-09-14 14:36:00,0,1.0,1.0,3.042682926829268,41.0,450,1
13313.0,3423.27,15,2299,17.922879581151832,2009-12-02 13:53:00,2011-11-17 16:48:00,715,23.83333333333333,0.6293706293706294,1.4890256633318837,153.26666666666668,21,0
13314.0,578.66,4,484,7.715466666666666,2011-09-27 10:20:00,2011-12-08 12:29:00,72,2.4,1.6666666666666667,1.1955785123966942,121.0,1,0
13315.0,310.26,1,232,14.102727272727272,2010-01-19 15:34:00,2010-01-19 15:34:00,0,1.0,1.0,1.3373275862068963,232.0,688,1
13316.0,12906.93,12,21323,72.92050847457627,2010-03-10 10:01:00,2011-11-02 13:40:00,602,20.066666666666663,0.5980066445182725,0.6053055386202693,1776.9166666666667,36,0
13317.0,6068.531,31,3052,15.927902887139108,2009-12-13 11:11:00,2011-10-06 19:21:00,662,22.066666666666663,1.404833836858006,1.9883784403669724,98.4516129032258,63,0
13318.0,640.76,3,304,32.038,2011-11-02 13:26:00,2011-12-08 18:51:00,36,1.2,2.5,2.1077631578947367,101.33333333333331,0,0
13319.0,21706.09,78,9193,21.749589178356715,2009-12-06 14:46:00,2011-12-04 13:34:00,727,24.23333333333333,3.218707015130674,2.3611541390188187,117.85897435897436,4,0
13320.0,2160.95,9,1482,13.941612903225804,2010-08-18 10:29:00,2011-09-30 12:52:00,408,13.6,0.6617647058823529,1.4581309041835355,164.66666666666666,69,0
13321.0,567.36,2,372,51.57818181818182,2011-09-14 15:18:00,2011-09-28 15:24:00,14,0.4666666666666667,4.285714285714286,1.5251612903225806,186.0,71,0
13322.0,199.48,1,117,7.9792,2011-11-22 14:21:00,2011-11-22 14:21:00,0,1.0,1.0,1.7049572649572649,117.0,16,0
13323.0,787.85,5,175,37.516666666666666,2011-09-16 13:23:00,2011-12-06 17:12:00,81,2.7,1.851851851851852,4.502,35.0,2,0
13324.0,10421.37,23,8430,74.97388489208632,2010-05-25 10:23:00,2011-11-07 15:51:00,531,17.7,1.2994350282485876,1.236224199288256,366.5217391304348,31,0
13325.0,675.3,1,240,56.275,2011-09-19 10:36:00,2011-09-19 10:36:00,0,1.0,1.0,2.81375,240.0,81,0
13326.0,281.76,1,140,21.673846153846156,2010-10-03 16:00:00,2010-10-03 16:00:00,0,1.0,1.0,2.0125714285714285,140.0,431,1
13327.0,9741.03,22,4448,28.15326589595376,2009-12-18 15:35:00,2011-11-01 10:21:00,682,22.73333333333333,0.9677419354838708,2.1899797661870504,202.1818181818182,38,0
13328.0,1308.48,1,680,76.96941176470588,2011-01-27 15:22:00,2011-01-27 15:22:00,0,1.0,1.0,1.924235294117647,680.0,315,1
13329.0,4977.02,14,3441,37.704696969696975,2009-12-04 15:41:00,2011-11-08 10:29:00,703,23.433333333333334,0.5974395448079659,1.446387678000581,245.78571428571428,31,0
13330.0,2806.18,6,1975,23.781186440677963,2010-02-23 10:12:00,2011-09-08 12:27:00,562,18.73333333333333,0.3202846975088967,1.4208506329113924,329.1666666666667,92,1
13331.0,262.4,1,54,21.866666666666664,2010-11-03 08:04:00,2010-11-03 08:04:00,0,1.0,1.0,4.859259259259259,54.0,401,1
13332.0,350.9,1,179,16.70952380952381,2011-11-25 13:30:00,2011-11-25 13:30:00,0,1.0,1.0,1.9603351955307264,179.0,13,0
13333.0,1015.74,3,685,18.468,2010-02-19 09:26:00,2010-10-24 13:24:00,247,8.233333333333333,0.3643724696356276,1.4828321167883212,228.33333333333331,410,1
13334.0,6257.0,6,3226,13.008316008316008,2010-02-25 10:49:00,2011-09-18 15:21:00,570,19.0,0.3157894736842105,1.939553626782393,537.6666666666666,81,0
13335.0,-955.06,1,-1,-955.06,2010-06-17 14:54:00,2010-06-17 14:54:00,0,1.0,1.0,955.06,-1.0,539,1
13336.0,795.12,1,559,15.590588235294115,2011-09-23 14:05:00,2011-09-23 14:05:00,0,1.0,1.0,1.422397137745975,559.0,76,0
13337.0,1548.55,2,955,17.20611111111111,2010-06-11 13:27:00,2010-07-09 11:53:00,27,0.9,2.2222222222222223,1.6215183246073297,477.5,518,1
13338.0,2223.62,10,1126,15.230273972602738,2010-01-05 12:25:00,2011-07-08 14:53:00,549,18.3,0.5464480874316939,1.9747957371225575,112.6,153,1
13339.0,860.12,1,326,15.928148148148148,2011-05-23 08:31:00,2011-05-23 08:31:00,0,1.0,1.0,2.63840490797546,326.0,200,1
13340.0,22100.56,12,9636,102.7933023255814,2010-02-22 14:54:00,2011-10-25 13:15:00,609,20.3,0.5911330049261083,2.293540888335409,803.0,44,0
13341.0,775.85,1,301,18.472619047619048,2011-03-24 09:50:00,2011-03-24 09:50:00,0,1.0,1.0,2.5775747508305646,301.0,260,1
13342.0,-14.1,1,-4,-7.050000000000001,2010-05-06 16:44:00,2010-05-06 16:44:00,0,1.0,1.0,3.5250000000000004,-4.0,581,1
13343.0,303.93,2,126,13.815,2011-06-15 12:24:00,2011-06-20 11:37:00,4,0.1333333333333333,15.0,2.4121428571428574,63.0,172,1
13344.0,2543.72,3,971,21.37579831932773,2011-03-07 10:28:00,2011-10-03 09:45:00,209,6.966666666666667,0.4306220095693779,2.619691040164778,323.6666666666667,67,0
13345.0,377.6,2,139,17.163636363636364,2011-02-25 09:01:00,2011-03-08 08:34:00,10,0.3333333333333333,6.0,2.716546762589928,69.5,276,1
13346.0,299.4,6,180,49.9,2010-04-22 12:34:00,2010-09-03 11:41:00,133,4.433333333333334,1.3533834586466165,1.663333333333333,30.0,462,1
13347.0,341.36,1,205,42.67,2011-09-30 13:28:00,2011-09-30 13:28:00,0,1.0,1.0,1.6651707317073172,205.0,69,0
13348.0,233.76,1,136,16.697142857142858,2011-10-06 17:28:00,2011-10-06 17:28:00,0,1.0,1.0,1.7188235294117646,136.0,63,0
13349.0,247.32,1,225,15.4575,2011-11-29 08:07:00,2011-11-29 08:07:00,0,1.0,1.0,1.0992,225.0,10,0
13350.0,910.72,3,284,21.17953488372093,2011-09-21 13:33:00,2011-11-23 16:33:00,63,2.1,1.4285714285714286,3.2067605633802816,94.66666666666669,15,0
13351.0,373.94,1,117,23.37125,2011-10-04 12:55:00,2011-10-04 12:55:00,0,1.0,1.0,3.196068376068376,117.0,65,0
13352.0,389.28,2,315,14.417777777777776,2011-10-10 13:55:00,2011-12-02 11:58:00,52,1.7333333333333334,1.1538461538461535,1.2358095238095237,157.5,7,0
13353.0,-28.85,1,-3,-9.616666666666664,2010-11-16 11:14:00,2010-11-16 11:14:00,0,1.0,1.0,9.616666666666664,-3.0,388,1
13354.0,743.53,1,604,14.579019607843136,2011-09-29 13:17:00,2011-09-29 13:17:00,0,1.0,1.0,1.2310099337748344,604.0,70,0
13355.0,674.7,1,314,21.084375,2011-08-09 14:48:00,2011-08-09 14:48:00,0,1.0,1.0,2.1487261146496817,314.0,121,1
13356.0,768.24,1,325,18.29142857142857,2011-09-20 14:33:00,2011-09-20 14:33:00,0,1.0,1.0,2.3638153846153847,325.0,79,0
13357.0,3838.36,5,2142,9.619949874686718,2010-03-22 14:30:00,2011-03-27 13:56:00,369,12.3,0.4065040650406504,1.7919514472455649,428.4,256,1
13358.0,439.03,1,285,15.138965517241378,2011-03-16 11:52:00,2011-03-16 11:52:00,0,1.0,1.0,1.5404561403508772,285.0,268,1
13359.0,1001.96,4,374,16.425573770491805,2010-11-01 15:05:00,2011-10-11 16:48:00,344,11.466666666666669,0.3488372093023256,2.6790374331550804,93.5,58,0
13360.0,1464.1,7,932,20.056164383561647,2010-01-08 11:16:00,2010-10-07 19:28:00,272,9.066666666666666,0.7720588235294118,1.570922746781116,133.14285714285714,427,1
13361.0,1450.5,2,324,42.66176470588236,2010-04-01 07:49:00,2010-08-24 14:56:00,145,4.833333333333333,0.4137931034482759,4.476851851851852,162.0,471,1
13362.0,5357.57,10,2469,17.62358552631579,2010-10-10 15:27:00,2011-12-06 13:57:00,421,14.033333333333331,0.7125890736342043,2.169935196435804,246.9,2,0
13363.0,1723.86,3,1146,16.900588235294116,2010-10-26 11:07:00,2011-11-22 12:40:00,392,13.066666666666666,0.2295918367346938,1.504240837696335,382.0,17,0
13364.0,-1.7763568394002505e-15,2,0,-8.881784197001253e-17,2011-09-29 18:13:00,2011-10-04 09:48:00,4,0.1333333333333333,15.0,-inf,0.0,66,0
13365.0,2164.32,4,1236,16.151641791044778,2010-11-11 17:24:00,2011-12-01 08:39:00,384,12.8,0.3125,1.7510679611650486,309.0,8,0
13366.0,56.16,1,144,56.16,2011-10-20 13:37:00,2011-10-20 13:37:00,0,1.0,1.0,0.39,144.0,49,0
13367.0,510.2000000000001,1,253,25.51,2010-10-04 10:00:00,2010-10-04 10:00:00,0,1.0,1.0,2.0166007905138343,253.0,431,1
13368.0,1086.1,5,594,20.49245283018868,2010-10-12 10:43:00,2011-03-28 09:59:00,166,5.533333333333333,0.9036144578313252,1.8284511784511783,118.8,256,1
13369.0,572.03,2,276,17.334242424242422,2010-12-09 11:30:00,2010-12-20 14:02:00,11,0.3666666666666666,5.454545454545455,2.072572463768116,138.0,353,1
13370.0,1442.64,2,672,16.393636363636364,2010-12-03 10:26:00,2010-12-08 15:57:00,5,0.1666666666666666,12.0,2.1467857142857145,336.0,365,1
13371.0,2271.46,4,1016,23.91010526315789,2010-03-17 15:29:00,2010-07-29 12:44:00,133,4.433333333333334,0.9022556390977444,2.235688976377953,254.0,498,1
13372.0,378.64,1,159,16.46260869565217,2011-09-11 12:46:00,2011-09-11 12:46:00,0,1.0,1.0,2.3813836477987422,159.0,89,0
13373.0,7587.19,6,4263,21.193268156424583,2009-12-06 12:34:00,2011-10-10 10:51:00,672,22.4,0.2678571428571428,1.7797771522402066,710.5,60,0
13374.0,422.8,2,135,24.87058823529412,2010-09-16 10:29:00,2010-10-21 10:04:00,34,1.1333333333333333,1.7647058823529411,3.131851851851852,67.5,414,1
13375.0,1786.48,3,1123,24.81222222222222,2010-09-21 08:12:00,2011-09-19 16:01:00,363,12.1,0.2479338842975206,1.5908103294746216,374.3333333333333,80,0
13376.0,1019.76,3,493,19.240754716981133,2011-04-19 13:03:00,2011-09-01 16:16:00,135,4.5,0.6666666666666666,2.068478701825558,164.33333333333334,98,1
13377.0,1495.43,4,744,18.4620987654321,2010-03-04 10:06:00,2010-11-08 12:20:00,249,8.3,0.4819277108433734,2.009986559139785,186.0,396,1
13378.0,-756.4,1,-1,-756.4,2010-10-13 11:52:00,2010-10-13 11:52:00,0,1.0,1.0,756.4,-1.0,422,1
13379.0,572.56,3,601,5.902680412371134,2011-07-26 12:26:00,2011-11-13 13:45:00,110,3.6666666666666665,0.8181818181818182,0.9526788685524126,200.33333333333331,25,0
13380.0,62.4,1,48,20.8,2010-10-03 10:18:00,2010-10-03 10:18:00,0,1.0,1.0,1.3,48.0,432,1
13381.0,8185.02,15,5108,22.67318559556787,2009-12-01 15:18:00,2011-11-18 16:59:00,717,23.9,0.6276150627615064,1.6023923257635082,340.53333333333336,20,0
13382.0,1387.58,5,863,16.134651162790696,2009-12-08 09:56:00,2011-03-04 10:03:00,451,15.033333333333331,0.3325942350332594,1.607856315179606,172.6,280,1
13383.0,305.28000000000003,1,288,305.28000000000003,2010-06-14 11:45:00,2010-06-14 11:45:00,0,1.0,1.0,1.06,288.0,543,1
13384.0,6635.09,15,4130,24.48372693726937,2010-07-27 12:22:00,2011-11-09 11:04:00,469,15.633333333333333,0.9594882729211088,1.6065593220338985,275.3333333333333,30,0
13385.0,534.57,1,281,15.273428571428571,2011-01-14 09:52:00,2011-01-14 09:52:00,0,1.0,1.0,1.9023843416370108,281.0,329,1
13386.0,835.46,2,514,26.950322580645164,2010-09-28 13:09:00,2010-10-21 12:52:00,22,0.7333333333333333,2.7272727272727275,1.6254085603112842,257.0,413,1
13387.0,189.44,1,125,2.595068493150685,2010-10-18 14:07:00,2010-10-18 14:07:00,0,1.0,1.0,1.51552,125.0,416,1
13388.0,1135.7,4,700,16.224285714285713,2010-04-15 10:18:00,2011-08-10 13:35:00,482,16.066666666666666,0.2489626556016597,1.6224285714285716,175.0,120,1
13389.0,797.96,3,429,15.646274509803922,2011-04-21 12:12:00,2011-11-28 14:01:00,221,7.366666666666666,0.4072398190045249,1.86004662004662,143.0,10,0
13390.0,544.08,1,224,41.8523076923077,2011-09-26 08:38:00,2011-09-26 08:38:00,0,1.0,1.0,2.4289285714285715,224.0,74,0
13391.0,59.8,1,4,59.8,2011-05-20 10:50:00,2011-05-20 10:50:00,0,1.0,1.0,14.95,4.0,203,1
13392.0,91.14,1,82,11.3925,2010-01-31 13:34:00,2010-01-31 13:34:00,0,1.0,1.0,1.1114634146341464,82.0,676,1
13393.0,1105.85,6,658,15.1486301369863,2009-12-07 18:12:00,2010-05-05 09:34:00,148,4.933333333333334,1.2162162162162162,1.6806231003039511,109.66666666666669,583,1
13394.0,6323.88,24,5157,14.950070921985816,2009-12-01 11:58:00,2011-12-08 11:36:00,736,24.53333333333333,0.9782608695652172,1.2262710878417684,214.875,1,0
13395.0,1180.23,3,1660,14.57074074074074,2010-10-14 13:00:00,2011-06-07 15:04:00,236,7.866666666666666,0.3813559322033898,0.7109819277108433,553.3333333333334,184,1
13396.0,1325.29,4,592,28.197659574468084,2011-01-24 13:37:00,2011-11-18 09:42:00,297,9.9,0.404040404040404,2.2386655405405405,148.0,21,0
13397.0,3094.11,13,1327,33.27,2010-01-20 09:50:00,2011-09-28 10:56:00,616,20.53333333333333,0.6331168831168831,2.331657874905803,102.07692307692308,72,0
13398.0,670.34,2,341,17.18820512820513,2010-09-17 09:34:00,2011-05-31 13:17:00,256,8.533333333333333,0.234375,1.9658064516129032,170.5,191,1
13399.0,275.4,3,120,18.36,2010-07-08 17:47:00,2010-09-01 13:59:00,54,1.8,1.6666666666666663,2.295,40.0,463,1
13400.0,300.93,2,282,12.53875,2010-05-06 09:00:00,2010-05-14 13:25:00,8,0.2666666666666666,7.5,1.067127659574468,141.0,573,1
13401.0,-1834.14,1,-1,-1834.14,2010-03-25 15:39:00,2010-03-25 15:39:00,0,1.0,1.0,1834.14,-1.0,623,1
13402.0,1535.13,4,1107,15.9909375,2010-05-24 10:56:00,2011-08-04 15:51:00,437,14.566666666666666,0.2745995423340961,1.386747967479675,276.75,126,1
13403.0,229.5,3,114,25.5,2009-12-16 13:23:00,2011-11-22 08:28:00,705,23.5,0.1276595744680851,2.013157894736842,38.0,17,0
13404.0,252.49,2,111,22.953636363636363,2011-05-11 11:57:00,2011-12-08 15:37:00,211,7.033333333333333,0.2843601895734597,2.2746846846846847,55.5,0,0
13405.0,1196.561,9,848,26.01219565217391,2009-12-15 14:13:00,2011-09-26 17:01:00,650,21.666666666666668,0.4153846153846153,1.4110389150943394,94.22222222222224,73,0
13406.0,557.22,3,286,55.722,2010-03-18 07:29:00,2010-10-08 14:44:00,204,6.8,0.4411764705882353,1.9483216783216784,95.33333333333331,426,1
13407.0,2111.89,6,1623,22.95532608695652,2010-02-16 11:13:00,2010-05-10 12:41:00,83,2.7666666666666666,2.1686746987951806,1.301226124460875,270.5,578,1
13408.0,50852.852,135,29337,58.18404118993135,2009-12-04 09:31:00,2011-12-08 09:05:00,733,24.433333333333334,5.525238744884038,1.7334032791355625,217.3111111111111,1,0
13409.0,-525.65,1,-1,-525.65,2010-03-25 15:24:00,2010-03-25 15:24:00,0,1.0,1.0,525.65,-1.0,623,1
13410.0,2172.51,12,1233,40.99075471698113,2009-12-08 13:43:00,2011-12-01 08:58:00,722,24.066666666666663,0.4986149584487535,1.761970802919708,102.75,8,0
13411.0,213.55,1,72,11.863888888888887,2011-08-24 13:57:00,2011-08-24 13:57:00,0,1.0,1.0,2.9659722222222222,72.0,106,1
13412.0,487.35,1,176,14.333823529411765,2010-03-29 16:28:00,2010-03-29 16:28:00,0,1.0,1.0,2.769034090909091,176.0,619,1
13413.0,345.8,8,382,7.684444444444445,2010-01-21 17:43:00,2010-03-10 12:17:00,47,1.5666666666666669,5.1063829787234045,0.9052356020942408,47.75,639,1
13414.0,2482.24,7,2700,43.5480701754386,2009-12-08 17:10:00,2011-07-29 11:45:00,597,19.9,0.3517587939698492,0.919348148148148,385.7142857142857,133,1
13415.0,681.92,5,410,5.878620689655172,2009-12-11 14:20:00,2010-08-24 11:38:00,255,8.5,0.5882352941176471,1.663219512195122,82.0,472,1
13416.0,940.8,3,208,36.18461538461538,2009-12-03 13:02:00,2011-10-27 08:56:00,692,23.066666666666663,0.130057803468208,4.523076923076923,69.33333333333333,43,0
13417.0,1593.89,7,508,19.437682926829268,2010-02-08 12:39:00,2011-12-05 08:49:00,664,22.133333333333333,0.3162650602409638,3.1375787401574806,72.57142857142857,4,0
13418.0,11916.16,37,7523,20.72375652173913,2009-12-11 12:51:00,2011-11-28 10:23:00,716,23.866666666666667,1.5502793296089383,1.583963844211086,203.32432432432432,11,0
13419.0,221.06,1,275,13.81625,2011-10-07 12:49:00,2011-10-07 12:49:00,0,1.0,1.0,0.8038545454545455,275.0,63,0
13420.0,140.35,4,88,14.035,2011-06-22 11:35:00,2011-07-28 12:10:00,36,1.2,3.333333333333333,1.5948863636363635,22.0,134,1
13421.0,4088.82,11,2417,14.868436363636365,2010-02-14 12:59:00,2011-10-30 14:21:00,623,20.766666666666666,0.5296950240770466,1.691692180388912,219.72727272727272,39,0
13422.0,2601.55,2,1321,20.324609375,2011-10-06 13:42:00,2011-10-19 13:45:00,13,0.4333333333333333,4.615384615384615,1.9693792581377745,660.5,50,0
13423.0,217.03,1,141,18.085833333333333,2010-10-07 09:02:00,2010-10-07 09:02:00,0,1.0,1.0,1.5392198581560284,141.0,428,1
13424.0,557.92,2,526,13.60780487804878,2010-09-16 10:49:00,2010-09-21 19:46:00,5,0.1666666666666666,12.0,1.0606844106463875,263.0,443,1
13425.0,3375.9300000000003,8,2376,18.65154696132597,2010-05-09 14:35:00,2011-08-23 17:13:00,471,15.7,0.5095541401273885,1.4208459595959595,297.0,107,1
13426.0,8076.76,24,4847,23.41089855072464,2009-12-09 15:16:00,2011-12-09 08:59:00,729,24.3,0.9876543209876544,1.6663420672580975,201.95833333333331,0,0
13427.0,1006.53,6,880,19.356346153846157,2009-12-17 13:44:00,2011-11-20 13:02:00,702,23.4,0.2564102564102564,1.1437840909090908,146.66666666666666,18,0
13428.0,499.98,3,366,3.4720833333333334,2010-07-13 13:20:00,2011-11-29 14:20:00,504,16.8,0.1785714285714285,1.366065573770492,122.0,9,0
13429.0,1006.8,4,1390,15.02686567164179,2011-09-25 15:59:00,2011-11-29 09:10:00,64,2.1333333333333333,1.875,0.7243165467625899,347.5,10,0
13430.0,648.6899999999999,4,738,12.012777777777776,2011-09-14 14:26:00,2011-11-21 08:19:00,67,2.2333333333333334,1.791044776119403,0.8789837398373983,184.5,18,0
13431.0,3289.24,9,1566,25.30184615384616,2010-02-18 11:53:00,2011-10-03 13:49:00,592,19.73333333333333,0.4560810810810811,2.100408684546616,174.0,66,0
13432.0,439.1,2,217,3.955855855855856,2010-04-06 14:42:00,2010-05-17 13:18:00,40,1.3333333333333333,1.5,2.0235023041474656,108.5,570,1
13433.0,656.87,5,189,26.2748,2010-01-12 08:59:00,2010-09-28 18:46:00,259,8.633333333333333,0.5791505791505792,3.4755026455026456,37.8,436,1
13434.0,1666.86,5,864,47.62457142857144,2010-02-22 09:54:00,2011-09-26 14:30:00,581,19.366666666666667,0.2581755593803786,1.9292361111111112,172.8,73,0
13435.0,4459.83,11,2787,28.959935064935063,2010-07-27 16:56:00,2011-12-04 14:59:00,494,16.466666666666665,0.6680161943319839,1.6002260495156082,253.3636363636364,4,0
13436.0,196.89,1,76,16.4075,2011-12-08 10:33:00,2011-12-08 10:33:00,0,1.0,1.0,2.5906578947368417,76.0,1,0
13437.0,3408.06,7,1283,20.40754491017964,2011-06-02 14:30:00,2011-11-25 14:00:00,175,5.833333333333333,1.2,2.6563211223694467,183.28571428571428,13,0
13438.0,46.5,1,10,46.5,2010-06-10 18:46:00,2010-06-10 18:46:00,0,1.0,1.0,4.65,10.0,546,1
13439.0,986.61,3,952,5.907844311377246,2010-07-01 14:36:00,2011-03-29 14:20:00,270,9.0,0.3333333333333333,1.0363550420168068,317.3333333333333,254,1
13440.0,1213.95,10,551,17.342142857142857,2010-09-14 10:34:00,2010-10-12 17:53:00,28,0.9333333333333332,10.714285714285714,2.203176043557169,55.1,422,1
13441.0,720.9,2,520,18.971052631578942,2010-10-04 10:38:00,2011-09-09 09:38:00,339,11.3,0.1769911504424778,1.386346153846154,260.0,91,1
13442.0,419.87,3,115,11.04921052631579,2009-12-01 14:59:00,2010-02-10 14:03:00,70,2.333333333333333,1.2857142857142856,3.6510434782608696,38.333333333333336,666,1
13443.0,1247.71,7,798,6.086390243902439,2010-01-31 13:30:00,2010-09-17 12:31:00,228,7.6,0.9210526315789476,1.563546365914787,114.0,448,1
13444.0,631.6800000000001,2,337,10.891034482758622,2010-07-21 14:34:00,2010-11-30 13:02:00,131,4.366666666666666,0.4580152671755725,1.8744213649851635,168.5,373,1
13445.0,241.9,1,198,34.55714285714286,2010-03-23 15:34:00,2010-03-23 15:34:00,0,1.0,1.0,1.2217171717171718,198.0,625,1
13446.0,3608.86,18,2337,16.863831775700934,2010-02-14 11:52:00,2010-10-15 15:37:00,243,8.1,2.2222222222222223,1.5442276422764227,129.83333333333334,419,1
13447.0,1104.23,4,577,17.81016129032258,2011-11-04 10:10:00,2011-11-16 13:38:00,12,0.4,10.0,1.913743500866551,144.25,22,0
13448.0,8447.75,19,4380,14.978280141843973,2009-12-06 12:14:00,2011-11-23 12:33:00,717,23.9,0.794979079497908,1.9287100456621005,230.52631578947367,16,0
13449.0,291.88,1,222,15.362105263157895,2011-11-16 08:28:00,2011-11-16 08:28:00,0,1.0,1.0,1.314774774774775,222.0,23,0
13450.0,4117.54,14,4316,27.82121621621621,2010-04-15 19:15:00,2011-11-13 11:54:00,576,19.2,0.7291666666666667,0.954017608897127,308.2857142857143,26,0
13451.0,7119.97,13,5259,6.819894636015326,2010-03-21 16:01:00,2011-11-13 15:58:00,601,20.03333333333333,0.64891846921797,1.3538638524434303,404.5384615384616,25,0
13452.0,729.8,3,6,243.26666666666665,2010-08-24 09:53:00,2011-03-25 14:19:00,213,7.1,0.4225352112676057,121.63333333333333,2.0,258,1
13453.0,758.99,5,339,18.07119047619048,2010-11-02 13:23:00,2011-06-27 09:34:00,236,7.866666666666666,0.6355932203389831,2.238908554572272,67.8,165,1
13454.0,219.87,1,198,9.559565217391304,2010-03-08 14:40:00,2010-03-08 14:40:00,0,1.0,1.0,1.1104545454545456,198.0,640,1
13455.0,2773.82,11,957,16.913536585365854,2009-12-09 08:58:00,2011-11-15 11:21:00,706,23.53333333333333,0.4674220963172804,2.898453500522466,87.0,24,0
13456.0,1737.8200000000002,7,756,26.73569230769231,2011-05-16 15:34:00,2011-11-22 09:18:00,189,6.3,1.1111111111111112,2.298703703703704,108.0,17,0
13457.0,143.27,4,93,13.024545454545455,2009-12-02 12:46:00,2010-01-20 08:48:00,48,1.6,2.5,1.5405376344086024,23.25,688,1
13458.0,11850.62,24,6712,23.84430583501006,2010-11-16 14:01:00,2011-12-02 15:29:00,381,12.7,1.8897637795275597,1.765587008343266,279.6666666666667,6,0
13459.0,1160.41,2,986,15.896027397260273,2010-01-26 13:35:00,2010-03-25 10:24:00,57,1.9,1.0526315789473684,1.176886409736308,493.0,624,1
13460.0,183.44,2,286,10.790588235294118,2011-10-21 09:50:00,2011-11-10 17:17:00,20,0.6666666666666666,3.0,0.6413986013986014,143.0,28,0
13461.0,4138.5,8,3128,62.70454545454545,2010-04-21 16:01:00,2011-11-01 09:01:00,558,18.6,0.4301075268817204,1.323049872122762,391.0,38,0
13462.0,1145.6,6,696,15.91111111111111,2009-12-14 09:48:00,2011-06-09 19:53:00,542,18.066666666666663,0.3321033210332103,1.645977011494253,116.0,182,1
13463.0,-158.65,1,-1,-158.65,2010-10-15 15:11:00,2010-10-15 15:11:00,0,1.0,1.0,158.65,-1.0,419,1
13464.0,3083.89,7,1429,20.28875,2010-03-19 13:40:00,2011-10-12 15:01:00,572,19.066666666666663,0.3671328671328671,2.1580755773268017,204.14285714285717,57,0
13465.0,931.12,2,584,27.385882352941177,2010-05-02 15:30:00,2010-09-19 15:13:00,139,4.633333333333334,0.4316546762589928,1.5943835616438355,292.0,445,1
13466.0,952.25,7,648,16.139830508474578,2010-03-21 13:50:00,2011-08-31 15:29:00,528,17.6,0.3977272727272727,1.4695216049382716,92.57142857142856,99,1
13467.0,1083.71,2,584,10.946565656565657,2011-11-03 16:56:00,2011-11-29 10:01:00,25,0.8333333333333334,2.4,1.8556678082191784,292.0,10,0
13468.0,13091.61,87,5764,17.45548,2009-12-03 13:32:00,2011-12-08 10:39:00,734,24.466666666666665,3.555858310626703,2.271271686328938,66.25287356321839,1,0
13469.0,82.4,1,52,13.733333333333334,2010-02-24 15:03:00,2010-02-24 15:03:00,0,1.0,1.0,1.5846153846153848,52.0,652,1
13470.0,165.0,2,100,16.5,2011-08-16 17:06:00,2011-09-01 14:57:00,15,0.5,4.0,1.65,50.0,98,1
13471.0,2531.58,4,1590,9.736846153846152,2011-10-23 13:10:00,2011-12-08 15:44:00,46,1.5333333333333334,2.608695652173913,1.592188679245283,397.5,0,0
13472.0,592.24,2,310,21.15142857142857,2010-06-02 09:48:00,2010-09-02 09:41:00,91,3.033333333333333,0.6593406593406593,1.9104516129032256,155.0,463,1
13473.0,2410.98,10,956,33.48583333333333,2009-12-15 19:02:00,2011-10-10 11:20:00,663,22.1,0.4524886877828054,2.5219456066945605,95.6,60,0
13474.0,663.79,3,334,5.106076923076923,2010-08-01 14:40:00,2011-04-17 13:53:00,258,8.6,0.3488372093023256,1.9873952095808385,111.33333333333331,235,1
13475.0,1431.78,4,1012,16.648604651162792,2011-02-14 12:36:00,2011-06-01 13:52:00,107,3.566666666666667,1.1214953271028036,1.414802371541502,253.0,190,1
13476.0,1915.77,7,710,17.57587155963303,2010-03-05 09:39:00,2011-06-14 12:00:00,466,15.533333333333331,0.4506437768240343,2.698267605633802,101.42857142857144,178,1
13477.0,2821.12,13,2092,17.631999999999998,2010-01-25 11:52:00,2011-11-02 12:04:00,646,21.53333333333333,0.6037151702786377,1.348527724665392,160.92307692307693,37,0
13478.0,2068.03,7,1168,15.786488549618324,2010-01-31 15:51:00,2010-08-27 13:23:00,207,6.9,1.0144927536231882,1.7705736301369863,166.85714285714286,468,1
13479.0,808.5,7,708,13.939655172413794,2010-08-19 16:18:00,2011-05-25 16:49:00,279,9.3,0.7526881720430108,1.1419491525423728,101.14285714285714,197,1
13480.0,627.82,2,362,15.31268292682927,2010-01-29 12:35:00,2010-10-19 11:53:00,262,8.733333333333333,0.2290076335877862,1.7343093922651935,181.0,416,1
13481.0,3798.84,14,2039,16.661578947368422,2009-12-04 12:37:00,2011-10-25 09:07:00,689,22.966666666666665,0.6095791001451379,1.8630897498773908,145.64285714285714,45,0
13482.0,336.09,2,187,16.804499999999997,2010-03-22 10:31:00,2011-04-21 17:03:00,395,13.166666666666666,0.1518987341772152,1.7972727272727271,93.5,231,1
13483.0,140.34,1,160,14.034,2011-10-05 11:53:00,2011-10-05 11:53:00,0,1.0,1.0,0.877125,160.0,65,0
13484.0,767.32,4,212,19.183,2010-03-10 11:46:00,2011-04-12 16:30:00,398,13.266666666666667,0.3015075376884422,3.619433962264152,53.0,240,1
13485.0,2957.92,15,1788,18.25876543209877,2009-12-03 13:46:00,2011-04-20 13:58:00,503,16.766666666666666,0.8946322067594434,1.654317673378076,119.2,232,1
13486.0,1122.41,3,669,16.2668115942029,2011-07-07 17:19:00,2011-09-22 13:13:00,76,2.533333333333333,1.1842105263157896,1.6777428998505233,223.0,77,0
13487.0,846.87,5,362,17.283061224489796,2009-12-05 10:25:00,2011-10-13 12:07:00,677,22.566666666666663,0.2215657311669128,2.3394198895027625,72.4,57,0
13488.0,15513.73,29,7874,21.22261285909713,2010-01-25 10:13:00,2011-11-22 14:41:00,666,22.2,1.3063063063063065,1.970247650495301,271.51724137931035,16,0
13489.0,449.52,4,560,32.10857142857143,2011-02-18 10:42:00,2011-08-26 13:16:00,189,6.3,0.6349206349206349,0.8027142857142857,140.0,104,1
13490.0,154.25,1,25,19.28125,2010-02-23 14:48:00,2010-02-23 14:48:00,0,1.0,1.0,6.17,25.0,653,1
13491.0,4566.56,27,2385,17.039402985074627,2009-12-07 08:24:00,2011-10-19 08:32:00,681,22.7,1.1894273127753303,1.914700209643606,88.33333333333333,51,0
13492.0,1269.84,3,408,25.3968,2011-05-09 10:06:00,2011-07-26 14:25:00,78,2.6,1.1538461538461535,3.1123529411764705,136.0,135,1
13493.0,618.63,2,380,77.32875,2011-02-25 16:42:00,2011-03-09 15:35:00,11,0.3666666666666666,5.454545454545455,1.6279736842105264,190.0,274,1
13494.0,316.26000000000005,1,162,17.570000000000004,2011-02-01 11:58:00,2011-02-01 11:58:00,0,1.0,1.0,1.9522222222222223,162.0,311,1
13495.0,5246.61,13,2637,32.99754716981132,2009-12-07 12:12:00,2011-12-02 11:21:00,724,24.133333333333333,0.5386740331491713,1.9896131968145616,202.84615384615384,7,0
13496.0,617.9300000000001,3,329,17.164722222222224,2010-12-15 10:17:00,2011-11-29 10:58:00,349,11.633333333333333,0.2578796561604584,1.8782066869300915,109.66666666666669,10,0
13497.0,1266.33,7,571,18.35260869565217,2010-02-08 10:27:00,2011-03-02 09:04:00,386,12.866666666666667,0.544041450777202,2.217740805604203,81.57142857142857,282,1
13498.0,327.38,1,362,19.25764705882353,2009-12-09 15:26:00,2009-12-09 15:26:00,0,1.0,1.0,0.9043646408839778,362.0,729,1
13499.0,1146.96,7,1358,25.488,2011-03-15 08:52:00,2011-11-22 11:21:00,252,8.4,0.8333333333333333,0.8445949926362297,194.0,17,0
13500.0,1436.3,5,814,16.50919540229885,2010-11-03 13:16:00,2011-11-16 15:35:00,378,12.6,0.3968253968253968,1.7644963144963144,162.8,22,0
13501.0,2840.26,5,1238,24.485000000000003,2010-05-18 13:24:00,2011-04-11 09:35:00,327,10.9,0.4587155963302752,2.294232633279483,247.6,242,1
13502.0,774.6,6,488,22.78235294117647,2010-06-09 10:52:00,2011-11-23 10:39:00,531,17.7,0.3389830508474576,1.5872950819672131,81.33333333333333,16,0
13503.0,1793.54,12,1095,8.540666666666667,2010-02-16 13:49:00,2011-09-29 13:23:00,589,19.633333333333333,0.6112054329371817,1.6379360730593606,91.25,70,0
13504.0,295.93,1,178,13.451363636363636,2011-10-06 13:20:00,2011-10-06 13:20:00,0,1.0,1.0,1.6625280898876404,178.0,63,0
13505.0,4282.88,8,2461,18.8673127753304,2011-04-21 12:07:00,2011-10-03 12:14:00,165,5.5,1.4545454545454546,1.7403006907761074,307.625,67,0
13506.0,1609.65,8,1168,15.627669902912622,2010-09-05 12:33:00,2011-01-31 15:27:00,148,4.933333333333334,1.6216216216216215,1.378125,146.0,311,1
13507.0,2479.16,4,1597,15.303456790123455,2011-07-17 11:50:00,2011-12-06 13:13:00,142,4.733333333333333,0.8450704225352113,1.552385723231058,399.25,2,0
13508.0,287.05,2,180,10.251785714285717,2010-03-07 11:58:00,2011-04-10 11:58:00,399,13.3,0.150375939849624,1.5947222222222224,90.0,243,1
13509.0,1114.72,8,1214,22.74938775510204,2010-07-20 12:10:00,2011-12-01 10:10:00,498,16.6,0.4819277108433734,0.9182207578253708,151.75,8,0
13510.0,4488.39,17,3022,14.862218543046358,2009-12-14 13:51:00,2011-12-08 13:46:00,723,24.1,0.7053941908713692,1.4852382528127068,177.76470588235293,0,0
13511.0,244.61,2,53,40.76833333333334,2010-02-01 12:10:00,2010-08-13 11:29:00,192,6.4,0.3125,4.615283018867925,26.5,483,1
13512.0,713.39,4,419,18.292051282051283,2010-05-05 13:22:00,2011-03-24 10:03:00,322,10.733333333333333,0.3726708074534162,1.7026014319809069,104.75,260,1
13513.0,796.99,4,352,18.975952380952386,2010-02-22 16:36:00,2011-08-05 11:50:00,528,17.6,0.2272727272727272,2.2641761363636363,88.0,126,1
13514.0,815.9000000000001,4,288,38.85238095238096,2010-01-26 15:11:00,2011-09-27 09:39:00,608,20.266666666666666,0.1973684210526315,2.8329861111111114,72.0,73,0
13515.0,1265.82,6,819,16.655526315789473,2010-03-05 11:58:00,2011-09-28 11:26:00,571,19.03333333333333,0.3152364273204903,1.5455677655677655,136.5,72,0
13516.0,1685.26,4,1114,27.6272131147541,2010-10-18 08:52:00,2011-11-18 13:15:00,396,13.2,0.303030303030303,1.5128007181328549,278.5,20,0
13517.0,2109.07,5,1360,14.74874125874126,2011-06-13 08:44:00,2011-10-11 11:43:00,120,4.0,1.25,1.5507867647058824,272.0,59,0
13518.0,659.4399999999999,1,392,17.353684210526314,2011-09-15 10:29:00,2011-09-15 10:29:00,0,1.0,1.0,1.6822448979591835,392.0,85,0
13519.0,331.26,3,132,16.563,2010-09-23 11:45:00,2011-10-20 15:56:00,392,13.066666666666666,0.2295918367346938,2.5095454545454543,44.0,49,0
13520.0,6680.65,15,3225,31.5125,2009-12-17 11:11:00,2011-10-12 10:20:00,663,22.1,0.6787330316742081,2.071519379844961,215.0,58,0
13521.0,1093.65,3,736,2.508371559633028,2011-11-29 15:09:00,2011-12-08 13:50:00,8,0.2666666666666666,11.25,1.4859375,245.33333333333331,0,0
13522.0,125.8,1,44,25.160000000000004,2011-11-09 15:11:00,2011-11-09 15:11:00,0,1.0,1.0,2.8590909090909093,44.0,29,0
13523.0,4892.02,7,2347,20.728898305084748,2010-11-02 14:55:00,2011-11-06 15:11:00,369,12.3,0.5691056910569106,2.084371538133788,335.2857142857143,32,0
13524.0,680.1800000000001,5,324,25.19185185185185,2011-05-04 12:26:00,2011-10-30 12:34:00,179,5.966666666666667,0.8379888268156425,2.099320987654321,64.8,40,0
13525.0,628.78,2,394,104.79666666666668,2011-04-05 15:36:00,2011-11-25 12:01:00,233,7.766666666666667,0.2575107296137339,1.5958883248730964,197.0,14,0
13526.0,942.6,4,1647,17.455555555555552,2009-12-01 12:56:00,2009-12-01 13:14:00,0,1.0,4.0,0.5723132969034608,411.75,737,1
13527.0,4650.04,14,2742,10.130806100217864,2010-01-21 12:37:00,2011-11-06 12:04:00,653,21.766666666666666,0.6431852986217458,1.695857038657914,195.8571428571429,33,0
13528.0,-40.0,1,-16,-40.0,2010-01-26 16:59:00,2010-01-26 16:59:00,0,1.0,1.0,2.5,-16.0,681,1
13529.0,307.76,2,74,20.517333333333333,2011-05-19 11:50:00,2011-09-22 09:15:00,125,4.166666666666667,0.48,4.158918918918919,37.0,78,0
13530.0,402.98,1,272,22.38777777777777,2010-03-15 14:10:00,2010-03-15 14:10:00,0,1.0,1.0,1.4815441176470587,272.0,633,1
13531.0,1738.52,6,600,19.31688888888889,2009-12-03 15:20:00,2011-05-18 16:56:00,531,17.7,0.3389830508474576,2.897533333333333,100.0,204,1
13532.0,210.31,1,129,3.1865151515151515,2011-11-06 12:25:00,2011-11-06 12:25:00,0,1.0,1.0,1.63031007751938,129.0,33,0
13533.0,270.79,3,204,3.563026315789474,2011-03-17 12:47:00,2011-06-10 11:54:00,84,2.8,1.0714285714285714,1.3274019607843135,68.0,182,1
13534.0,7324.5,60,3708,15.8882863340564,2010-07-07 15:00:00,2011-12-07 14:52:00,517,17.233333333333334,3.481624758220503,1.9753236245954693,61.8,1,0
13535.0,89.5,1,10,89.5,2010-11-02 11:49:00,2010-11-02 11:49:00,0,1.0,1.0,8.95,10.0,402,1
13536.0,3448.29,7,2136,19.26418994413408,2011-09-25 13:30:00,2011-12-08 16:38:00,74,2.466666666666667,2.8378378378378377,1.61436797752809,305.1428571428572,0,0
13537.0,717.85,2,337,17.09166666666667,2010-09-14 10:41:00,2010-10-10 12:45:00,26,0.8666666666666667,2.3076923076923075,2.130118694362018,168.5,425,1
13538.0,3112.73,12,963,21.616180555555555,2010-02-02 12:47:00,2011-10-27 16:34:00,632,21.066666666666663,0.569620253164557,3.232326064382139,80.25,42,0
13539.0,1531.26,9,698,17.40068181818182,2010-04-28 12:04:00,2011-09-15 10:18:00,504,16.8,0.5357142857142857,2.19378223495702,77.55555555555556,85,0
13540.0,632.39,3,189,19.7621875,2010-02-22 09:22:00,2010-08-29 14:20:00,188,6.266666666666667,0.4787234042553192,3.345978835978836,63.0,466,1
13541.0,717.9,3,266,59.825,2010-05-18 16:15:00,2010-10-12 15:58:00,146,4.866666666666666,0.6164383561643836,2.6988721804511275,88.66666666666667,422,1
13542.0,3970.77,18,812,11.678735294117647,2009-12-10 19:53:00,2010-11-28 11:24:00,352,11.733333333333333,1.5340909090909092,4.890110837438424,45.11111111111112,376,1
13543.0,1439.61,2,329,30.630000000000003,2010-01-21 14:30:00,2010-03-15 13:34:00,52,1.7333333333333334,1.1538461538461535,4.375714285714286,164.5,633,1
13544.0,820.5,7,357,3.167953667953668,2010-03-05 11:31:00,2011-10-31 11:57:00,605,20.166666666666668,0.3471074380165289,2.2983193277310923,51.0,39,0
13545.0,347.35,3,250,5.887288135593221,2009-12-01 12:41:00,2010-11-14 11:27:00,347,11.566666666666666,0.2593659942363112,1.3894000000000002,83.33333333333333,390,1
13546.0,1092.14,5,589,7.138169934640524,2010-10-11 17:23:00,2011-11-27 14:50:00,411,13.7,0.364963503649635,1.8542275042444825,117.8,11,0
13547.0,175.53,1,82,3.7346808510638296,2010-10-27 14:14:00,2010-10-27 14:14:00,0,1.0,1.0,2.140609756097561,82.0,407,1
13548.0,908.99,3,565,4.860909090909091,2010-08-25 13:44:00,2011-09-04 14:50:00,375,12.5,0.24,1.6088318584070798,188.33333333333331,95,1
13549.0,1003.72,9,553,16.728666666666665,2010-11-17 12:17:00,2011-11-14 09:20:00,361,12.033333333333331,0.7479224376731302,1.8150452079566004,61.44444444444444,25,0
13550.0,349.51,1,454,7.943409090909091,2010-11-21 15:24:00,2010-11-21 15:24:00,0,1.0,1.0,0.7698458149779736,454.0,382,1
13551.0,244.2,2,36,48.84,2010-02-11 15:01:00,2011-01-24 14:46:00,346,11.533333333333331,0.1734104046242774,6.783333333333333,18.0,318,1
13552.0,6618.63,32,2586,29.156960352422907,2010-02-19 13:28:00,2011-10-04 15:19:00,592,19.73333333333333,1.6216216216216215,2.5594083526682136,80.8125,65,0
13553.0,517.8,1,206,5.508510638297872,2010-02-03 12:21:00,2010-02-03 12:21:00,0,1.0,1.0,2.5135922330097085,206.0,674,1
13554.0,1556.39,10,567,7.376255924170617,2010-09-19 12:39:00,2010-11-24 15:05:00,66,2.2,4.545454545454545,2.7449559082892416,56.7,379,1
13555.0,8906.34,16,4808,21.56498789346247,2010-01-19 13:20:00,2011-09-27 12:36:00,615,20.5,0.7804878048780488,1.852400166389351,300.5,73,0
13556.0,200.82,2,134,22.313333333333333,2010-09-30 09:01:00,2010-10-06 16:44:00,6,0.2,10.0,1.4986567164179103,67.0,428,1
13557.0,2980.08,16,2360,16.284590163934425,2009-12-08 17:41:00,2011-11-11 15:24:00,702,23.4,0.6837606837606838,1.2627457627118643,147.5,27,0
13558.0,605.06,4,344,3.457485714285714,2011-10-02 13:01:00,2011-12-04 11:24:00,62,2.066666666666667,1.9354838709677415,1.7588953488372092,86.0,5,0
13559.0,990.0,2,360,495.0,2010-06-14 11:52:00,2010-07-15 09:52:00,30,1.0,2.0,2.75,180.0,512,1
13560.0,174.37,1,64,5.283939393939394,2011-12-02 13:11:00,2011-12-02 13:11:00,0,1.0,1.0,2.72453125,64.0,6,0
13561.0,1820.72,11,1136,7.814248927038626,2010-02-28 13:42:00,2011-05-08 12:39:00,433,14.433333333333334,0.7621247113163973,1.6027464788732395,103.27272727272728,215,1
13562.0,4838.18,8,1603,24.684591836734697,2010-01-14 16:33:00,2011-09-19 10:51:00,612,20.4,0.3921568627450981,3.0182033686837184,200.375,81,0
13563.0,777.53,2,209,15.867959183673468,2011-07-22 17:21:00,2011-09-16 14:45:00,55,1.8333333333333333,1.090909090909091,3.720239234449761,104.5,83,0
13564.0,15786.72,54,9147,11.977784522003036,2009-12-02 11:55:00,2011-07-18 14:35:00,593,19.766666666666666,2.7318718381112985,1.7258904558871762,169.38888888888889,143,1
13565.0,414.8,3,260,6.913333333333333,2010-10-24 15:51:00,2011-11-20 14:33:00,391,13.033333333333331,0.2301790281329923,1.5953846153846154,86.66666666666667,18,0
13566.0,1708.12,5,1266,4.56716577540107,2010-03-10 12:22:00,2011-10-30 11:59:00,598,19.933333333333334,0.2508361204013378,1.349225908372828,253.2,40,0
13567.0,1078.59,5,643,5.287205882352941,2010-06-16 12:48:00,2010-10-07 12:51:00,113,3.7666666666666666,1.327433628318584,1.6774339035769827,128.6,427,1
13568.0,192.85,1,70,4.382954545454545,2011-06-19 14:42:00,2011-06-19 14:42:00,0,1.0,1.0,2.755,70.0,172,1
13569.0,893.78,4,402,4.176542056074767,2010-10-07 13:05:00,2011-11-22 13:07:00,411,13.7,0.291970802919708,2.223333333333333,100.5,16,0
13570.0,239.49,1,161,8.870000000000001,2011-04-10 13:36:00,2011-04-10 13:36:00,0,1.0,1.0,1.4875155279503107,161.0,242,1
13571.0,4546.54,26,3197,6.7256508875739645,2009-12-08 13:02:00,2011-11-27 10:47:00,718,23.933333333333334,1.086350974930362,1.4221269940569283,122.96153846153848,12,0
13572.0,1384.25,1,534,41.946969696969695,2011-05-18 11:59:00,2011-05-18 11:59:00,0,1.0,1.0,2.592228464419476,534.0,205,1
13573.0,916.47,6,660,10.29741573033708,2010-03-12 16:06:00,2011-10-20 14:33:00,586,19.53333333333333,0.3071672354948805,1.3885909090909092,110.0,49,0
13574.0,421.25,1,316,4.089805825242719,2010-10-24 13:28:00,2010-10-24 13:28:00,0,1.0,1.0,1.3330696202531649,316.0,410,1
13575.0,732.0699999999999,5,449,15.914565217391305,2011-06-16 14:24:00,2011-11-16 13:14:00,152,5.066666666666666,0.986842105263158,1.630445434298441,89.8,22,0
13576.0,11516.15,32,4601,39.71086206896552,2009-12-08 15:12:00,2011-11-29 15:34:00,721,24.03333333333333,1.3314840499306515,2.502966746359487,143.78125,9,0
13577.0,3346.62,14,1612,19.233448275862067,2009-12-14 16:10:00,2011-11-14 15:19:00,699,23.3,0.6008583690987124,2.0760669975186103,115.14285714285714,24,0
13578.0,147.66,1,127,16.406666666666666,2010-10-26 13:44:00,2010-10-26 13:44:00,0,1.0,1.0,1.1626771653543306,127.0,408,1
13579.0,1535.84,6,760,16.69391304347826,2010-02-18 13:53:00,2011-11-25 08:41:00,644,21.466666666666665,0.2795031055900621,2.0208421052631578,126.66666666666669,14,0
13580.0,107.75,1,45,21.55,2010-10-29 15:01:00,2010-10-29 15:01:00,0,1.0,1.0,2.3944444444444444,45.0,405,1
13581.0,280.53000000000003,2,119,8.500909090909092,2010-10-21 16:30:00,2011-02-03 14:41:00,104,3.466666666666667,0.5769230769230769,2.357394957983193,59.5,308,1
13582.0,241.68,2,106,21.97090909090909,2010-04-01 11:38:00,2010-11-15 11:34:00,227,7.566666666666666,0.2643171806167401,2.28,53.0,389,1
13583.0,1445.031,2,1097,15.05240625,2010-01-29 13:53:00,2011-07-07 10:40:00,523,17.433333333333334,0.1147227533460803,1.317257064721969,548.5,155,1
13584.0,347.15,5,276,3.944886363636364,2010-02-02 08:40:00,2011-02-06 12:49:00,369,12.3,0.4065040650406504,1.2577898550724638,55.2,306,1
13585.0,674.46,4,1338,16.8615,2009-12-01 14:56:00,2010-06-27 12:33:00,207,6.9,0.5797101449275363,0.5040807174887892,334.5,530,1
13586.0,131.53,1,39,6.263333333333334,2010-06-16 13:47:00,2010-06-16 13:47:00,0,1.0,1.0,3.3725641025641027,39.0,540,1
13587.0,1308.1,6,644,39.63939393939393,2010-02-14 13:17:00,2011-11-08 11:17:00,631,21.03333333333333,0.2852614896988906,2.0312111801242234,107.33333333333331,31,0
13588.0,2445.12,13,2573,13.584,2011-03-29 15:53:00,2011-11-24 10:42:00,239,7.966666666666667,1.6317991631799162,0.9502992615623784,197.92307692307693,15,0
13589.0,1120.74,6,293,21.552692307692308,2009-12-06 10:26:00,2011-11-25 12:10:00,719,23.966666666666665,0.2503477051460361,3.82505119453925,48.833333333333336,14,0
13590.0,6298.29,21,5266,15.176602409638557,2009-12-01 13:37:00,2011-11-28 12:54:00,726,24.2,0.8677685950413223,1.1960292442081275,250.7619047619048,10,0
13591.0,2081.19,8,849,20.403823529411767,2009-12-14 15:44:00,2011-10-06 12:26:00,660,22.0,0.3636363636363636,2.4513427561837458,106.125,64,0
13592.0,247.96,4,84,15.4975,2011-03-20 14:01:00,2011-11-04 09:49:00,228,7.6,0.5263157894736842,2.951904761904762,21.0,35,0
13593.0,5475.21,16,2162,13.289344660194176,2010-03-02 16:36:00,2011-08-23 13:35:00,538,17.933333333333334,0.8921933085501859,2.5324745605920445,135.125,107,1
13594.0,508.42,3,394,14.526285714285716,2010-01-07 13:25:00,2011-10-18 10:19:00,648,21.6,0.1388888888888888,1.2904060913705584,131.33333333333334,52,0
13595.0,818.22,3,353,5.383026315789474,2010-03-03 14:42:00,2010-07-11 12:36:00,129,4.3,0.6976744186046512,2.317903682719547,117.66666666666669,516,1
13596.0,697.04,2,406,4.199036144578313,2011-11-27 11:57:00,2011-12-04 12:01:00,7,0.2333333333333333,8.571428571428571,1.716847290640394,203.0,5,0
13597.0,372.21,3,220,19.590000000000003,2010-11-02 09:30:00,2010-11-16 13:53:00,14,0.4666666666666667,6.428571428571429,1.6918636363636366,73.33333333333333,387,1
13598.0,776.84,6,400,7.768400000000001,2010-02-26 11:22:00,2011-10-23 14:35:00,604,20.133333333333333,0.2980132450331126,1.9421,66.66666666666667,46,0
13599.0,9790.34,52,6270,22.15009049773756,2009-12-01 12:30:00,2011-12-08 19:26:00,737,24.566666666666663,2.116689280868385,1.561457735247209,120.57692307692308,0,0
13600.0,518.42,2,599,12.644390243902436,2010-03-15 17:16:00,2011-01-31 15:27:00,321,10.7,0.1869158878504673,0.8654757929883138,299.5,311,1
13601.0,1185.14,4,972,6.077641025641026,2010-06-11 15:03:00,2011-10-25 17:31:00,501,16.7,0.2395209580838323,1.2192798353909466,243.0,44,0
13602.0,1025.17,4,538,17.67534482758621,2010-05-28 11:49:00,2011-10-06 11:47:00,495,16.5,0.2424242424242424,1.9055204460966544,134.5,64,0
13603.0,164.34,1,164,6.086666666666667,2011-11-13 15:57:00,2011-11-13 15:57:00,0,1.0,1.0,1.0020731707317074,164.0,25,0
13604.0,713.39,2,239,31.01695652173913,2010-02-19 12:02:00,2010-02-25 18:38:00,6,0.2,10.0,2.98489539748954,119.5,651,1
13605.0,522.67,2,425,9.861698113207549,2010-05-17 15:46:00,2010-11-17 17:16:00,184,6.133333333333334,0.3260869565217391,1.2298117647058822,212.5,386,1
13606.0,280.54,3,279,6.524186046511627,2011-02-01 11:42:00,2011-11-10 17:46:00,282,9.4,0.3191489361702127,1.005519713261649,93.0,28,0
13607.0,1060.61,3,462,8.622845528455285,2010-11-02 11:48:00,2011-10-30 16:17:00,362,12.066666666666666,0.2486187845303867,2.295692640692641,154.0,39,0
13608.0,236.2,1,113,6.561111111111111,2010-06-17 12:28:00,2010-06-17 12:28:00,0,1.0,1.0,2.090265486725664,113.0,540,1
13609.0,167.35,1,19,23.90714285714285,2010-04-25 13:26:00,2010-04-25 13:26:00,0,1.0,1.0,8.807894736842105,19.0,592,1
13610.0,2144.13,17,901,5.117255369928401,2010-01-05 14:12:00,2011-11-27 15:38:00,691,23.03333333333333,0.7380607814761215,2.3797225305216427,53.0,11,0
13611.0,3281.03,14,1989,13.902669491525424,2009-12-03 07:57:00,2011-09-11 14:51:00,647,21.566666666666663,0.6491499227202473,1.649587732528909,142.07142857142858,88,0
13612.0,777.79,2,438,14.9575,2010-03-17 12:14:00,2010-07-09 16:18:00,114,3.8,0.5263157894736842,1.7757762557077623,219.0,517,1
13613.0,1039.85,5,445,17.62457627118644,2010-02-17 12:40:00,2010-09-13 12:01:00,207,6.9,0.7246376811594203,2.336741573033708,89.0,452,1
13614.0,2359.19,6,828,8.70549815498155,2010-06-06 13:42:00,2011-11-15 14:47:00,527,17.566666666666666,0.3415559772296015,2.8492632850241546,138.0,23,0
13615.0,6212.2300000000005,12,2891,16.52188829787234,2010-01-28 15:43:00,2011-01-31 11:29:00,367,12.233333333333333,0.9809264305177112,2.148817018332757,240.91666666666663,312,1
13616.0,288.1,2,175,7.786486486486487,2010-01-17 14:56:00,2010-05-20 12:59:00,122,4.066666666666666,0.4918032786885246,1.6462857142857144,87.5,567,1
13617.0,1263.8,9,592,11.70185185185185,2010-08-01 15:23:00,2011-10-30 13:50:00,454,15.133333333333333,0.5947136563876653,2.1347972972972973,65.77777777777777,39,0
13618.0,177.34,1,246,13.64153846153846,2011-06-19 11:09:00,2011-06-19 11:09:00,0,1.0,1.0,0.7208943089430895,246.0,173,1
13619.0,231.69,2,84,4.728367346938775,2010-02-03 14:16:00,2010-06-13 11:39:00,129,4.3,0.4651162790697674,2.7582142857142857,42.0,544,1
13620.0,112.34,1,74,22.468,2010-06-29 15:02:00,2010-06-29 15:02:00,0,1.0,1.0,1.5181081081081085,74.0,527,1
13621.0,213.85,1,343,11.255263157894737,2011-08-15 08:26:00,2011-08-15 08:26:00,0,1.0,1.0,0.6234693877551021,343.0,116,1
13622.0,651.45,2,377,19.16029411764706,2010-01-12 13:22:00,2010-01-20 10:30:00,7,0.2333333333333333,8.571428571428571,1.7279840848806367,188.5,688,1
13623.0,2446.36,15,1009,8.073795379537954,2009-12-02 11:36:00,2011-11-09 12:00:00,707,23.566666666666663,0.6364922206506365,2.424539147670961,67.26666666666667,30,0
13624.0,427.18,2,814,17.799166666666668,2010-11-16 13:43:00,2010-11-23 18:42:00,7,0.2333333333333333,8.571428571428571,0.5247911547911548,407.0,380,1
13625.0,301.26,1,144,14.345714285714283,2010-04-22 10:50:00,2010-04-22 10:50:00,0,1.0,1.0,2.092083333333333,144.0,596,1
13626.0,689.49,3,395,14.98891304347826,2010-11-25 16:12:00,2011-04-01 10:05:00,126,4.2,0.7142857142857143,1.7455443037974685,131.66666666666666,252,1
13627.0,2217.55,10,1627,16.799621212121213,2010-03-09 14:03:00,2011-10-11 14:20:00,581,19.366666666666667,0.5163511187607573,1.3629686539643515,162.7,58,0
13628.0,310.14000000000004,1,106,19.383750000000003,2010-02-01 14:44:00,2010-02-01 14:44:00,0,1.0,1.0,2.925849056603774,106.0,675,1
13629.0,13370.86,19,7722,153.6880459770115,2010-02-11 17:34:00,2011-11-16 13:21:00,642,21.4,0.8878504672897197,1.7315281015281017,406.42105263157896,22,0
13630.0,1995.68,11,1377,24.946,2011-02-27 12:49:00,2011-12-04 15:16:00,280,9.333333333333334,1.1785714285714286,1.4492955700798835,125.1818181818182,4,0
13631.0,3021.77,12,460,251.8141666666667,2011-03-17 17:13:00,2011-09-01 09:57:00,167,5.566666666666666,2.155688622754491,6.569065217391304,38.333333333333336,99,1
13632.0,3634.7,10,1636,16.226339285714285,2010-04-07 10:59:00,2011-11-15 10:51:00,586,19.53333333333333,0.5119453924914675,2.221699266503668,163.6,24,0
13633.0,-306.66,1,-1,-306.66,2010-04-15 15:27:00,2010-04-15 15:27:00,0,1.0,1.0,306.66,-1.0,602,1
13634.0,4519.55,17,1940,9.455125523012551,2010-01-10 14:26:00,2011-11-06 13:40:00,664,22.133333333333333,0.7680722891566265,2.3296649484536083,114.11764705882354,32,0
13635.0,2948.22,6,1869,17.654011976047904,2009-12-01 09:46:00,2011-10-03 10:55:00,671,22.366666666666667,0.2682563338301043,1.5774317817014445,311.5,67,0
13636.0,941.62,6,586,14.7128125,2011-02-27 14:29:00,2011-11-03 10:30:00,248,8.266666666666667,0.7258064516129031,1.6068600682593857,97.66666666666669,36,0
13637.0,810.5,3,409,8.024752475247524,2011-04-27 13:06:00,2011-10-18 13:32:00,174,5.8,0.5172413793103449,1.9816625916870416,136.33333333333334,51,0
13638.0,122.64,1,93,15.33,2011-11-24 10:38:00,2011-11-24 10:38:00,0,1.0,1.0,1.3187096774193547,93.0,15,0
13639.0,1346.27,2,997,22.81813559322034,2010-09-29 10:05:00,2011-09-26 13:36:00,362,12.066666666666666,0.1657458563535911,1.350320962888666,498.5,73,0
13640.0,405.0,1,108,101.25,2010-04-07 15:33:00,2010-04-07 15:33:00,0,1.0,1.0,3.75,108.0,610,1
13641.0,921.82,7,1080,18.4364,2009-12-05 13:17:00,2010-03-09 07:37:00,93,3.1,2.258064516129032,0.853537037037037,154.28571428571428,640,1
13642.0,501.97,5,252,4.36495652173913,2010-10-03 12:23:00,2011-05-08 12:34:00,217,7.233333333333333,0.6912442396313364,1.9919444444444443,50.4,215,1
13643.0,2112.17,15,894,19.73990654205608,2009-12-08 12:48:00,2011-11-08 15:37:00,700,23.33333333333333,0.6428571428571429,2.362606263982103,59.6,30,0
13644.0,2597.52,5,2060,17.55081081081081,2011-08-26 11:53:00,2011-12-01 08:18:00,96,3.2,1.5625,1.2609320388349514,412.0,8,0
13645.0,252.1,1,158,50.42,2011-08-11 16:11:00,2011-08-11 16:11:00,0,1.0,1.0,1.5955696202531646,158.0,119,1
13646.0,323.3,3,78,5.479661016949152,2010-11-05 11:02:00,2010-11-05 12:13:00,0,1.0,3.0,4.144871794871795,26.0,399,1
13647.0,3063.78,9,1802,21.72893617021277,2010-04-15 12:55:00,2011-11-30 12:00:00,593,19.766666666666666,0.4553119730185497,1.7002108768035518,200.22222222222223,9,0
13648.0,1679.01,11,928,14.85849557522124,2009-12-01 18:13:00,2010-11-04 14:46:00,337,11.233333333333333,0.9792284866468844,1.8092780172413796,84.36363636363636,399,1
13649.0,1678.88,6,863,13.324444444444444,2010-06-30 16:35:00,2011-03-28 11:51:00,270,9.0,0.6666666666666666,1.9453997682502897,143.83333333333334,256,1
13650.0,3098.5,16,1674,16.839673913043477,2010-01-26 08:44:00,2011-11-23 12:22:00,666,22.2,0.7207207207207208,1.8509557945041817,104.625,16,0
13651.0,208.95,4,60,13.93,2010-11-23 09:44:00,2011-11-04 14:59:00,346,11.533333333333331,0.3468208092485549,3.4825,15.0,34,0
13652.0,2570.85,5,1570,16.1688679245283,2010-02-25 17:37:00,2011-10-25 08:51:00,606,20.2,0.2475247524752475,1.6374840764331209,314.0,45,0
13653.0,152.2,1,72,16.91111111111111,2010-08-09 08:19:00,2010-08-09 08:19:00,0,1.0,1.0,2.113888888888889,72.0,487,1
13654.0,6308.0,11,4762,19.173252279635257,2009-12-02 11:43:00,2011-10-27 16:24:00,694,23.133333333333333,0.4755043227665706,1.3246535069298615,432.9090909090909,42,0
13655.0,2259.3,8,1212,18.368292682926832,2010-04-27 09:59:00,2011-08-17 14:25:00,477,15.9,0.5031446540880503,1.864108910891089,151.5,113,1
13656.0,1053.35,7,859,11.703888888888889,2010-04-23 12:50:00,2011-06-28 10:31:00,430,14.333333333333334,0.4883720930232558,1.2262514551804422,122.71428571428572,164,1
13657.0,382.14,2,209,23.88375,2011-05-22 12:35:00,2011-11-29 12:32:00,190,6.333333333333333,0.3157894736842105,1.828421052631579,104.5,10,0
13658.0,5772.07,13,2146,23.5594693877551,2010-02-05 13:17:00,2011-11-30 10:13:00,662,22.066666666666663,0.5891238670694864,2.6896877912395154,165.07692307692307,9,0
13659.0,4716.63,17,2504,16.32051903114187,2010-02-17 09:05:00,2011-05-26 19:56:00,463,15.433333333333334,1.101511879049676,1.883638178913738,147.2941176470588,196,1
13660.0,303.69,2,135,7.230714285714286,2010-11-04 16:10:00,2010-11-09 10:01:00,4,0.1333333333333333,15.0,2.249555555555556,67.5,395,1
13661.0,325.24,1,118,19.131764705882357,2010-04-15 14:58:00,2010-04-15 14:58:00,0,1.0,1.0,2.756271186440678,118.0,602,1
13662.0,2183.13,17,1152,14.75087837837838,2010-02-19 13:21:00,2011-09-15 12:04:00,572,19.066666666666663,0.8916083916083917,1.895078125,67.76470588235294,85,0
13663.0,2013.61,6,891,19.93673267326733,2010-03-03 10:11:00,2011-06-13 15:44:00,467,15.566666666666666,0.3854389721627409,2.259943883277217,148.5,178,1
13664.0,-13.14,1,-1,-13.14,2010-01-26 16:31:00,2010-01-26 16:31:00,0,1.0,1.0,13.14,-1.0,681,1
13665.0,1711.66,3,1652,16.147735849056602,2010-07-23 13:29:00,2010-11-18 13:06:00,117,3.9,0.7692307692307693,1.0361138014527844,550.6666666666666,385,1
13666.0,127.9,5,54,6.731578947368421,2009-12-04 10:48:00,2011-10-10 15:39:00,675,22.5,0.2222222222222222,2.3685185185185182,10.8,59,0
13667.0,305.02,1,154,3.505977011494253,2011-07-13 15:42:00,2011-07-13 15:42:00,0,1.0,1.0,1.9806493506493503,154.0,148,1
13668.0,12749.14,47,5982,15.70091133004926,2009-12-11 14:28:00,2011-12-07 12:14:00,725,24.166666666666668,1.9448275862068964,2.131250417920428,127.27659574468083,2,0
13669.0,413.55,3,393,29.539285714285715,2010-10-28 15:05:00,2011-10-20 09:32:00,356,11.866666666666667,0.2528089887640449,1.0522900763358778,131.0,50,0
13670.0,349.7,1,282,13.988,2011-09-25 15:25:00,2011-09-25 15:25:00,0,1.0,1.0,1.2400709219858157,282.0,74,0
13671.0,194.95,1,107,2.5651315789473683,2010-11-10 10:50:00,2010-11-10 10:50:00,0,1.0,1.0,1.8219626168224297,107.0,394,1
13672.0,162.07000000000002,7,80,5.788214285714287,2009-12-09 11:40:00,2011-02-11 13:55:00,429,14.3,0.4895104895104895,2.025875,11.428571428571429,300,1
13673.0,396.92,2,119,6.106461538461539,2011-11-07 15:40:00,2011-11-21 12:11:00,13,0.4333333333333333,4.615384615384615,3.3354621848739496,59.5,18,0
13674.0,215.88,2,98,13.4925,2010-10-03 10:41:00,2010-10-06 11:15:00,3,0.1,20.0,2.202857142857143,49.0,429,1
13675.0,486.8200000000001,2,330,19.472800000000003,2011-02-28 12:14:00,2011-07-11 12:57:00,133,4.433333333333334,0.4511278195488721,1.4752121212121214,165.0,150,1
13676.0,153.15,3,59,10.21,2010-03-30 16:53:00,2010-06-18 17:30:00,80,2.6666666666666665,1.125,2.5957627118644067,19.666666666666668,538,1
13677.0,556.1899999999999,2,218,5.19803738317757,2010-07-07 17:25:00,2010-10-31 11:32:00,115,3.8333333333333335,0.5217391304347826,2.5513302752293576,109.0,404,1
13678.0,232.6,1,924,14.5375,2011-07-11 10:14:00,2011-07-11 10:14:00,0,1.0,1.0,0.2517316017316017,924.0,151,1
13679.0,281.26,3,102,5.6252,2009-12-04 16:52:00,2010-08-03 12:13:00,241,8.033333333333333,0.3734439834024896,2.7574509803921567,34.0,493,1
13680.0,9915.56,13,4583,14.73337295690936,2009-12-04 14:14:00,2011-12-08 13:47:00,733,24.433333333333334,0.5320600272851296,2.1635522583460616,352.53846153846155,0,0
13681.0,827.83,4,360,14.523333333333332,2011-07-07 15:21:00,2011-11-22 11:13:00,137,4.566666666666666,0.8759124087591241,2.299527777777778,90.0,17,0
13682.0,59.5,1,10,19.83333333333333,2011-06-05 14:06:00,2011-06-05 14:06:00,0,1.0,1.0,5.95,10.0,186,1
13683.0,258.6,1,180,25.860000000000003,2010-09-08 10:00:00,2010-09-08 10:00:00,0,1.0,1.0,1.4366666666666668,180.0,457,1
13684.0,546.52,6,223,4.83646017699115,2010-03-28 14:48:00,2011-02-27 10:25:00,335,11.166666666666666,0.5373134328358209,2.4507623318385647,37.16666666666666,285,1
13685.0,3119.44,7,5056,79.98564102564103,2011-10-10 12:59:00,2011-12-07 11:41:00,57,1.9,3.68421052631579,0.6169778481012659,722.2857142857143,2,0
13686.0,409.04,3,378,12.030588235294118,2010-11-03 13:44:00,2011-06-10 09:10:00,218,7.266666666666667,0.4128440366972477,1.0821164021164025,126.0,182,1
13687.0,11880.84,1,87167,264.01866666666666,2010-09-27 16:30:00,2010-09-27 16:30:00,0,1.0,1.0,0.1362997464636846,87167.0,437,1
13688.0,375.5,1,130,75.1,2010-03-14 14:11:00,2010-03-14 14:11:00,0,1.0,1.0,2.8884615384615384,130.0,634,1
13689.0,1259.5,2,722,139.94444444444446,2010-09-21 10:27:00,2011-10-07 13:21:00,381,12.7,0.1574803149606299,1.744459833795014,361.0,62,0
13690.0,172.25,1,67,19.13888888888889,2011-10-11 15:03:00,2011-10-11 15:03:00,0,1.0,1.0,2.57089552238806,67.0,58,0
13691.0,212.78,1,145,3.9403703703703705,2010-11-08 17:34:00,2010-11-08 17:34:00,0,1.0,1.0,1.467448275862069,145.0,395,1
13692.0,3016.45,8,2089,30.46919191919192,2010-10-15 13:28:00,2011-11-15 11:17:00,395,13.166666666666666,0.6075949367088608,1.4439684059358544,261.125,24,0
13693.0,1948.32,13,871,17.395714285714284,2009-12-07 11:29:00,2011-01-18 15:23:00,407,13.566666666666666,0.9582309582309584,2.236877152698048,67.0,324,1
13694.0,190825.52,164,185442,122.48107830551989,2009-12-04 15:26:00,2011-12-06 09:32:00,731,24.366666666666667,6.730506155950752,1.0290307481584535,1130.7439024390244,3,0
13695.0,2770.73,16,1791,28.86177083333333,2010-05-11 11:07:00,2011-11-08 14:26:00,546,18.2,0.8791208791208791,1.5470295924064768,111.9375,30,0
13696.0,2008.7,4,546,80.348,2010-01-13 12:08:00,2010-10-14 09:44:00,273,9.1,0.4395604395604395,3.678937728937729,136.5,421,1
13697.0,151.29999999999998,1,177,12.608333333333333,2011-11-01 09:14:00,2011-11-01 09:14:00,0,1.0,1.0,0.8548022598870055,177.0,38,0
13698.0,465.53,2,231,11.63825,2010-01-27 09:02:00,2010-04-22 11:52:00,85,2.833333333333333,0.7058823529411764,2.0152813852813853,115.5,596,1
13699.0,711.4,3,214,17.785,2010-06-07 13:03:00,2011-07-07 16:51:00,395,13.166666666666666,0.2278481012658228,3.324299065420561,71.33333333333333,154,1
13700.0,2586.21,14,2798,10.470485829959514,2010-02-07 10:53:00,2011-11-13 13:00:00,644,21.466666666666665,0.6521739130434783,0.9243066476054324,199.8571428571429,25,0
13701.0,159.55,2,79,15.955000000000002,2010-09-19 12:39:00,2010-09-28 18:34:00,9,0.3,6.666666666666667,2.019620253164557,39.5,436,1
13702.0,135.18,1,74,27.036,2010-09-20 11:40:00,2010-09-20 11:40:00,0,1.0,1.0,1.8267567567567569,74.0,445,1
13703.0,99.5,3,10,1.363013698630137,2010-10-20 13:11:00,2011-01-25 13:10:00,96,3.2,0.9375,9.95,3.333333333333333,317,1
13704.0,2295.31,10,1528,17.002296296296297,2011-09-12 14:40:00,2011-12-04 15:13:00,83,2.7666666666666666,3.614457831325301,1.5021662303664922,152.8,4,0
13705.0,2035.33,7,1009,24.23011904761905,2010-03-25 17:19:00,2011-12-02 12:32:00,616,20.53333333333333,0.3409090909090909,2.0171754212091177,144.14285714285714,7,0
13706.0,631.17,2,301,16.609736842105264,2010-03-23 09:18:00,2011-02-10 09:21:00,324,10.8,0.1851851851851851,2.096910299003322,150.5,302,1
13707.0,3365.86,5,2210,21.715225806451613,2010-06-21 11:57:00,2011-03-17 18:03:00,269,8.966666666666667,0.5576208178438662,1.5230135746606337,442.0,266,1
13708.0,296.88,1,306,5.821176470588235,2011-03-13 13:46:00,2011-03-13 13:46:00,0,1.0,1.0,0.9701960784313726,306.0,270,1
13709.0,7512.81,22,4115,17.97322966507177,2010-01-11 10:40:00,2011-12-06 10:28:00,693,23.1,0.9523809523809524,1.8257132442284327,187.04545454545453,3,0
13710.0,509.52,3,336,33.968,2010-04-06 12:54:00,2011-11-08 08:16:00,580,19.33333333333333,0.1551724137931034,1.5164285714285717,112.0,31,0
13711.0,1632.61,15,796,15.850582524271848,2009-12-01 14:01:00,2011-05-05 10:31:00,519,17.3,0.8670520231213873,2.0510175879396986,53.06666666666667,218,1
13712.0,766.42,2,1128,23.224848484848483,2010-04-08 11:16:00,2011-04-07 12:33:00,364,12.133333333333333,0.1648351648351648,0.6794503546099291,564.0,246,1
13713.0,743.26,3,286,9.064146341463417,2010-05-05 16:48:00,2010-10-27 16:18:00,174,5.8,0.5172413793103449,2.598811188811189,95.33333333333331,407,1
13714.0,161.35,1,50,5.378333333333333,2010-08-31 13:57:00,2010-08-31 13:57:00,0,1.0,1.0,3.227,50.0,464,1
13715.0,8438.34,21,4919,15.626555555555557,2010-03-11 15:33:00,2011-03-03 19:21:00,357,11.9,1.7647058823529411,1.7154584265094532,234.23809523809524,280,1
13716.0,138.28,1,138,6.584761904761905,2011-03-15 13:49:00,2011-03-15 13:49:00,0,1.0,1.0,1.0020289855072464,138.0,268,1
13717.0,1748.05,11,2141,13.764173228346456,2010-08-11 09:40:00,2011-11-07 14:13:00,453,15.1,0.728476821192053,0.816464269033162,194.63636363636363,31,0
13718.0,306.55,2,173,25.54583333333333,2011-02-17 11:58:00,2011-04-07 13:24:00,49,1.6333333333333333,1.2244897959183674,1.7719653179190753,86.5,245,1
13719.0,2815.25,11,1599,11.216135458167331,2010-05-17 14:36:00,2011-11-24 15:26:00,556,18.53333333333333,0.5935251798561151,1.7606316447779862,145.36363636363637,14,0
13720.0,799.9,4,501,18.60232558139535,2011-03-30 09:17:00,2011-08-15 12:46:00,138,4.6,0.8695652173913044,1.5966067864271456,125.25,116,1
13721.0,741.54,2,512,17.655714285714286,2010-11-09 17:59:00,2011-11-03 14:05:00,358,11.933333333333334,0.1675977653631284,1.4483203125,256.0,35,0
13722.0,5629.16,11,3058,29.62715789473684,2010-03-03 14:13:00,2011-08-11 15:26:00,526,17.533333333333335,0.6273764258555132,1.8407979071288425,278.0,119,1
13723.0,1209.2,6,629,20.494915254237288,2010-04-07 14:32:00,2011-05-06 17:04:00,394,13.133333333333333,0.4568527918781726,1.92241653418124,104.83333333333331,216,1
13724.0,213.01,1,130,5.071666666666667,2010-03-12 15:28:00,2010-03-12 15:28:00,0,1.0,1.0,1.6385384615384615,130.0,636,1
13725.0,1809.81,11,659,15.337372881355932,2011-02-04 12:18:00,2011-10-21 10:03:00,258,8.6,1.2790697674418603,2.746297420333839,59.90909090909091,49,0
13726.0,1079.66,2,1054,25.70619047619047,2011-08-31 11:06:00,2011-11-01 10:49:00,61,2.033333333333333,0.9836065573770492,1.024345351043643,527.0,38,0
13727.0,1067.3,9,367,12.556470588235294,2009-12-09 13:25:00,2011-11-11 09:46:00,701,23.366666666666667,0.3851640513552068,2.908174386920981,40.77777777777778,28,0
13728.0,2855.17,16,1269,17.409573170731708,2009-12-09 17:13:00,2011-11-03 10:49:00,693,23.1,0.6926406926406926,2.2499369582348305,79.3125,36,0
13729.0,676.4300000000001,5,405,15.373409090909092,2010-01-24 14:57:00,2010-09-30 10:44:00,248,8.266666666666667,0.6048387096774193,1.6701975308641976,81.0,435,1
13730.0,752.6,2,488,17.50232558139535,2011-07-01 12:47:00,2011-07-27 08:35:00,25,0.8333333333333334,2.4,1.5422131147540985,244.0,135,1
13731.0,610.59,2,278,16.068157894736842,2011-04-07 10:10:00,2011-05-04 14:33:00,27,0.9,2.2222222222222223,2.1963669064748204,139.0,218,1
13732.0,491.86,1,498,14.904848484848486,2011-11-11 15:49:00,2011-11-11 15:49:00,0,1.0,1.0,0.9876706827309236,498.0,27,0
13733.0,484.53,3,333,16.151,2009-12-04 15:28:00,2010-10-25 12:18:00,324,10.8,0.2777777777777777,1.4550450450450452,111.0,410,1
13734.0,3451.29,6,210,115.043,2010-04-16 08:42:00,2010-07-19 12:04:00,94,3.1333333333333333,1.9148936170212767,16.434714285714286,35.0,508,1
13735.0,9472.81,22,4070,13.869414348462664,2009-12-13 13:31:00,2011-11-15 11:14:00,701,23.366666666666667,0.94151212553495,2.3274717444717443,185.0,24,0
13736.0,2715.01,12,1540,4.779947183098592,2009-12-06 12:07:00,2011-12-04 15:19:00,728,24.266666666666666,0.4945054945054945,1.7629935064935067,128.33333333333334,4,0
13737.0,339.6,1,125,11.32,2011-05-23 16:32:00,2011-05-23 16:32:00,0,1.0,1.0,2.7168,125.0,199,1
13738.0,440.93,1,240,4.792717391304348,2010-11-08 15:23:00,2010-11-08 15:23:00,0,1.0,1.0,1.837208333333333,240.0,395,1
13739.0,292.2,2,76,48.7,2010-06-30 10:25:00,2011-11-21 13:35:00,509,16.966666666666665,0.1178781925343811,3.844736842105263,38.0,17,0
13740.0,1597.77,5,991,16.818631578947368,2009-12-02 12:22:00,2011-04-13 10:32:00,496,16.533333333333335,0.3024193548387096,1.6122805247225025,198.2,240,1
13741.0,666.33,4,217,19.038,2011-05-06 13:43:00,2011-09-29 09:19:00,145,4.833333333333333,0.8275862068965518,3.0706451612903227,54.25,71,0
13742.0,3102.42,14,1116,9.605015479876162,2011-01-23 14:59:00,2011-11-23 11:07:00,303,10.1,1.3861386138613865,2.77994623655914,79.71428571428571,16,0
13743.0,1340.15,8,1775,31.90833333333333,2011-03-25 14:46:00,2011-12-07 10:09:00,256,8.533333333333333,0.9375,0.7550140845070422,221.875,2,0
13744.0,1156.36,2,1249,16.060555555555553,2011-02-20 14:08:00,2011-09-05 15:19:00,197,6.566666666666666,0.3045685279187817,0.9258286629303442,624.5,94,1
13745.0,761.27,4,1121,12.902881355932204,2010-06-11 17:19:00,2011-07-11 14:21:00,394,13.133333333333333,0.3045685279187817,0.6790990187332738,280.25,150,1
13746.0,176.69,1,83,19.63222222222222,2010-10-22 11:55:00,2010-10-22 11:55:00,0,1.0,1.0,2.1287951807228915,83.0,413,1
13747.0,249.4,2,68,41.56666666666666,2010-10-11 09:15:00,2010-12-01 10:37:00,51,1.7,1.1764705882352942,3.667647058823529,34.0,373,1
13748.0,2268.35,9,1108,38.44661016949152,2009-12-01 16:44:00,2011-09-05 09:45:00,642,21.4,0.4205607476635514,2.0472472924187723,123.11111111111111,95,1
13749.0,-10.25,1,-7,-5.125,2010-01-07 16:52:00,2010-01-07 16:52:00,0,1.0,1.0,1.4642857142857142,-7.0,700,1
13750.0,3563.6,13,1360,46.28051948051948,2010-04-01 14:49:00,2011-10-17 12:16:00,563,18.766666666666666,0.6927175843694494,2.6202941176470587,104.6153846153846,53,0
13751.0,296.25,1,152,32.916666666666664,2011-02-24 15:56:00,2011-02-24 15:56:00,0,1.0,1.0,1.949013157894737,152.0,287,1
13752.0,1590.73,7,1007,16.744526315789475,2010-06-30 10:23:00,2011-08-07 14:16:00,403,13.433333333333334,0.5210918114143921,1.5796722939424033,143.85714285714286,123,1
13753.0,2094.57,4,1450,26.182125,2009-12-03 10:20:00,2011-02-25 12:48:00,449,14.966666666666669,0.2672605790645879,1.4445310344827584,362.5,287,1
13754.0,447.05,3,315,21.28809523809524,2010-09-28 15:29:00,2011-07-11 11:51:00,285,9.5,0.3157894736842105,1.4192063492063491,105.0,151,1
13755.0,2154.68,10,1241,6.281865889212828,2011-10-07 15:45:00,2011-12-06 12:26:00,59,1.9666666666666663,5.084745762711865,1.73624496373892,124.1,3,0
13756.0,9147.2,25,5415,26.134857142857143,2009-12-15 15:18:00,2011-12-07 16:44:00,722,24.066666666666663,1.0387811634349031,1.6892336103416437,216.6,1,0
13757.0,195.55,1,54,24.44375,2010-02-03 12:37:00,2010-02-03 12:37:00,0,1.0,1.0,3.621296296296297,54.0,674,1
13758.0,9263.14,19,5059,29.40679365079365,2009-12-01 10:06:00,2011-11-28 11:11:00,727,24.23333333333333,0.7840440165061898,1.8310219410950777,266.2631578947368,11,0
13759.0,659.4100000000001,2,287,26.376400000000004,2011-09-29 15:40:00,2011-11-06 14:47:00,37,1.2333333333333334,1.6216216216216215,2.297595818815332,143.5,32,0
13760.0,1358.64,6,619,11.322,2010-04-25 13:10:00,2011-10-16 16:13:00,539,17.966666666666665,0.3339517625231911,2.194894991922456,103.16666666666669,53,0
13761.0,1952.17,6,1079,16.001393442622952,2010-02-21 11:08:00,2011-10-20 14:01:00,606,20.2,0.297029702970297,1.8092400370713624,179.83333333333334,49,0
13762.0,2165.76,6,2336,51.56571428571429,2010-01-10 12:13:00,2011-05-19 15:23:00,494,16.466666666666665,0.3643724696356276,0.927123287671233,389.3333333333333,203,1
13763.0,5181.99,6,3220,97.77339622641507,2010-09-30 17:39:00,2011-10-07 15:13:00,371,12.366666666666667,0.4851752021563342,1.6093136645962731,536.6666666666666,62,0
13764.0,2953.26,6,2099,7.854414893617021,2010-03-07 12:56:00,2011-09-30 12:03:00,571,19.03333333333333,0.3152364273204903,1.4069842782277275,349.8333333333333,70,0
13765.0,352.821,1,297,20.75417647058824,2010-02-24 13:46:00,2010-02-24 13:46:00,0,1.0,1.0,1.187949494949495,297.0,652,1
13766.0,190.35,1,137,11.197058823529412,2010-08-01 14:25:00,2010-08-01 14:25:00,0,1.0,1.0,1.3894160583941606,137.0,494,1
13767.0,35115.68,96,15139,41.75467300832342,2009-12-01 10:52:00,2011-12-07 15:00:00,736,24.53333333333333,3.913043478260869,2.3195508289847413,157.69791666666666,1,0
13768.0,758.07,8,357,17.629534883720932,2009-12-01 12:33:00,2010-05-25 10:19:00,174,5.8,1.3793103448275863,2.1234453781512608,44.625,563,1
13769.0,5766.63,29,2558,19.416262626262625,2009-12-16 11:59:00,2011-12-07 15:08:00,721,24.03333333333333,1.2066574202496532,2.2543510555121187,88.20689655172414,1,0
13770.0,785.37,4,468,16.361875,2009-12-09 14:44:00,2010-10-13 15:10:00,308,10.266666666666667,0.3896103896103896,1.6781410256410256,117.0,421,1
13771.0,5726.07,10,3139,26.38741935483871,2010-02-25 12:37:00,2011-10-06 14:18:00,588,19.6,0.5102040816326531,1.8241701178719336,313.9,63,0
13772.0,3094.72,9,1434,5.363466204506065,2010-02-23 13:55:00,2011-11-06 11:43:00,620,20.666666666666668,0.4354838709677419,2.1581032078103206,159.33333333333334,33,0
13773.0,301.54,2,174,15.870526315789474,2010-02-18 10:27:00,2010-11-08 11:49:00,263,8.766666666666667,0.2281368821292775,1.7329885057471266,87.0,396,1
13774.0,345.0,1,192,15.681818181818182,2011-09-19 12:06:00,2011-09-19 12:06:00,0,1.0,1.0,1.796875,192.0,81,0
13775.0,1049.66,1,455,16.661269841269842,2010-04-28 12:15:00,2010-04-28 12:15:00,0,1.0,1.0,2.306945054945055,455.0,590,1
13776.0,-340.17,8,-4,-42.52125,2010-01-26 16:51:00,2010-10-07 16:59:00,254,8.466666666666667,0.9448818897637796,85.0425,-0.5,427,1
13777.0,56016.57,73,26566,129.07043778801844,2009-12-02 09:47:00,2011-12-09 12:25:00,737,24.566666666666663,2.971506105834464,2.108581269291576,363.9178082191781,0,0
13778.0,1116.54,5,510,24.812,2010-05-23 13:34:00,2011-08-28 15:25:00,462,15.4,0.3246753246753247,2.1892941176470586,102.0,102,1
13779.0,161.13,1,53,5.967777777777777,2010-07-12 11:24:00,2010-07-12 11:24:00,0,1.0,1.0,3.040188679245283,53.0,515,1
13780.0,735.82,3,481,7.3582,2010-10-28 19:51:00,2011-12-02 13:49:00,399,13.3,0.225563909774436,1.52977130977131,160.33333333333334,6,0
13781.0,770.88,4,299,13.29103448275862,2009-12-18 15:46:00,2011-04-03 12:08:00,470,15.666666666666666,0.2553191489361702,2.5781939799331104,74.75,250,1
13782.0,1785.77,14,648,7.288857142857143,2009-12-06 12:52:00,2011-11-27 11:54:00,720,24.0,0.5833333333333334,2.755817901234568,46.285714285714285,12,0
13783.0,1542.09,4,3437,154.209,2010-02-04 13:47:00,2010-08-09 09:23:00,185,6.166666666666667,0.6486486486486486,0.4486732615653185,859.25,487,1
13784.0,2897.18,15,2822,64.38177777777777,2010-09-15 12:27:00,2011-11-30 09:33:00,440,14.666666666666666,1.0227272727272727,1.0266406803685328,188.13333333333333,9,0
13785.0,542.49,4,151,18.083,2010-09-05 16:01:00,2010-10-07 09:25:00,31,1.0333333333333334,3.870967741935484,3.5926490066225165,37.75,428,1
13786.0,2736.41,8,1639,21.71753968253968,2009-12-03 15:32:00,2010-12-07 13:53:00,368,12.266666666666667,0.6521739130434783,1.6695607077486272,204.875,366,1
13787.0,1173.7,9,987,12.486170212765956,2010-01-14 10:13:00,2011-09-25 12:06:00,619,20.633333333333333,0.4361873990306947,1.1891590678824722,109.66666666666669,75,0
13788.0,3.75,1,1,3.75,2010-07-22 15:50:00,2010-07-22 15:50:00,0,1.0,1.0,3.75,1.0,504,1
13789.0,239.46,1,258,13.303333333333333,2010-11-16 15:31:00,2010-11-16 15:31:00,0,1.0,1.0,0.9281395348837208,258.0,387,1
13790.0,348.8,1,748,7.751111111111111,2011-12-05 15:48:00,2011-12-05 15:48:00,0,1.0,1.0,0.4663101604278075,748.0,3,0
13791.0,1047.68,3,828,61.62823529411765,2011-06-24 16:38:00,2011-10-27 14:38:00,124,4.133333333333334,0.7258064516129031,1.2653140096618358,276.0,42,0
13792.0,383.95,3,156,16.693478260869565,2010-10-13 11:05:00,2011-10-04 14:31:00,356,11.866666666666667,0.2528089887640449,2.4612179487179486,52.0,65,0
13793.0,96.0,1,52,13.714285714285714,2010-03-03 08:25:00,2010-03-03 08:25:00,0,1.0,1.0,1.8461538461538465,52.0,646,1
13794.0,126.03,1,63,14.003333333333334,2010-06-11 12:30:00,2010-06-11 12:30:00,0,1.0,1.0,2.0004761904761903,63.0,546,1
13795.0,836.3,4,1250,28.83793103448276,2010-03-12 12:44:00,2010-11-16 17:25:00,249,8.3,0.4819277108433734,0.66904,312.5,387,1
13796.0,289.7,1,218,13.168181818181818,2010-07-28 14:45:00,2010-07-28 14:45:00,0,1.0,1.0,1.3288990825688072,218.0,498,1
13797.0,1168.45,4,570,14.605625,2010-03-02 12:17:00,2010-09-29 10:34:00,210,7.0,0.5714285714285714,2.0499122807017547,142.5,436,1
13798.0,73573.47,125,47410,80.49613785557987,2009-12-08 16:21:00,2011-12-08 15:51:00,729,24.3,5.144032921810699,1.5518555157139844,379.28,0,0
13799.0,2039.82,13,1358,17.584655172413793,2010-03-05 16:39:00,2011-08-15 12:07:00,527,17.566666666666666,0.7400379506641366,1.5020765832106038,104.46153846153848,116,1
13800.0,1679.56,3,891,23.00767123287671,2009-12-03 10:03:00,2011-02-03 12:27:00,427,14.233333333333333,0.2107728337236534,1.885028058361392,297.0,309,1
13801.0,324.8,1,168,14.121739130434785,2011-10-04 10:15:00,2011-10-04 10:15:00,0,1.0,1.0,1.9333333333333331,168.0,66,0
13802.0,25491.56,24,13830,55.780218818380746,2010-02-16 10:11:00,2011-07-24 13:26:00,523,17.433333333333334,1.3766730401529637,1.8432075198843096,576.25,137,1
13803.0,1319.11,4,819,16.697594936708864,2010-03-31 10:00:00,2011-03-29 12:57:00,363,12.1,0.3305785123966942,1.6106349206349209,204.75,254,1
13804.0,3208.52,9,1833,18.985325443786984,2010-09-29 10:26:00,2011-11-09 12:32:00,406,13.533333333333331,0.6650246305418719,1.7504200763775233,203.66666666666663,30,0
13805.0,924.6,2,1900,71.12307692307692,2011-08-02 15:29:00,2011-10-18 14:50:00,76,2.533333333333333,0.7894736842105263,0.4866315789473684,950.0,51,0
13806.0,256.38,1,56,25.638,2011-10-07 11:43:00,2011-10-07 11:43:00,0,1.0,1.0,4.578214285714286,56.0,63,0
13807.0,509.9,4,150,14.99705882352941,2009-12-04 12:41:00,2010-12-07 15:48:00,368,12.266666666666667,0.3260869565217391,3.3993333333333333,37.5,366,1
13808.0,1747.66,5,782,22.99552631578948,2011-09-04 12:07:00,2011-12-04 12:18:00,91,3.033333333333333,1.6483516483516485,2.2348593350383634,156.4,5,0
13809.0,679.7,3,281,27.188,2010-09-05 11:42:00,2011-02-07 13:15:00,155,5.166666666666667,0.5806451612903225,2.418861209964413,93.66666666666669,304,1
13810.0,899.51,4,311,24.98638888888889,2011-10-14 12:57:00,2011-11-11 08:33:00,27,0.9,4.444444444444445,2.8923151125401927,77.75,28,0
13811.0,591.75,4,67,42.267857142857146,2011-04-14 18:40:00,2011-06-09 09:54:00,55,1.8333333333333333,2.181818181818182,8.832089552238806,16.75,183,1
13812.0,539.0,3,333,14.97222222222222,2011-08-26 12:54:00,2011-10-28 14:27:00,63,2.1,1.4285714285714286,1.6186186186186189,111.0,41,0
13813.0,2686.42,12,1276,17.55830065359477,2009-12-06 10:16:00,2011-10-31 10:38:00,694,23.133333333333333,0.5187319884726225,2.105344827586207,106.33333333333331,39,0
13814.0,2239.07,5,1211,27.64283950617284,2010-06-30 14:12:00,2011-10-14 16:57:00,471,15.7,0.3184713375796179,1.848943022295624,242.2,55,0
13815.0,7285.79,10,5358,20.182243767313015,2010-02-12 10:26:00,2011-11-17 14:19:00,643,21.433333333333334,0.4665629860031104,1.3597965658827922,535.8,21,0
13816.0,555.04,4,260,16.819393939393937,2011-10-06 14:37:00,2011-11-16 08:38:00,40,1.3333333333333333,3.0,2.1347692307692308,65.0,23,0
13817.0,382.98,2,211,15.9575,2010-12-23 11:46:00,2011-11-10 17:49:00,322,10.733333333333333,0.1863354037267081,1.8150710900473932,105.5,28,0
13818.0,61.28,1,60,12.256,2010-10-06 12:35:00,2010-10-06 12:35:00,0,1.0,1.0,1.0213333333333334,60.0,429,1
13819.0,2631.1,7,2302,25.299038461538466,2009-12-01 16:18:00,2011-02-11 10:38:00,436,14.533333333333331,0.481651376146789,1.1429626411815812,328.85714285714283,301,1
13820.0,640.4,5,284,6.886021505376344,2010-01-28 12:05:00,2010-10-17 13:46:00,262,8.733333333333333,0.5725190839694657,2.2549295774647886,56.8,417,1
13821.0,1387.03,7,477,6.604904761904762,2010-01-04 13:36:00,2011-07-18 09:49:00,559,18.633333333333333,0.3756708407871199,2.907819706498952,68.14285714285714,144,1
13822.0,632.0,2,611,6.583333333333333,2011-10-30 15:55:00,2011-12-04 12:13:00,34,1.1333333333333333,1.7647058823529411,1.034369885433715,305.5,5,0
13823.0,3358.55,8,1560,20.23222891566265,2009-12-15 14:34:00,2011-11-21 10:22:00,705,23.5,0.3404255319148936,2.1529166666666666,195.0,18,0
13824.0,3273.36,14,1434,31.474615384615387,2010-03-12 15:17:00,2011-11-07 12:41:00,604,20.133333333333333,0.695364238410596,2.2826778242677825,102.42857142857144,32,0
13825.0,255.59,2,182,6.38975,2009-12-09 14:30:00,2010-03-28 11:02:00,108,3.6,0.5555555555555556,1.404340659340659,91.0,621,1
13826.0,174.65,2,80,14.554166666666667,2011-06-16 13:48:00,2011-07-04 16:27:00,18,0.6,3.333333333333333,2.183125,40.0,157,1
13827.0,412.05,3,141,4.430645161290323,2011-07-19 15:38:00,2011-10-13 12:38:00,85,2.833333333333333,1.0588235294117647,2.9223404255319148,47.0,57,0
13828.0,209.49,1,311,13.966,2011-11-17 16:02:00,2011-11-17 16:02:00,0,1.0,1.0,0.6736012861736335,311.0,21,0
13829.0,0.0,2,0,0.0,2010-10-14 18:19:00,2010-12-15 16:36:00,61,2.033333333333333,0.9836065573770492,,0.0,358,1
13830.0,135.95000000000002,2,45,10.457692307692309,2010-05-07 12:24:00,2010-05-14 13:16:00,7,0.2333333333333333,8.571428571428571,3.0211111111111117,22.5,573,1
13831.0,7009.179999999999,20,2553,36.69727748691099,2009-12-10 14:50:00,2011-11-23 15:41:00,713,23.766666666666666,0.841514726507714,2.745468076772424,127.65,15,0
13832.0,602.4399999999999,3,419,10.386896551724137,2010-10-13 14:41:00,2011-11-22 12:31:00,404,13.466666666666669,0.2227722772277227,1.4378042959427206,139.66666666666666,17,0
13833.0,701.36,2,244,15.585777777777778,2010-10-31 14:11:00,2011-07-03 13:27:00,244,8.133333333333333,0.2459016393442623,2.8744262295081966,122.0,158,1
13834.0,247.89,3,214,11.804285714285712,2009-12-17 17:47:00,2010-05-12 10:27:00,145,4.833333333333333,0.6206896551724138,1.1583644859813085,71.33333333333333,576,1
13835.0,1044.82,8,513,14.312602739726026,2010-03-04 08:26:00,2011-11-14 15:37:00,620,20.666666666666668,0.3870967741935484,2.0366861598440544,64.125,24,0
13836.0,602.52,3,270,18.258181818181814,2010-10-21 13:27:00,2010-11-05 13:31:00,15,0.5,6.0,2.2315555555555555,90.0,398,1
13837.0,271.24,2,183,14.275789473684211,2011-01-26 12:15:00,2011-05-12 12:10:00,105,3.5,0.5714285714285714,1.4821857923497268,91.5,211,1
13838.0,1966.09,10,794,4.165444915254237,2010-05-09 11:40:00,2011-12-04 11:00:00,573,19.1,0.5235602094240838,2.476183879093199,79.4,5,0
13839.0,139.95000000000002,1,25,19.992857142857144,2010-08-10 13:52:00,2010-08-10 13:52:00,0,1.0,1.0,5.598000000000001,25.0,485,1
13840.0,651.4,1,358,16.285,2010-10-19 13:34:00,2010-10-19 13:34:00,0,1.0,1.0,1.8195530726256983,358.0,415,1
13841.0,85.0,1,100,85.0,2011-04-01 12:10:00,2011-04-01 12:10:00,0,1.0,1.0,0.85,100.0,252,1
13842.0,5604.96,19,2872,15.656312849162012,2010-02-16 15:54:00,2011-10-12 10:51:00,602,20.066666666666663,0.946843853820598,1.9515877437325904,151.1578947368421,58,0
13843.0,319.75,1,145,17.76388888888889,2010-11-23 17:48:00,2010-11-23 17:48:00,0,1.0,1.0,2.2051724137931035,145.0,380,1
13844.0,361.62,1,196,18.081,2011-11-28 13:21:00,2011-11-28 13:21:00,0,1.0,1.0,1.845,196.0,10,0
13845.0,312.98,1,182,34.77555555555556,2011-10-06 08:25:00,2011-10-06 08:25:00,0,1.0,1.0,1.7196703296703295,182.0,64,0
13846.0,1290.34,5,700,15.361190476190476,2010-11-05 09:47:00,2011-11-15 12:07:00,375,12.5,0.4,1.843342857142857,140.0,24,0
13847.0,310.72,1,96,16.353684210526318,2009-12-20 10:41:00,2009-12-20 10:41:00,0,1.0,1.0,3.236666666666667,96.0,719,1
13848.0,3335.0,8,10200,303.1818181818182,2009-12-09 16:17:00,2011-09-08 12:58:00,637,21.23333333333333,0.3767660910518053,0.3269607843137255,1275.0,91,1
13849.0,3443.8,6,1881,15.582805429864257,2010-03-25 12:03:00,2011-10-19 10:59:00,572,19.066666666666663,0.3146853146853147,1.8308346624136096,313.5,51,0
13850.0,1586.81,2,941,16.88095744680851,2011-08-02 14:04:00,2011-09-12 18:00:00,41,1.3666666666666667,1.4634146341463414,1.6863018065887354,470.5,87,0
13851.0,4516.76,9,2519,32.03375886524823,2010-01-29 11:54:00,2011-09-05 12:36:00,584,19.466666666666665,0.4623287671232877,1.7930766177054387,279.8888888888889,95,1
13852.0,170.45000000000002,2,79,13.111538461538462,2010-04-08 09:06:00,2010-04-12 08:16:00,3,0.1,20.0,2.157594936708861,39.5,606,1
13853.0,1056.94,2,304,44.03916666666667,2011-10-13 14:18:00,2011-12-01 08:12:00,48,1.6,1.25,3.4767763157894738,152.0,8,0
13854.0,12158.21,45,3689,65.01716577540107,2010-01-08 11:28:00,2011-12-01 09:06:00,691,23.03333333333333,1.9536903039073803,3.295801030089455,81.97777777777777,8,0
13855.0,1253.94,5,561,16.284935064935066,2009-12-08 16:56:00,2010-07-27 09:53:00,230,7.666666666666667,0.6521739130434783,2.235187165775401,112.2,500,1
13856.0,1058.88,15,1086,17.078709677419358,2010-03-30 15:40:00,2011-06-24 10:03:00,450,15.0,1.0,0.9750276243093924,72.4,168,1
13857.0,997.11,7,780,7.72953488372093,2010-05-17 14:21:00,2010-11-11 12:54:00,177,5.9,1.1864406779661016,1.2783461538461538,111.42857142857144,392,1
13858.0,216.17,1,75,19.651818181818182,2011-10-13 16:17:00,2011-10-13 16:17:00,0,1.0,1.0,2.8822666666666663,75.0,56,0
13859.0,515.86,2,167,14.329444444444444,2010-06-28 15:36:00,2011-01-17 16:14:00,203,6.766666666666667,0.2955665024630542,3.088982035928144,83.5,325,1
13860.0,1240.0,6,589,16.103896103896105,2011-09-14 09:27:00,2011-12-08 12:57:00,85,2.833333333333333,2.117647058823529,2.1052631578947367,98.16666666666669,0,0
13861.0,251.31,3,220,10.926521739130434,2010-06-27 11:37:00,2010-10-06 14:20:00,101,3.3666666666666667,0.8910891089108911,1.1423181818181818,73.33333333333333,428,1
13862.0,2534.04,11,1921,15.546257668711656,2010-11-15 13:43:00,2011-11-21 16:24:00,371,12.366666666666667,0.889487870619946,1.3191254554919312,174.63636363636363,17,0
13863.0,1217.63,6,546,16.45445945945946,2010-04-25 13:09:00,2011-04-08 17:03:00,348,11.6,0.5172413793103449,2.230091575091575,91.0,244,1
13864.0,662.4000000000001,1,192,662.4000000000001,2010-11-18 12:50:00,2010-11-18 12:50:00,0,1.0,1.0,3.4500000000000006,192.0,386,1
13865.0,501.56,4,204,16.718666666666667,2011-02-23 12:04:00,2011-10-12 13:31:00,231,7.7,0.5194805194805194,2.458627450980392,51.0,57,0
13866.0,145.67000000000002,1,57,20.81,2011-09-26 14:54:00,2011-09-26 14:54:00,0,1.0,1.0,2.55561403508772,57.0,73,0
13867.0,1015.29,3,513,16.644098360655736,2011-05-05 17:28:00,2011-11-08 15:48:00,186,6.2,0.4838709677419354,1.979122807017544,171.0,30,0
13868.0,3192.54,2,1964,96.74363636363636,2011-11-01 12:45:00,2011-12-02 16:32:00,31,1.0333333333333334,1.9354838709677415,1.625529531568228,982.0,6,0
13869.0,8111.57,10,4358,9.432058139534885,2010-01-17 14:53:00,2011-08-08 13:53:00,567,18.9,0.5291005291005292,1.8613056447911889,435.8,122,1
13870.0,5689.84,18,3443,23.22383673469388,2010-02-08 12:08:00,2011-12-07 13:23:00,667,22.23333333333333,0.8095952023988006,1.652582050537322,191.27777777777777,1,0
13871.0,7804.95,21,3462,19.083007334963323,2009-12-20 13:09:00,2011-11-17 10:49:00,696,23.2,0.9051724137931034,2.25446273830156,164.85714285714286,22,0
13872.0,891.32,6,332,14.611803278688525,2009-12-08 19:06:00,2010-07-14 15:39:00,217,7.233333333333333,0.8294930875576036,2.684698795180723,55.333333333333336,512,1
13873.0,1031.02,9,470,16.901967213114755,2010-03-03 12:31:00,2011-08-12 10:08:00,526,17.533333333333335,0.5133079847908745,2.193659574468085,52.22222222222222,119,1
13874.0,1989.2,10,851,27.24931506849315,2009-12-11 13:23:00,2010-12-16 18:20:00,370,12.333333333333334,0.8108108108108107,2.337485311398355,85.1,357,1
13875.0,4814.37,14,3072,17.831,2009-12-17 10:30:00,2011-10-17 09:36:00,668,22.266666666666666,0.62874251497006,1.567177734375,219.42857142857144,53,0
13876.0,122.7,1,36,17.52857142857143,2011-10-07 10:22:00,2011-10-07 10:22:00,0,1.0,1.0,3.408333333333333,36.0,63,0
13877.0,446.33,5,475,17.8532,2010-01-19 10:53:00,2011-09-14 15:49:00,603,20.1,0.2487562189054726,0.9396421052631578,95.0,85,0
13878.0,2473.06,4,959,23.112710280373832,2010-04-14 13:50:00,2011-10-16 12:19:00,549,18.3,0.2185792349726776,2.5787904066736185,239.75,54,0
13879.0,395.5,1,204,15.82,2010-03-04 10:49:00,2010-03-04 10:49:00,0,1.0,1.0,1.9387254901960784,204.0,645,1
13880.0,4391.66,17,2589,19.17755458515284,2010-05-26 14:29:00,2011-11-18 13:44:00,540,18.0,0.9444444444444444,1.6962765546543066,152.2941176470588,20,0
13881.0,44392.5,51,29446,95.05888650963595,2010-03-04 14:41:00,2011-12-06 12:50:00,641,21.366666666666667,2.3868954758190326,1.5075901650478842,577.3725490196078,3,0
13882.0,1131.28,6,950,17.14060606060606,2011-10-06 15:28:00,2011-12-07 11:16:00,61,2.033333333333333,2.950819672131148,1.190821052631579,158.33333333333334,2,0
13883.0,6342.74,26,3493,18.87720238095238,2009-12-08 17:26:00,2011-12-08 19:20:00,730,24.33333333333333,1.0684931506849316,1.8158431148010303,134.34615384615384,0,0
13884.0,1852.38,14,790,9.548350515463918,2010-08-26 19:57:00,2011-12-02 16:30:00,462,15.4,0.9090909090909092,2.3447848101265825,56.42857142857143,6,0
13885.0,506.8,2,182,18.1,2011-05-23 08:52:00,2011-06-03 15:07:00,11,0.3666666666666666,5.454545454545455,2.7846153846153845,91.0,188,1
13886.0,243.56,1,126,15.2225,2011-09-29 13:17:00,2011-09-29 13:17:00,0,1.0,1.0,1.933015873015873,126.0,70,0
13887.0,349.55,1,147,18.397368421052636,2011-05-19 17:22:00,2011-05-19 17:22:00,0,1.0,1.0,2.377891156462585,147.0,203,1
13888.0,2169.05,7,903,11.788315217391306,2010-05-13 11:57:00,2011-08-12 10:13:00,455,15.166666666666666,0.4615384615384615,2.402048726467332,129.0,119,1
13889.0,1855.73,8,947,20.619222222222223,2010-01-22 14:32:00,2011-09-08 09:13:00,593,19.766666666666666,0.4047217537942664,1.9595881731784583,118.375,92,1
13890.0,2858.73,22,1365,15.621475409836066,2009-12-06 15:15:00,2011-12-08 15:36:00,732,24.4,0.9016393442622952,2.094307692307692,62.04545454545455,0,0
13891.0,863.5600000000001,3,479,8.6356,2010-05-06 16:02:00,2010-11-26 15:57:00,203,6.766666666666667,0.4433497536945813,1.8028392484342384,159.66666666666666,377,1
13892.0,1267.65,6,3125,35.2125,2010-05-13 10:32:00,2011-11-13 11:50:00,549,18.3,0.3278688524590163,0.4056479999999999,520.8333333333334,26,0
13893.0,821.1,1,190,39.1,2011-02-15 11:30:00,2011-02-15 11:30:00,0,1.0,1.0,4.321578947368421,190.0,297,1
13894.0,535.97,5,339,17.865666666666666,2011-02-02 12:54:00,2011-11-17 13:35:00,288,9.6,0.5208333333333334,1.5810324483775813,67.8,21,0
13895.0,3923.62,8,2058,20.87031914893617,2009-12-03 13:09:00,2011-11-18 17:15:00,715,23.83333333333333,0.3356643356643357,1.9065208940719145,257.25,20,0
13896.0,388.55,1,149,18.502380952380957,2010-03-24 08:55:00,2010-03-24 08:55:00,0,1.0,1.0,2.607718120805369,149.0,625,1
13897.0,1160.72,3,820,19.67322033898305,2010-01-31 13:48:00,2011-10-20 14:30:00,627,20.9,0.1435406698564593,1.4155121951219511,273.3333333333333,49,0
13898.0,686.4,2,544,14.921739130434782,2010-10-24 15:42:00,2011-01-18 10:28:00,85,2.833333333333333,0.7058823529411764,1.261764705882353,272.0,325,1
13899.0,388.52,2,156,20.448421052631577,2011-03-10 09:30:00,2011-11-23 13:40:00,258,8.6,0.2325581395348837,2.49051282051282,78.0,15,0
13900.0,1608.09,7,936,16.7509375,2010-03-25 13:46:00,2011-06-09 19:26:00,441,14.7,0.4761904761904762,1.7180448717948718,133.71428571428572,182,1
13901.0,5599.34,20,3326,17.607987421383648,2010-01-05 09:29:00,2011-09-28 14:48:00,631,21.03333333333333,0.9508716323296356,1.683505712567649,166.3,71,0
13902.0,30411.26,8,218090,453.8994029850746,2009-12-08 17:13:00,2010-03-17 13:09:00,98,3.2666666666666666,2.4489795918367347,0.1394436241918474,27261.25,631,1
13903.0,165.45000000000002,1,103,16.545,2010-11-04 17:44:00,2010-11-04 17:44:00,0,1.0,1.0,1.6063106796116506,103.0,399,1
13904.0,332.64,2,332,12.793846153846154,2011-02-18 11:18:00,2011-11-02 13:41:00,257,8.566666666666666,0.2334630350194552,1.0019277108433735,166.0,36,0
13905.0,244.45,3,124,16.296666666666667,2009-12-07 11:41:00,2010-05-17 17:04:00,161,5.366666666666666,0.5590062111801243,1.9713709677419355,41.333333333333336,570,1
13906.0,42.0,1,100,42.0,2010-10-26 15:00:00,2010-10-26 15:00:00,0,1.0,1.0,0.42,100.0,408,1
13907.0,136.8,1,68,34.2,2010-01-17 12:22:00,2010-01-17 12:22:00,0,1.0,1.0,2.011764705882353,68.0,691,1
13908.0,2347.05,5,1470,18.627380952380957,2011-03-08 12:04:00,2011-09-21 11:49:00,196,6.533333333333333,0.7653061224489796,1.5966326530612247,294.0,79,0
13909.0,286.6,2,302,7.348717948717949,2010-07-06 16:52:00,2010-10-12 17:22:00,98,3.2666666666666666,0.6122448979591837,0.9490066225165564,151.0,422,1
13910.0,-127.66,1,-1,-127.66,2010-09-22 16:19:00,2010-09-22 16:19:00,0,1.0,1.0,127.66,-1.0,442,1
13911.0,4200.04,22,4476,17.355537190082643,2010-03-01 16:31:00,2011-10-13 15:43:00,590,19.666666666666668,1.11864406779661,0.9383467381590704,203.45454545454547,56,0
13912.0,124.95,1,29,17.85,2010-10-12 08:43:00,2010-10-12 08:43:00,0,1.0,1.0,4.308620689655172,29.0,423,1
13913.0,42.22,1,10,14.073333333333332,2010-07-21 10:11:00,2010-07-21 10:11:00,0,1.0,1.0,4.222,10.0,506,1
13914.0,613.95,3,379,18.05735294117647,2011-11-03 16:28:00,2011-12-06 10:54:00,32,1.0666666666666669,2.8125,1.6199208443271769,126.33333333333331,3,0
13915.0,31.200000000000003,2,16,7.800000000000001,2009-12-08 13:42:00,2010-11-10 15:17:00,337,11.233333333333333,0.1780415430267062,1.95,8.0,393,1
13916.0,1260.51,5,667,16.8068,2009-12-01 11:10:00,2010-09-02 10:04:00,274,9.133333333333333,0.5474452554744526,1.8898200899550224,133.4,463,1
13917.0,272.04,2,228,15.113333333333337,2011-06-01 12:46:00,2011-10-21 09:56:00,141,4.7,0.425531914893617,1.1931578947368422,114.0,49,0
13918.0,1212.84,2,1140,40.428,2011-03-31 18:05:00,2011-10-21 12:25:00,203,6.766666666666667,0.2955665024630542,1.0638947368421052,570.0,49,0
13919.0,1326.03,5,1096,16.17109756097561,2010-06-17 09:30:00,2011-10-17 15:24:00,487,16.233333333333334,0.3080082135523613,1.209881386861314,219.2,52,0
13920.0,1734.88,5,1768,19.71454545454545,2010-05-26 15:48:00,2010-10-04 12:37:00,130,4.333333333333333,1.153846153846154,0.981266968325792,353.6,431,1
13921.0,720.75,5,209,16.016666666666666,2009-12-18 12:19:00,2010-11-05 15:04:00,322,10.733333333333333,0.4658385093167702,3.4485645933014357,41.8,398,1
13922.0,824.7,5,453,24.99090909090909,2010-08-29 14:36:00,2010-12-23 10:38:00,115,3.8333333333333335,1.3043478260869563,1.8205298013245037,90.6,351,1
13923.0,351.13,1,185,17.5565,2011-10-17 12:33:00,2011-10-17 12:33:00,0,1.0,1.0,1.898,185.0,53,0
13924.0,1682.0800000000002,11,1532,12.277956204379564,2011-09-28 15:07:00,2011-12-08 09:39:00,70,2.333333333333333,4.714285714285714,1.097963446475196,139.27272727272728,1,0
13925.0,616.65,6,327,13.703333333333331,2011-07-28 12:09:00,2011-11-03 13:00:00,98,3.2666666666666666,1.836734693877551,1.8857798165137611,54.5,35,0
13926.0,223.85,1,104,20.35,2011-11-16 13:16:00,2011-11-16 13:16:00,0,1.0,1.0,2.152403846153846,104.0,22,0
13927.0,689.96,3,457,15.680909090909092,2010-09-28 16:12:00,2011-09-26 12:00:00,362,12.066666666666666,0.2486187845303867,1.5097592997811815,152.33333333333334,74,0
13928.0,464.57,4,129,17.206296296296298,2011-07-29 15:59:00,2011-11-29 10:33:00,122,4.066666666666666,0.9836065573770492,3.6013178294573645,32.25,10,0
13929.0,3318.1,14,1550,55.30166666666666,2010-01-14 07:25:00,2011-06-23 15:26:00,525,17.5,0.8,2.1407096774193546,110.71428571428572,168,1
13930.0,337.34,2,274,19.843529411764703,2011-07-26 11:00:00,2011-10-13 09:45:00,78,2.6,0.7692307692307692,1.2311678832116788,137.0,57,0
13931.0,5250.78,12,3484,19.30433823529412,2009-12-03 10:26:00,2011-09-15 10:03:00,650,21.666666666666668,0.5538461538461538,1.5071125143513202,290.3333333333333,85,0
13932.0,307.4,1,72,19.2125,2011-02-18 12:02:00,2011-02-18 12:02:00,0,1.0,1.0,4.269444444444444,72.0,294,1
13933.0,608.7900000000001,2,205,26.469130434782613,2011-07-14 13:35:00,2011-08-22 14:03:00,39,1.3,1.5384615384615383,2.969707317073171,102.5,108,1
13934.0,922.1,1,390,29.74516129032258,2011-03-21 08:39:00,2011-03-21 08:39:00,0,1.0,1.0,2.3643589743589746,390.0,263,1
13935.0,6116.92,3,2252,76.4615,2010-02-25 16:01:00,2010-04-22 11:21:00,55,1.8333333333333333,1.6363636363636365,2.7162166962699823,750.6666666666666,596,1
13936.0,924.36,4,655,15.406,2010-10-21 14:21:00,2011-06-21 17:44:00,243,8.1,0.4938271604938272,1.4112366412213742,163.75,170,1
13937.0,867.38,3,586,15.770545454545454,2010-11-02 12:37:00,2011-06-23 16:35:00,233,7.766666666666667,0.3862660944206008,1.480170648464164,195.33333333333331,168,1
13938.0,71.66,1,70,10.237142857142857,2011-11-04 14:37:00,2011-11-04 14:37:00,0,1.0,1.0,1.0237142857142856,70.0,34,0
13939.0,1533.66,10,1600,13.572212389380532,2010-04-06 12:43:00,2011-11-16 13:33:00,589,19.633333333333333,0.5093378607809848,0.9585375,160.0,22,0
13940.0,839.14,4,516,17.12530612244898,2011-07-18 16:05:00,2011-11-22 15:15:00,126,4.2,0.9523809523809524,1.6262403100775191,129.0,16,0
13941.0,10846.15,17,5333,100.4273148148148,2009-12-16 16:10:00,2011-11-18 09:43:00,701,23.366666666666667,0.7275320970042796,2.0337802362647666,313.7058823529412,21,0
13942.0,320.0,1,1000,320.0,2010-06-23 12:35:00,2010-06-23 12:35:00,0,1.0,1.0,0.32,1000.0,534,1
13943.0,246.54,1,94,16.436,2010-05-11 11:30:00,2010-05-11 11:30:00,0,1.0,1.0,2.6227659574468083,94.0,577,1
13944.0,200.43,1,153,5.726571428571429,2010-02-24 15:02:00,2010-02-24 15:02:00,0,1.0,1.0,1.31,153.0,652,1
13945.0,854.15,2,413,16.748039215686273,2010-08-17 09:59:00,2010-11-10 10:00:00,85,2.833333333333333,0.7058823529411764,2.0681598062953994,206.5,394,1
13946.0,1745.43,7,2823,30.621578947368423,2009-12-04 11:07:00,2011-09-21 13:33:00,656,21.866666666666667,0.3201219512195122,0.6182890541976621,403.2857142857143,78,0
13947.0,90.6,1,44,18.12,2011-10-05 14:42:00,2011-10-05 14:42:00,0,1.0,1.0,2.059090909090909,44.0,64,0
13948.0,536.86,5,246,21.4744,2009-12-04 12:14:00,2010-12-14 10:18:00,374,12.466666666666669,0.4010695187165775,2.182357723577236,49.2,360,1
13949.0,2427.32,6,2474,15.170750000000002,2011-09-06 11:55:00,2011-12-07 09:35:00,91,3.033333333333333,1.978021978021978,0.9811317704122878,412.3333333333333,2,0
13950.0,728.56,5,321,20.237777777777776,2011-04-07 11:29:00,2011-11-28 14:44:00,235,7.833333333333333,0.6382978723404256,2.269657320872274,64.2,10,0
13951.0,674.45,3,459,17.293589743589745,2011-02-18 15:21:00,2011-06-16 16:43:00,118,3.933333333333333,0.7627118644067797,1.4693899782135078,153.0,175,1
13952.0,12790.891,17,5938,30.9706803874092,2009-12-16 09:41:00,2011-05-12 19:27:00,512,17.066666666666666,0.99609375,2.154073930616369,349.29411764705884,210,1
13953.0,6640.68,12,5224,265.6272,2009-12-11 12:58:00,2011-12-02 16:04:00,721,24.03333333333333,0.4993065187239944,1.271186830015314,435.3333333333333,6,0
13954.0,378.59,3,141,12.619666666666667,2011-09-30 10:52:00,2011-12-08 12:50:00,69,2.3,1.3043478260869563,2.685035460992908,47.0,1,0
13955.0,545.17,3,274,6.266321839080459,2010-11-29 17:35:00,2011-07-08 17:19:00,220,7.333333333333333,0.4090909090909091,1.9896715328467152,91.33333333333331,153,1
13956.0,1026.42,5,491,6.752763157894737,2011-03-13 12:51:00,2011-12-04 13:20:00,266,8.866666666666667,0.5639097744360902,2.0904684317718942,98.2,4,0
13957.0,458.25,3,157,16.97222222222222,2010-02-19 10:32:00,2010-10-18 10:02:00,240,8.0,0.375,2.918789808917197,52.333333333333336,417,1
13958.0,4402.33,12,2192,17.60932,2009-12-05 13:12:00,2010-12-02 17:03:00,362,12.066666666666666,0.994475138121547,2.0083622262773724,182.66666666666663,371,1
13959.0,1076.18,6,700,6.602331288343558,2010-07-16 15:11:00,2011-09-21 15:06:00,431,14.366666666666667,0.4176334106728538,1.5374,116.66666666666669,78,0
13960.0,230.22,2,142,19.185,2011-09-29 12:39:00,2011-11-18 15:27:00,50,1.6666666666666667,1.2,1.621267605633803,71.0,20,0
13961.0,498.7,2,222,23.747619047619047,2010-11-12 14:40:00,2010-11-19 15:13:00,7,0.2333333333333333,8.571428571428571,2.2463963963963964,111.0,384,1
13962.0,362.8,3,160,15.77391304347826,2010-09-30 10:35:00,2011-11-18 08:47:00,413,13.766666666666667,0.2179176755447942,2.2675,53.333333333333336,21,0
13963.0,2899.62,18,2054,16.475113636363634,2010-04-21 16:20:00,2011-02-04 14:43:00,288,9.6,1.875,1.4116942551119769,114.11111111111111,307,1
13964.0,421.9,3,226,16.875999999999998,2010-10-05 12:38:00,2010-11-17 13:53:00,43,1.4333333333333331,2.0930232558139537,1.8668141592920355,75.33333333333333,386,1
13965.0,777.66,5,402,27.773571428571422,2010-01-05 15:21:00,2010-09-10 16:46:00,248,8.266666666666667,0.6048387096774193,1.9344776119402984,80.4,454,1
13966.0,390.86,1,772,17.766363636363636,2010-09-30 13:08:00,2010-09-30 13:08:00,0,1.0,1.0,0.5062953367875648,772.0,434,1
13967.0,166.3,2,66,27.71666666666667,2010-11-08 13:24:00,2011-07-17 12:02:00,250,8.333333333333334,0.24,2.51969696969697,33.0,145,1
13968.0,123.66,1,174,15.4575,2010-10-12 13:22:00,2010-10-12 13:22:00,0,1.0,1.0,0.7106896551724138,174.0,422,1
13969.0,13212.77,39,6755,11.85001793721973,2010-03-25 13:15:00,2011-12-02 15:11:00,617,20.566666666666663,1.8962722852512155,1.9559985196151,173.2051282051282,6,0
13970.0,846.55,2,469,65.11923076923077,2010-09-28 11:53:00,2010-11-18 13:21:00,51,1.7,1.1764705882352942,1.80501066098081,234.5,385,1
13971.0,4593.83,18,3052,17.335207547169812,2010-01-26 09:51:00,2011-12-01 08:27:00,673,22.433333333333334,0.8023774145616642,1.5051867627785058,169.55555555555554,8,0
13972.0,190.25,2,187,12.683333333333334,2011-05-22 11:34:00,2011-09-30 11:54:00,131,4.366666666666666,0.4580152671755725,1.017379679144385,93.5,70,0
13973.0,264.7,1,109,24.063636363636363,2011-02-25 15:21:00,2011-02-25 15:21:00,0,1.0,1.0,2.428440366972477,109.0,286,1
13974.0,663.52,4,354,14.74488888888889,2010-05-06 17:55:00,2011-10-21 14:41:00,532,17.733333333333334,0.225563909774436,1.874350282485876,88.5,48,0
13975.0,5327.29,14,3926,7.056013245033112,2010-02-02 11:10:00,2011-11-08 13:19:00,644,21.466666666666665,0.6521739130434783,1.3569256240448293,280.42857142857144,30,0
13976.0,1192.36,4,452,21.29214285714286,2010-02-09 13:08:00,2011-05-17 09:13:00,461,15.366666666666667,0.2603036876355748,2.637964601769912,113.0,206,1
13977.0,519.8100000000001,1,303,39.98538461538462,2010-10-24 14:08:00,2010-10-24 14:08:00,0,1.0,1.0,1.7155445544554455,303.0,410,1
13978.0,196.79,2,315,13.119333333333335,2011-10-25 15:04:00,2011-11-25 11:36:00,30,1.0,2.0,0.6247301587301588,157.5,14,0
13979.0,3326.83,11,2278,8.074830097087379,2009-12-03 10:02:00,2011-09-27 13:32:00,663,22.1,0.4977375565610859,1.4604170324846355,207.0909090909091,72,0
13980.0,753.12,9,471,10.914782608695653,2010-02-21 14:18:00,2011-10-10 13:34:00,595,19.83333333333333,0.453781512605042,1.5989808917197452,52.333333333333336,59,0
13981.0,327.39,2,233,14.234347826086957,2010-10-20 10:03:00,2010-11-04 11:10:00,15,0.5,4.0,1.405107296137339,116.5,400,1
13982.0,4418.79,13,2724,16.67467924528302,2010-01-20 14:04:00,2011-10-31 16:24:00,649,21.633333333333333,0.600924499229584,1.622169603524229,209.53846153846155,38,0
13983.0,6993.41,30,4043,19.480250696378828,2009-12-09 13:53:00,2011-11-10 11:06:00,700,23.33333333333333,1.2857142857142858,1.729757605738313,134.76666666666668,29,0
13984.0,1616.12,13,1013,17.192765957446806,2009-12-07 11:51:00,2011-11-13 12:38:00,706,23.53333333333333,0.5524079320113314,1.5953800592300098,77.92307692307692,26,0
13985.0,9982.31,24,4929,20.5820824742268,2010-02-09 13:56:00,2011-12-05 17:06:00,664,22.133333333333333,1.0843373493975903,2.0252201257861637,205.375,3,0
13986.0,320.46000000000004,1,430,24.650769230769235,2011-11-22 15:00:00,2011-11-22 15:00:00,0,1.0,1.0,0.7452558139534885,430.0,16,0
13987.0,682.54,2,492,14.837826086956522,2010-11-04 09:54:00,2010-11-25 10:20:00,21,0.7,2.857142857142857,1.3872764227642276,246.0,379,1
13988.0,4708.64,11,3366,15.695466666666668,2010-03-24 11:05:00,2011-11-20 10:15:00,605,20.166666666666668,0.5454545454545454,1.3988829471182411,306.0,19,0
13989.0,2026.06,5,2207,23.558837209302325,2010-05-25 12:13:00,2011-10-05 09:47:00,497,16.566666666666666,0.3018108651911468,0.918015405527866,441.4,65,0
13990.0,311.3,1,190,19.45625,2011-05-10 15:19:00,2011-05-10 15:19:00,0,1.0,1.0,1.638421052631579,190.0,212,1
13991.0,850.63,7,996,9.891046511627907,2011-07-19 12:58:00,2011-11-27 16:18:00,131,4.366666666666666,1.603053435114504,0.8540461847389558,142.28571428571428,11,0
13992.0,219.5,3,154,19.954545454545453,2010-09-02 17:04:00,2011-11-09 15:23:00,432,14.4,0.2083333333333333,1.425324675324675,51.333333333333336,29,0
13993.0,6690.36,24,2120,25.05752808988764,2009-12-03 11:57:00,2011-11-07 13:00:00,704,23.466666666666665,1.0227272727272727,3.155830188679245,88.33333333333333,31,0
13994.0,2313.14,6,940,14.923483870967742,2011-07-14 18:28:00,2011-12-06 11:05:00,144,4.8,1.25,2.460787234042553,156.66666666666666,3,0
13995.0,3836.26,18,2324,16.11873949579832,2009-12-18 12:43:00,2011-11-24 14:22:00,706,23.53333333333333,0.7648725212464589,1.6507142857142858,129.11111111111111,14,0
13996.0,895.76,2,613,27.144242424242425,2010-11-05 15:07:00,2010-11-18 16:27:00,13,0.4333333333333333,4.615384615384615,1.4612724306688418,306.5,385,1
13997.0,382.31,3,146,8.31108695652174,2010-06-07 17:33:00,2010-07-08 18:06:00,31,1.0333333333333334,2.9032258064516125,2.6185616438356165,48.66666666666666,518,1
13998.0,566.7,3,204,18.280645161290323,2010-05-12 13:18:00,2010-09-19 10:20:00,129,4.3,0.6976744186046512,2.7779411764705886,68.0,446,1
13999.0,9438.01,36,5023,19.869494736842107,2009-12-05 12:42:00,2011-11-29 13:40:00,724,24.133333333333333,1.4917127071823204,1.8789587895679876,139.52777777777777,9,0
14000.0,1877.59,8,1811,36.1075,2009-12-02 09:50:00,2011-05-17 13:44:00,531,17.7,0.4519774011299435,1.036769740474876,226.375,205,1
14001.0,4517.34,10,1870,39.976460176991154,2010-08-03 12:49:00,2011-10-25 10:31:00,447,14.9,0.6711409395973155,2.4156898395721926,187.0,45,0
14002.0,529.73,2,877,11.270851063829788,2011-07-06 14:59:00,2011-07-28 15:55:00,22,0.7333333333333333,2.7272727272727275,0.6040250855188142,438.5,133,1
14003.0,209.41,1,149,13.088125,2009-12-07 08:53:00,2009-12-07 08:53:00,0,1.0,1.0,1.4054362416107382,149.0,732,1
14004.0,6258.45,11,3425,25.968672199170125,2010-09-30 09:39:00,2011-10-27 14:40:00,392,13.066666666666666,0.8418367346938775,1.8272846715328463,311.3636363636364,42,0
14005.0,2874.72,5,2478,34.22285714285714,2011-05-08 10:33:00,2011-11-30 12:41:00,206,6.866666666666666,0.7281553398058253,1.160096852300242,495.6,9,0
14006.0,2196.67,7,2181,28.528181818181817,2010-02-25 09:45:00,2011-08-16 09:39:00,536,17.866666666666667,0.3917910447761193,1.0071847776249427,311.57142857142856,115,1
14007.0,79.48,1,16,15.896,2010-07-15 09:06:00,2010-07-15 09:06:00,0,1.0,1.0,4.9675,16.0,512,1
14008.0,493.74,2,320,14.961818181818185,2010-10-03 13:09:00,2010-11-29 13:19:00,57,1.9,1.0526315789473684,1.5429375,160.0,374,1
14009.0,1090.23,4,947,14.345131578947369,2010-09-03 12:08:00,2011-05-25 15:47:00,264,8.8,0.4545454545454545,1.151246040126716,236.75,197,1
14010.0,288.1,3,128,10.289285714285716,2010-05-23 12:46:00,2010-05-23 13:00:00,0,1.0,3.0,2.25078125,42.66666666666666,564,1
14011.0,451.92,3,642,13.694545454545452,2010-04-11 13:40:00,2010-08-16 15:31:00,127,4.233333333333333,0.7086614173228346,0.7039252336448597,214.0,479,1
14012.0,328.8,1,160,29.89090909090909,2011-03-07 12:26:00,2011-03-07 12:26:00,0,1.0,1.0,2.055,160.0,277,1
14013.0,1006.22,6,766,13.975277777777778,2009-12-07 18:09:00,2011-08-21 15:01:00,621,20.7,0.2898550724637681,1.313603133159269,127.66666666666669,109,1
14014.0,1948.21,3,2004,25.63434210526316,2010-05-12 09:04:00,2011-09-23 13:18:00,499,16.633333333333333,0.1803607214428857,0.9721606786427146,668.0,76,0
14015.0,917.34,1,378,45.867,2011-10-18 10:02:00,2011-10-18 10:02:00,0,1.0,1.0,2.426825396825397,378.0,52,0
14016.0,11379.71,13,5720,25.28824444444444,2010-01-08 14:12:00,2011-07-08 14:27:00,546,18.2,0.7142857142857143,1.98945979020979,440.0,153,1
14017.0,229.75,1,73,16.410714285714285,2010-05-17 14:52:00,2010-05-17 14:52:00,0,1.0,1.0,3.1472602739726026,73.0,570,1
14018.0,367.15,1,224,28.24230769230769,2010-03-04 14:23:00,2010-03-04 14:23:00,0,1.0,1.0,1.6390625,224.0,644,1
14019.0,1398.96,4,1034,20.57294117647059,2011-07-24 15:39:00,2011-10-24 10:13:00,91,3.033333333333333,1.3186813186813189,1.3529593810444875,258.5,46,0
14020.0,1213.26,5,641,15.963947368421053,2010-06-28 15:29:00,2011-11-23 09:22:00,512,17.066666666666666,0.29296875,1.892761310452418,128.2,16,0
14021.0,1716.58,7,878,19.07311111111111,2010-04-26 11:22:00,2011-07-07 15:46:00,437,14.566666666666666,0.4805491990846682,1.9551025056947609,125.42857142857144,154,1
14022.0,792.15,2,681,16.854255319148937,2010-08-10 09:38:00,2011-04-28 14:39:00,261,8.7,0.2298850574712644,1.163215859030837,340.5,224,1
14023.0,584.07,2,345,18.840967741935486,2011-04-03 15:50:00,2011-12-02 13:58:00,242,8.066666666666666,0.2479338842975206,1.6929565217391305,172.5,6,0
14024.0,645.74,3,238,18.99235294117647,2010-11-14 10:51:00,2011-08-10 11:30:00,269,8.966666666666667,0.3345724907063197,2.7131932773109244,79.33333333333333,121,1
14025.0,3969.1,10,1904,38.91274509803922,2010-05-05 09:56:00,2010-09-01 10:11:00,119,3.966666666666667,2.5210084033613445,2.084611344537815,190.4,464,1
14026.0,713.11,2,427,14.2622,2010-03-24 14:10:00,2010-08-26 10:31:00,154,5.133333333333334,0.3896103896103896,1.6700468384074942,213.5,470,1
14027.0,104.82,1,62,17.47,2011-10-10 09:01:00,2011-10-10 09:01:00,0,1.0,1.0,1.6906451612903224,62.0,60,0
14028.0,3175.5,5,4679,244.2692307692308,2010-06-07 12:02:00,2010-07-29 12:24:00,52,1.7333333333333334,2.8846153846153846,0.6786706561231032,935.8,498,1
14029.0,467.66,2,198,31.177333333333333,2011-07-18 16:57:00,2011-10-07 14:46:00,80,2.6666666666666665,0.75,2.361919191919192,99.0,62,0
14030.0,8145.59,22,4296,9.362747126436782,2009-12-01 13:38:00,2011-11-21 16:48:00,720,24.0,0.9166666666666666,1.8960870577281197,195.27272727272728,17,0
14031.0,38025.97,55,13957,47.2372298136646,2009-12-03 15:35:00,2011-12-02 17:13:00,729,24.3,2.263374485596708,2.724508848606434,253.76363636363635,6,0
14032.0,4786.07,25,3879,18.768901960784312,2009-12-14 12:02:00,2011-12-07 15:23:00,723,24.1,1.0373443983402488,1.2338411961845837,155.16,1,0
14033.0,109.44,1,576,109.44,2010-06-02 15:10:00,2010-06-02 15:10:00,0,1.0,1.0,0.19,576.0,554,1
14034.0,512.02,4,315,5.565434782608696,2011-07-05 13:06:00,2011-11-17 14:02:00,135,4.5,0.8888888888888888,1.6254603174603175,78.75,21,0
14035.0,2852.47,11,1416,18.522532467532468,2010-04-06 12:39:00,2011-11-11 10:03:00,583,19.433333333333334,0.5660377358490566,2.014456214689265,128.72727272727272,28,0
14036.0,626.65,1,268,16.49078947368421,2011-02-28 09:26:00,2011-02-28 09:26:00,0,1.0,1.0,2.3382462686567163,268.0,284,1
14037.0,755.95,7,563,6.573478260869566,2009-12-07 11:39:00,2011-06-16 13:57:00,556,18.53333333333333,0.3776978417266187,1.3427175843694494,80.42857142857143,175,1
14038.0,3000.93,8,1697,17.86267857142857,2010-02-04 08:56:00,2011-09-22 13:37:00,595,19.83333333333333,0.4033613445378151,1.76837360047142,212.125,77,0
14039.0,267.28,2,192,26.728,2010-05-13 10:15:00,2011-11-06 13:48:00,542,18.066666666666663,0.1107011070110701,1.3920833333333331,96.0,32,0
14040.0,12457.84,42,4994,15.418118811881188,2009-12-01 12:14:00,2011-10-30 12:42:00,698,23.266666666666666,1.8051575931232091,2.494561473768522,118.9047619047619,40,0
14041.0,141.41,1,94,6.733809523809524,2011-03-18 13:25:00,2011-03-18 13:25:00,0,1.0,1.0,1.5043617021276596,94.0,265,1
14042.0,431.98,1,180,20.570476190476192,2009-12-14 15:07:00,2009-12-14 15:07:00,0,1.0,1.0,2.399888888888889,180.0,724,1
14043.0,301.3,3,152,7.006976744186047,2009-12-10 14:34:00,2010-08-05 18:18:00,238,7.933333333333334,0.3781512605042016,1.9822368421052632,50.66666666666666,490,1
14044.0,3106.15,11,2125,3.6457159624413142,2010-01-24 15:14:00,2011-11-13 12:05:00,657,21.9,0.5022831050228311,1.4617176470588236,193.1818181818182,26,0
14045.0,9660.63,19,4249,224.6658139534884,2010-01-08 10:08:00,2011-08-22 15:27:00,591,19.7,0.964467005076142,2.273624382207578,223.6315789473684,108,1
14046.0,154.99,1,460,11.070714285714288,2011-02-28 14:48:00,2011-02-28 14:48:00,0,1.0,1.0,0.3369347826086957,460.0,283,1
14047.0,4158.7300000000005,19,1634,24.320058479532168,2010-02-01 10:05:00,2011-12-01 11:43:00,668,22.266666666666666,0.8532934131736527,2.545122399020808,86.0,8,0
14048.0,713.89,4,453,4.957569444444444,2010-11-22 14:08:00,2011-03-07 13:49:00,104,3.466666666666667,1.1538461538461535,1.575916114790287,113.25,276,1
14049.0,13064.03,18,8554,11.801291779584464,2010-04-01 14:52:00,2011-11-23 12:20:00,600,20.0,0.9,1.5272422258592473,475.22222222222223,16,0
14050.0,746.36,2,689,13.821481481481484,2011-08-25 13:46:00,2011-11-08 10:00:00,74,2.466666666666667,0.8108108108108107,1.0832510885341071,344.5,31,0
14051.0,22104.5,42,5891,64.25726744186046,2009-12-03 11:53:00,2011-12-09 10:20:00,735,24.5,1.7142857142857142,3.7522491936852815,140.26190476190476,0,0
14052.0,480.81,2,187,3.84648,2010-11-14 11:37:00,2011-11-20 12:30:00,371,12.366666666666667,0.1617250673854447,2.5711764705882354,93.5,19,0
14053.0,572.3,4,490,63.58888888888888,2010-08-10 11:02:00,2011-08-07 14:27:00,362,12.066666666666666,0.3314917127071823,1.1679591836734693,122.5,123,1
14054.0,92.46,1,62,15.409999999999998,2011-10-05 15:49:00,2011-10-05 15:49:00,0,1.0,1.0,1.491290322580645,62.0,64,0
14055.0,1520.96,3,720,46.08969696969697,2009-12-16 15:11:00,2011-08-25 15:04:00,616,20.53333333333333,0.1461038961038961,2.1124444444444443,240.0,105,1
14056.0,8124.4,29,4232,7.2024822695035455,2011-02-28 15:19:00,2011-12-08 13:36:00,282,9.4,3.085106382978723,1.9197542533081284,145.93103448275863,0,0
14057.0,8338.28,23,6317,18.087375271149675,2009-12-03 13:17:00,2011-11-16 10:32:00,712,23.73333333333333,0.9691011235955056,1.319974671521292,274.6521739130435,23,0
14058.0,469.19,2,211,19.54958333333333,2010-06-27 11:29:00,2010-09-03 09:31:00,67,2.2333333333333334,0.8955223880597015,2.223649289099526,105.5,462,1
14059.0,183.6,1,128,22.95,2011-03-18 10:06:00,2011-03-18 10:06:00,0,1.0,1.0,1.434375,128.0,266,1
14060.0,9503.14,32,8105,34.93801470588235,2010-03-11 09:47:00,2011-12-05 12:29:00,634,21.133333333333333,1.5141955835962146,1.172503392967304,253.28125,4,0
14061.0,917.43,3,133,48.28578947368421,2009-12-01 18:03:00,2010-07-20 17:22:00,230,7.666666666666667,0.3913043478260869,6.89796992481203,44.333333333333336,506,1
14062.0,25434.83,27,12698,73.08859195402299,2009-12-10 14:28:00,2011-11-30 10:04:00,719,23.966666666666665,1.1265646731571628,2.003057961883761,470.2962962962963,9,0
14063.0,-3767.2,13,3846,-85.61818181818181,2009-12-08 13:46:00,2010-10-05 11:52:00,300,10.0,1.3,-0.9795111804472176,295.84615384615387,430,1
14064.0,3039.75,21,3448,12.0625,2010-01-21 13:22:00,2011-11-10 13:14:00,657,21.9,0.9589041095890412,0.8815980278422274,164.1904761904762,28,0
14065.0,889.37,4,581,17.7874,2010-10-04 12:03:00,2010-11-15 16:13:00,42,1.4,2.857142857142857,1.5307573149741824,145.25,388,1
14066.0,152.55,1,45,21.792857142857144,2011-03-18 12:21:00,2011-03-18 12:21:00,0,1.0,1.0,3.39,45.0,266,1
14067.0,374.7,2,361,7.2057692307692305,2011-09-04 12:00:00,2011-10-07 10:21:00,32,1.0666666666666669,1.875,1.0379501385041552,180.5,63,0
14068.0,1504.97,5,501,13.437232142857145,2010-01-31 10:10:00,2011-01-23 16:02:00,357,11.9,0.4201680672268907,3.003932135728543,100.2,319,1
14069.0,230.06,2,59,5.477619047619048,2010-05-27 12:30:00,2010-07-13 12:12:00,46,1.5333333333333334,1.3043478260869563,3.899322033898305,29.5,514,1
14070.0,326.55,1,86,7.775,2010-01-24 12:27:00,2010-01-24 12:27:00,0,1.0,1.0,3.797093023255814,86.0,684,1
14071.0,1307.41,9,900,3.926156156156156,2011-03-20 11:33:00,2011-12-06 12:27:00,261,8.7,1.0344827586206895,1.452677777777778,100.0,3,0
14072.0,390.85,1,65,20.571052631578947,2010-02-11 12:31:00,2010-02-11 12:31:00,0,1.0,1.0,6.013076923076923,65.0,666,1
14073.0,139.54,2,128,9.967142857142855,2011-11-07 15:49:00,2011-11-18 16:14:00,11,0.3666666666666666,5.454545454545455,1.09015625,64.0,20,0
14074.0,219.4,1,228,36.56666666666667,2010-03-26 13:55:00,2010-03-26 13:55:00,0,1.0,1.0,0.962280701754386,228.0,622,1
14075.0,1734.87,6,1494,21.41814814814815,2010-06-16 14:47:00,2011-12-05 08:38:00,536,17.866666666666667,0.335820895522388,1.1612248995983936,249.0,4,0
14076.0,122.47,1,81,2.662391304347826,2011-08-02 15:19:00,2011-08-02 15:19:00,0,1.0,1.0,1.5119753086419754,81.0,128,1
14077.0,615.0799999999999,6,376,10.983571428571429,2010-11-09 16:01:00,2011-10-30 12:35:00,354,11.8,0.5084745762711864,1.635851063829787,62.66666666666666,40,0
14078.0,1692.63,9,618,10.384233128834357,2010-03-28 15:05:00,2011-08-30 12:16:00,519,17.3,0.5202312138728323,2.7388834951456307,68.66666666666667,101,1
14079.0,618.73,2,302,47.59461538461539,2010-01-26 17:19:00,2011-08-07 12:10:00,557,18.566666666666663,0.1077199281867145,2.048774834437086,151.0,124,1
14080.0,1075.73,6,267,12.806309523809524,2009-12-02 15:01:00,2011-11-07 11:09:00,704,23.466666666666665,0.2556818181818182,4.028951310861423,44.5,32,0
14081.0,5250.05,16,3692,5.52055730809674,2009-12-10 18:27:00,2011-03-17 14:24:00,461,15.366666666666667,1.0412147505422993,1.4220070422535211,230.75,266,1
14082.0,413.36,2,246,6.359384615384616,2010-11-12 11:47:00,2010-12-10 11:02:00,27,0.9,2.2222222222222223,1.6803252032520326,123.0,364,1
14083.0,1407.26,11,966,5.518666666666666,2009-12-18 11:34:00,2011-12-05 13:14:00,717,23.9,0.4602510460251046,1.456790890269151,87.81818181818181,3,0
14084.0,150.5,1,306,21.5,2010-07-15 14:36:00,2010-07-15 14:36:00,0,1.0,1.0,0.4918300653594771,306.0,511,1
14085.0,10092.22,34,6563,9.440804490177737,2009-12-08 13:41:00,2011-12-07 13:46:00,729,24.3,1.39917695473251,1.5377449337193356,193.02941176470588,1,0
14086.0,39.95,1,1,39.95,2010-09-03 10:52:00,2010-09-03 10:52:00,0,1.0,1.0,39.95,1.0,462,1
14087.0,803.47,5,702,3.603004484304933,2009-12-04 15:27:00,2011-12-07 12:41:00,732,24.4,0.2049180327868852,1.1445441595441597,140.4,2,0
14088.0,62400.02,20,15179,90.9621282798834,2010-10-14 19:46:00,2011-11-29 16:16:00,410,13.666666666666666,1.4634146341463414,4.110944067461625,758.95,9,0
14089.0,161.0,1,134,11.5,2011-10-14 10:38:00,2011-10-14 10:38:00,0,1.0,1.0,1.2014925373134329,134.0,56,0
14090.0,76.32000000000001,1,72,76.32000000000001,2011-01-19 10:51:00,2011-01-19 10:51:00,0,1.0,1.0,1.06,72.0,324,1
14091.0,9530.08,2,3316,733.0830769230769,2010-01-10 13:41:00,2010-02-23 15:17:00,44,1.4666666666666666,1.3636363636363638,2.873968636911942,1658.0,653,1
14092.0,7209.74,27,3599,19.123978779840847,2009-12-16 16:24:00,2011-12-02 12:13:00,715,23.83333333333333,1.132867132867133,2.0032620172270077,133.2962962962963,7,0
14093.0,442.85,1,406,4.217619047619048,2011-11-27 16:27:00,2011-11-27 16:27:00,0,1.0,1.0,1.0907635467980297,406.0,11,0
14094.0,334.27,2,176,6.963958333333333,2010-09-26 11:58:00,2010-09-26 12:02:00,0,1.0,2.0,1.899261363636364,88.0,439,1
14095.0,2.95,1,1,2.95,2009-12-17 12:49:00,2009-12-17 12:49:00,0,1.0,1.0,2.95,1.0,722,1
14096.0,57120.91,34,16335,11.139023010920436,2011-08-30 10:49:00,2011-12-05 17:17:00,97,3.2333333333333334,10.515463917525771,3.4968417508417504,480.4411764705882,3,0
14097.0,422.86,2,352,10.5715,2010-03-04 10:46:00,2010-08-15 14:20:00,164,5.466666666666667,0.3658536585365853,1.2013068181818185,176.0,480,1
14098.0,147.35,1,104,7.016666666666667,2011-11-03 10:13:00,2011-11-03 10:13:00,0,1.0,1.0,1.416826923076923,104.0,36,0
14099.0,5700.51,22,3660,10.75567924528302,2009-12-10 11:55:00,2011-11-23 13:53:00,713,23.766666666666666,0.9256661991584854,1.557516393442623,166.36363636363637,15,0
14100.0,194.9,1,64,7.496153846153846,2011-07-25 11:01:00,2011-07-25 11:01:00,0,1.0,1.0,3.0453125,64.0,137,1
14101.0,9942.13,14,10530,109.25417582417582,2010-03-28 13:36:00,2011-09-27 12:28:00,547,18.23333333333333,0.7678244972577696,0.9441718898385564,752.1428571428571,73,0
14102.0,1314.73,8,938,15.65154761904762,2011-10-26 12:46:00,2011-12-04 15:38:00,39,1.3,6.153846153846153,1.401631130063966,117.25,4,0
14103.0,0.0,1,5,0.0,2010-02-12 14:58:00,2010-02-12 14:58:00,0,1.0,1.0,0.0,5.0,664,1
14104.0,771.5799999999999,5,509,5.395664335664336,2010-05-28 16:11:00,2011-07-08 12:50:00,405,13.5,0.3703703703703703,1.5158742632612965,101.8,154,1
14105.0,5703.9800000000005,9,3483,19.46750853242321,2009-12-18 16:57:00,2011-09-15 16:13:00,635,21.166666666666668,0.4251968503937007,1.6376629342520816,387.0,84,0
14106.0,214.8,1,24,214.8,2009-12-02 14:09:00,2009-12-02 14:09:00,0,1.0,1.0,8.95,24.0,736,1
14107.0,4853.7,13,3481,20.30836820083682,2009-12-09 14:20:00,2011-10-19 12:12:00,678,22.6,0.5752212389380531,1.3943407066934788,267.7692307692308,51,0
14108.0,1041.21,5,672,18.93109090909091,2009-12-01 18:07:00,2011-11-09 10:41:00,707,23.566666666666663,0.2121640735502121,1.549419642857143,134.4,30,0
14109.0,80.2,2,56,5.728571428571429,2011-09-28 10:18:00,2011-11-16 13:51:00,49,1.6333333333333333,1.2244897959183674,1.4321428571428572,28.0,22,0
14110.0,12957.6,35,5825,32.152853598014886,2009-12-01 09:50:00,2011-12-06 12:26:00,735,24.5,1.4285714285714286,2.224480686695279,166.42857142857142,3,0
14111.0,688.6,5,457,62.6,2011-04-12 11:36:00,2011-11-25 13:44:00,227,7.566666666666666,0.6607929515418502,1.5067833698030637,91.4,13,0
14112.0,5524.51,27,3422,15.43159217877095,2009-12-17 17:56:00,2011-11-17 12:30:00,699,23.3,1.1587982832618025,1.6144097019286967,126.74074074074076,22,0
14113.0,6156.75,31,3092,42.460344827586205,2009-12-07 10:44:00,2011-12-06 12:18:00,729,24.3,1.2757201646090537,1.991186934023286,99.74193548387096,3,0
14114.0,1364.09,7,650,18.43364864864865,2010-04-12 11:07:00,2011-03-11 09:42:00,332,11.066666666666666,0.6325301204819277,2.0986,92.85714285714286,273,1
14115.0,622.67,2,509,28.303181818181816,2010-02-11 11:44:00,2010-07-26 12:36:00,165,5.5,0.3636363636363636,1.223320235756385,254.5,501,1
14116.0,1382.74,5,707,19.204722222222223,2011-08-10 12:44:00,2011-11-20 10:29:00,101,3.3666666666666667,1.4851485148514851,1.955785007072136,141.4,19,0
14117.0,90.0,1,72,30.0,2011-07-19 09:49:00,2011-07-19 09:49:00,0,1.0,1.0,1.25,72.0,143,1
14118.0,458.45,1,97,30.563333333333333,2010-10-07 11:59:00,2010-10-07 11:59:00,0,1.0,1.0,4.726288659793815,97.0,428,1
14119.0,163.47,3,175,13.6225,2009-12-21 14:52:00,2010-12-20 13:58:00,363,12.1,0.2479338842975206,0.9341142857142856,58.333333333333336,353,1
14120.0,-23.8,1,-4,-23.8,2010-10-05 19:12:00,2010-10-05 19:12:00,0,1.0,1.0,5.95,-4.0,429,1
14121.0,2740.3,6,2078,17.020496894409938,2011-10-11 10:39:00,2011-12-06 12:19:00,56,1.8666666666666667,3.2142857142857144,1.3187199230028874,346.3333333333333,3,0
14122.0,309.77,5,95,19.360625,2009-12-02 14:22:00,2010-11-10 09:38:00,342,11.4,0.4385964912280701,3.260736842105263,19.0,394,1
14123.0,436.18,1,234,18.174166666666668,2009-12-06 15:35:00,2009-12-06 15:35:00,0,1.0,1.0,1.864017094017094,234.0,732,1
14124.0,419.58,1,1618,83.916,2011-09-16 13:32:00,2011-09-16 13:32:00,0,1.0,1.0,0.2593201483312731,1618.0,83,0
14125.0,2740.43,3,1640,16.409760479041914,2011-09-22 15:40:00,2011-11-29 12:47:00,67,2.2333333333333334,1.343283582089552,1.6709939024390243,546.6666666666666,10,0
14126.0,1109.96,5,837,25.22636363636364,2010-09-21 14:51:00,2011-12-02 11:45:00,436,14.533333333333331,0.3440366972477064,1.3261170848267625,167.4,7,0
14127.0,1900.08,6,828,16.240000000000002,2010-10-10 11:53:00,2011-08-09 10:49:00,302,10.066666666666666,0.5960264900662252,2.294782608695652,138.0,122,1
14128.0,909.36,4,811,13.77818181818182,2010-06-06 14:05:00,2011-10-10 12:00:00,490,16.333333333333332,0.2448979591836735,1.1212823674475956,202.75,60,0
14129.0,2591.34,9,1414,23.77376146788991,2010-05-09 14:54:00,2011-12-08 11:02:00,577,19.23333333333333,0.4679376083188908,1.8326308345120228,157.11111111111111,1,0
14130.0,1882.67,4,1239,8.404776785714287,2009-12-11 16:33:00,2011-01-24 16:05:00,408,13.6,0.2941176470588235,1.5195076674737693,309.75,318,1
14131.0,187.87,1,118,3.612884615384616,2010-03-01 11:59:00,2010-03-01 11:59:00,0,1.0,1.0,1.5921186440677966,118.0,648,1
14132.0,3580.13,12,3366,17.811592039800995,2011-06-09 12:04:00,2011-12-07 13:35:00,181,6.033333333333333,1.988950276243094,1.0636155674390968,280.5,1,0
14133.0,895.8399999999999,6,392,23.57473684210526,2009-12-06 12:10:00,2011-08-02 11:34:00,603,20.1,0.2985074626865671,2.2853061224489792,65.33333333333333,129,1
14134.0,11123.35,15,5814,61.79638888888889,2009-12-10 09:25:00,2010-11-22 12:26:00,347,11.566666666666666,1.2968299711815563,1.913200894392845,387.6,382,1
14135.0,9605.05,25,9332,37.37373540856031,2009-12-02 08:58:00,2011-12-08 11:38:00,736,24.53333333333333,1.0190217391304348,1.0292595370767252,373.28,1,0
14136.0,1553.96,7,1145,14.388518518518518,2009-12-08 09:19:00,2010-11-04 11:53:00,331,11.033333333333331,0.6344410876132931,1.357170305676856,163.57142857142858,400,1
14137.0,294.1,2,400,21.00714285714286,2010-01-13 12:30:00,2010-01-27 10:21:00,13,0.4333333333333333,4.615384615384615,0.7352500000000001,200.0,681,1
14138.0,982.38,2,610,20.901702127659576,2011-10-07 09:38:00,2011-12-08 12:44:00,62,2.066666666666667,0.9677419354838708,1.610459016393443,305.0,1,0
14139.0,1086.8,4,1049,15.75072463768116,2010-06-15 09:17:00,2011-10-24 13:34:00,496,16.533333333333335,0.2419354838709677,1.0360343183984746,262.25,45,0
14140.0,920.05,3,809,13.732089552238806,2011-11-08 11:20:00,2011-12-06 09:05:00,27,0.9,3.333333333333333,1.137268232385661,269.6666666666667,3,0
14141.0,879.0300000000001,6,337,19.10934782608696,2011-08-26 14:40:00,2011-12-07 09:53:00,102,3.4,1.7647058823529411,2.60839762611276,56.16666666666666,2,0
14142.0,967.75,4,825,13.825,2010-03-03 15:13:00,2010-12-01 16:33:00,273,9.1,0.4395604395604395,1.173030303030303,206.25,372,1
14143.0,115.8,1,30,16.54285714285714,2011-07-29 09:48:00,2011-07-29 09:48:00,0,1.0,1.0,3.86,30.0,133,1
14144.0,30.6,1,12,30.6,2010-08-10 15:17:00,2010-08-10 15:17:00,0,1.0,1.0,2.55,12.0,485,1
14145.0,7006.05,8,1535,269.4634615384616,2010-04-08 09:47:00,2011-10-24 12:10:00,564,18.8,0.425531914893617,4.564201954397395,191.875,46,0
14146.0,8208.87,13,5229,16.71867617107943,2010-01-13 16:04:00,2011-12-01 10:18:00,686,22.866666666666667,0.5685131195335277,1.5698737808376364,402.2307692307692,8,0
14147.0,2019.3,12,837,61.19090909090909,2010-03-09 13:43:00,2011-10-21 13:36:00,590,19.666666666666668,0.6101694915254237,2.4125448028673837,69.75,48,0
14148.0,466.29,2,223,27.428823529411765,2010-10-21 14:08:00,2011-04-20 12:02:00,180,6.0,0.3333333333333333,2.090986547085202,111.5,233,1
14149.0,259.43,3,129,6.48575,2011-05-03 09:44:00,2011-05-11 12:34:00,8,0.2666666666666666,11.25,2.011085271317829,43.0,212,1
14150.0,658.64,2,496,25.33230769230769,2010-12-15 10:04:00,2011-11-04 10:05:00,324,10.8,0.1851851851851851,1.3279032258064516,248.0,35,0
14151.0,666.7,3,404,14.815555555555555,2009-12-23 10:54:00,2010-02-04 15:35:00,43,1.4333333333333331,2.0930232558139537,1.6502475247524753,134.66666666666666,672,1
14152.0,1975.44,9,1826,14.632888888888887,2010-02-18 13:57:00,2011-09-25 12:54:00,583,19.433333333333334,0.4631217838765008,1.08184008762322,202.88888888888889,74,0
14153.0,233.4,1,312,13.729411764705883,2010-08-13 14:35:00,2010-08-13 14:35:00,0,1.0,1.0,0.7480769230769231,312.0,482,1
14154.0,6263.6,10,3204,21.304761904761907,2010-01-13 12:47:00,2011-04-14 16:26:00,456,15.2,0.6578947368421053,1.9549313358302125,320.4,238,1
14155.0,118.75,1,25,19.791666666666668,2011-03-18 14:13:00,2011-03-18 14:13:00,0,1.0,1.0,4.75,25.0,265,1
14156.0,296564.69,202,163910,71.80743099273607,2009-12-01 12:30:00,2011-11-30 10:54:00,728,24.266666666666666,8.324175824175825,1.8093141968153252,811.4356435643564,9,0
14157.0,970.33,6,529,10.781444444444444,2010-03-03 16:49:00,2011-11-20 11:32:00,626,20.866666666666667,0.2875399361022364,1.834272211720227,88.16666666666667,19,0
14158.0,507.66,1,781,12.381951219512196,2011-10-30 15:08:00,2011-10-30 15:08:00,0,1.0,1.0,0.6500128040973112,781.0,39,0
14159.0,7571.88,25,6368,4.016912466843501,2009-12-03 12:31:00,2011-11-20 12:36:00,717,23.9,1.0460251046025104,1.1890515075376884,254.72,19,0
14160.0,8421.47,7,4661,78.70532710280374,2010-01-10 12:06:00,2010-04-08 14:30:00,88,2.933333333333333,2.3863636363636367,1.8067946792533789,665.8571428571429,609,1
14161.0,3318.88,7,1623,10.706064516129032,2009-12-13 11:46:00,2011-05-08 11:41:00,510,17.0,0.4117647058823529,2.0449044978435,231.8571428571429,215,1
14162.0,289.36,2,142,11.5744,2011-02-20 12:32:00,2011-06-19 11:36:00,118,3.933333333333333,0.5084745762711864,2.03774647887324,71.0,173,1
14163.0,2594.62,5,950,44.7348275862069,2010-09-03 17:15:00,2011-09-13 15:18:00,374,12.466666666666669,0.4010695187165775,2.731178947368421,190.0,86,0
14164.0,1631.77,2,1033,56.26793103448276,2011-09-20 12:18:00,2011-09-30 12:24:00,10,0.3333333333333333,6.0,1.5796418199419169,516.5,70,0
14165.0,122.54,1,54,4.9016,2011-03-09 12:39:00,2011-03-09 12:39:00,0,1.0,1.0,2.2692592592592598,54.0,275,1
14166.0,256.85,2,84,4.84622641509434,2010-03-23 15:10:00,2010-07-22 19:42:00,121,4.033333333333333,0.4958677685950413,3.057738095238096,42.0,504,1
14167.0,1296.49,8,350,10.714793388429753,2010-01-27 16:07:00,2011-10-31 14:29:00,641,21.366666666666667,0.374414976599064,3.704257142857143,43.75,38,0
14168.0,305.90000000000003,3,138,17.994117647058825,2010-05-24 12:28:00,2010-10-15 10:49:00,143,4.766666666666667,0.6293706293706294,2.216666666666667,46.0,420,1
14169.0,624.43,2,208,9.319850746268656,2010-09-21 13:39:00,2010-10-05 08:45:00,13,0.4333333333333333,4.615384615384615,3.0020673076923075,104.0,430,1
14170.0,597.33,3,290,3.6201818181818175,2010-11-09 14:06:00,2010-11-29 13:10:00,19,0.6333333333333333,4.736842105263158,2.059758620689655,96.66666666666669,374,1
14171.0,498.79,2,211,7.79359375,2009-12-09 13:50:00,2011-09-02 16:43:00,632,21.066666666666663,0.0949367088607595,2.3639336492891,105.5,97,1
14172.0,389.97,4,87,7.090363636363636,2010-03-07 10:58:00,2010-04-13 13:26:00,37,1.2333333333333334,3.243243243243243,4.482413793103449,21.75,604,1
14173.0,566.95,7,191,16.675,2009-12-09 12:46:00,2011-11-29 11:54:00,719,23.966666666666665,0.2920723226703755,2.9683246073298437,27.285714285714285,10,0
14174.0,134.46,1,94,5.171538461538462,2011-11-06 13:17:00,2011-11-06 13:17:00,0,1.0,1.0,1.4304255319148935,94.0,32,0
14175.0,7350.44,17,2920,19.91989159891599,2010-03-22 10:43:00,2011-10-19 13:42:00,576,19.2,0.8854166666666667,2.51727397260274,171.76470588235293,50,0
14176.0,913.11,6,324,19.42787234042553,2010-11-23 13:21:00,2011-02-15 13:12:00,83,2.7666666666666666,2.1686746987951806,2.8182407407407406,54.0,296,1
14177.0,2224.39,14,1047,10.5421327014218,2010-02-26 11:59:00,2011-09-16 09:52:00,566,18.866666666666667,0.7420494699646643,2.124536771728749,74.78571428571429,84,0
14178.0,1620.93,7,1505,4.9569724770642205,2011-06-10 12:51:00,2011-12-01 12:01:00,173,5.766666666666667,1.213872832369942,1.077029900332226,215.0,8,0
14179.0,719.78,2,330,4.36230303030303,2011-10-18 14:00:00,2011-10-30 12:07:00,11,0.3666666666666666,5.454545454545455,2.181151515151515,165.0,40,0
14180.0,6110.75,42,864,19.58573717948718,2010-06-09 14:56:00,2011-11-29 10:56:00,537,17.9,2.346368715083799,7.072627314814815,20.571428571428573,10,0
14181.0,310.55,2,122,5.750925925925926,2010-05-26 12:32:00,2010-10-25 08:27:00,151,5.033333333333333,0.3973509933774835,2.5454918032786886,61.0,410,1
14182.0,660.07,5,172,12.693653846153849,2010-04-22 15:36:00,2010-09-22 11:45:00,152,5.066666666666666,0.986842105263158,3.837616279069768,34.4,443,1
14183.0,286.29,2,61,8.179714285714287,2010-08-15 15:36:00,2010-10-24 14:45:00,69,2.3,0.8695652173913044,4.693278688524591,30.5,410,1
14184.0,452.89,1,127,18.870416666666667,2011-10-04 12:43:00,2011-10-04 12:43:00,0,1.0,1.0,3.566062992125984,127.0,66,0
14185.0,197.65,1,6,65.88333333333334,2011-01-12 13:52:00,2011-01-12 13:52:00,0,1.0,1.0,32.94166666666667,6.0,330,1
14186.0,1550.63,5,1550,14.909903846153847,2010-03-05 11:17:00,2010-10-08 13:30:00,217,7.233333333333333,0.6912442396313364,1.0004064516129032,310.0,426,1
14187.0,123.5,1,50,15.4375,2010-08-23 12:06:00,2010-08-23 12:06:00,0,1.0,1.0,2.47,50.0,473,1
14188.0,2018.91,10,1145,28.435352112676057,2011-02-02 13:46:00,2011-12-01 09:46:00,301,10.033333333333331,0.9966777408637874,1.763240174672489,114.5,8,0
14189.0,5764.62,25,4628,17.575060975609755,2010-11-16 09:28:00,2011-12-07 15:55:00,386,12.866666666666667,1.9430051813471505,1.2455963699222126,185.12,1,0
14190.0,79.9,1,2,79.9,2010-02-11 14:27:00,2010-02-11 14:27:00,0,1.0,1.0,39.95,2.0,665,1
14191.0,4713.41,17,3709,17.392656826568267,2009-12-11 10:47:00,2011-12-08 09:23:00,726,24.2,0.7024793388429752,1.270803451064977,218.1764705882353,1,0
14192.0,293.74,1,218,20.981428571428573,2010-11-16 17:44:00,2010-11-16 17:44:00,0,1.0,1.0,1.3474311926605504,218.0,387,1
14193.0,1210.19,3,653,18.90921875,2010-11-08 12:31:00,2011-10-03 09:34:00,328,10.933333333333334,0.274390243902439,1.8532771822358347,217.66666666666663,67,0
14194.0,18442.87,54,9927,18.70473630831643,2009-12-10 19:18:00,2011-12-05 10:38:00,724,24.133333333333333,2.2375690607734806,1.857849299889191,183.83333333333331,4,0
14195.0,2381.24,10,1844,108.2381818181818,2010-03-15 17:12:00,2011-05-22 10:29:00,432,14.4,0.6944444444444444,1.291344902386117,184.4,201,1
14196.0,335.52,1,142,55.92,2011-08-25 10:25:00,2011-08-25 10:25:00,0,1.0,1.0,2.3628169014084506,142.0,106,1
14197.0,390.05,1,143,19.5025,2010-10-25 10:01:00,2010-10-25 10:01:00,0,1.0,1.0,2.7276223776223776,143.0,410,1
14198.0,1527.58,13,608,15.74824742268041,2010-01-05 10:07:00,2011-12-05 16:34:00,699,23.3,0.5579399141630901,2.5124671052631578,46.76923076923077,3,0
14199.0,916.5,6,230,45.825,2010-06-27 12:13:00,2011-05-05 13:44:00,312,10.4,0.5769230769230769,3.984782608695652,38.333333333333336,217,1
14200.0,379.2,1,140,18.057142857142857,2010-04-01 13:01:00,2010-04-01 13:01:00,0,1.0,1.0,2.7085714285714286,140.0,616,1
14201.0,1134.14,12,794,19.897192982456144,2010-04-30 13:00:00,2011-10-10 13:27:00,528,17.6,0.6818181818181818,1.4283879093198997,66.16666666666667,59,0
14202.0,847.76,3,166,29.233103448275862,2010-03-25 10:36:00,2010-11-23 17:13:00,243,8.1,0.3703703703703704,5.106987951807229,55.333333333333336,380,1
14203.0,339.34,1,80,21.20875,2010-11-07 13:35:00,2010-11-07 13:35:00,0,1.0,1.0,4.24175,80.0,396,1
14204.0,1062.96,4,492,4.581724137931035,2009-12-02 13:26:00,2011-12-07 13:38:00,735,24.5,0.1632653061224489,2.160487804878049,123.0,1,0
14205.0,1908.38,12,1131,12.392077922077922,2010-03-07 12:20:00,2011-11-29 11:56:00,631,21.03333333333333,0.5705229793977813,1.687338638373121,94.25,10,0
14206.0,1145.21,5,926,15.687808219178082,2010-11-02 11:37:00,2011-04-14 16:38:00,163,5.433333333333334,0.920245398773006,1.2367278617710584,185.2,238,1
14207.0,157.8,1,36,78.9,2010-01-21 09:33:00,2010-01-21 09:33:00,0,1.0,1.0,4.383333333333334,36.0,687,1
14208.0,567.05,2,529,16.20142857142857,2010-06-06 13:11:00,2011-09-06 12:48:00,456,15.2,0.131578947368421,1.0719281663516067,264.5,94,1
14209.0,4937.37,19,1727,20.832784810126583,2009-12-07 17:52:00,2011-11-29 10:18:00,721,24.03333333333333,0.7905686546463245,2.858928778228141,90.89473684210526,10,0
14210.0,5814.320000000001,21,2596,17.30452380952381,2010-01-06 10:17:00,2011-09-09 12:55:00,611,20.366666666666667,1.0310965630114566,2.239722650231125,123.61904761904762,90,0
14211.0,4301.69,26,2551,17.00272727272727,2009-12-09 12:48:00,2011-10-17 13:23:00,677,22.566666666666663,1.1521418020679468,1.6862759702077614,98.1153846153846,52,0
14212.0,2190.14,2,2046,104.29238095238097,2010-09-20 11:48:00,2011-09-11 12:45:00,356,11.866666666666667,0.1685393258426966,1.0704496578690126,1023.0,89,0
14213.0,-1192.2,2,-244,-79.48,2010-10-31 10:37:00,2010-12-03 09:47:00,32,1.0666666666666669,1.875,4.886065573770492,-122.0,371,1
14214.0,1000.23,7,748,14.289,2011-03-07 12:26:00,2011-11-09 10:31:00,246,8.2,0.853658536585366,1.3372058823529411,106.85714285714286,30,0
14215.0,3404.53,10,2281,17.640051813471505,2009-12-08 09:35:00,2011-11-28 12:19:00,720,24.0,0.4166666666666667,1.4925602805786935,228.1,11,0
14216.0,2142.39,6,709,27.118860759493668,2010-10-21 15:07:00,2011-12-06 14:56:00,410,13.666666666666666,0.4390243902439024,3.0217066290550068,118.16666666666669,2,0
14217.0,3206.87,33,1232,16.702447916666667,2010-06-30 12:54:00,2011-12-08 11:53:00,525,17.5,1.8857142857142857,2.602978896103896,37.333333333333336,1,0
14218.0,169.48000000000002,1,160,14.123333333333337,2011-10-28 10:00:00,2011-10-28 10:00:00,0,1.0,1.0,1.05925,160.0,42,0
14219.0,633.83,3,363,14.740232558139535,2010-08-03 14:42:00,2011-12-05 16:23:00,489,16.3,0.1840490797546012,1.7460881542699729,121.0,3,0
14220.0,1515.0,4,468,39.86842105263158,2010-05-19 13:26:00,2011-04-06 13:23:00,321,10.7,0.3738317757009346,3.2371794871794872,117.0,246,1
14221.0,6506.59,19,3806,18.64352435530086,2009-12-04 10:28:00,2011-10-28 13:42:00,693,23.1,0.8225108225108224,1.7095612191276932,200.31578947368425,41,0
14222.0,683.17,1,607,16.662682926829266,2011-06-15 16:42:00,2011-06-15 16:42:00,0,1.0,1.0,1.125485996705107,607.0,176,1
14223.0,975.23,4,583,15.987377049180328,2011-03-20 16:02:00,2011-09-08 13:38:00,171,5.7,0.7017543859649122,1.672778730703259,145.75,91,1
14224.0,1897.9,9,863,7.974369747899159,2010-06-13 13:46:00,2011-08-21 13:24:00,433,14.433333333333334,0.6235565819861432,2.199188876013905,95.88888888888889,109,1
14225.0,2015.12,5,1155,22.144175824175825,2010-01-12 15:02:00,2010-10-01 10:32:00,261,8.7,0.574712643678161,1.7446926406926409,231.0,434,1
14226.0,2967.78,9,1717,28.26457142857143,2010-09-24 14:32:00,2011-11-11 11:34:00,412,13.733333333333333,0.6553398058252428,1.728468258590565,190.77777777777777,28,0
14227.0,6327.31,22,4036,16.3075,2010-02-08 09:38:00,2011-11-13 15:48:00,643,21.433333333333334,1.026438569206843,1.567718037661051,183.45454545454547,25,0
14228.0,745.5,3,260,19.61842105263158,2010-06-11 12:29:00,2010-09-28 09:45:00,108,3.6,0.8333333333333333,2.8673076923076923,86.66666666666667,437,1
14229.0,2468.99,11,911,31.653717948717947,2010-08-25 11:47:00,2011-10-19 10:04:00,419,13.966666666666669,0.7875894988066826,2.71019758507135,82.81818181818181,51,0
14230.0,979.8,3,246,29.69090909090909,2010-06-09 13:56:00,2010-09-30 09:07:00,112,3.733333333333333,0.8035714285714286,3.982926829268293,82.0,435,1
14231.0,1131.97,6,603,15.506438356164384,2010-09-15 09:52:00,2011-06-13 15:35:00,271,9.033333333333331,0.6642066420664207,1.8772305140961856,100.5,178,1
14232.0,2043.93,8,1937,17.321440677966102,2011-03-20 12:44:00,2011-11-08 12:17:00,232,7.733333333333333,1.0344827586206895,1.0552039235931854,242.125,31,0
14233.0,2766.96,10,1226,35.93454545454546,2010-03-05 16:35:00,2011-10-27 09:25:00,600,20.0,0.5,2.2569004893964117,122.6,43,0
14234.0,775.46,4,963,4.877106918238994,2011-10-13 13:58:00,2011-11-17 17:53:00,35,1.1666666666666667,3.4285714285714284,0.8052544132917965,240.75,21,0
14235.0,4666.99,10,3002,31.32208053691275,2010-03-30 13:36:00,2011-11-29 13:26:00,608,20.266666666666666,0.493421052631579,1.55462691538974,300.2,9,0
14236.0,1732.74,7,810,33.32192307692308,2010-07-22 14:27:00,2011-09-20 09:13:00,424,14.133333333333333,0.4952830188679245,2.1391851851851853,115.71428571428572,80,0
14237.0,627.04,3,274,17.417777777777776,2010-04-28 10:04:00,2010-12-01 13:20:00,217,7.233333333333333,0.4147465437788018,2.2884671532846714,91.33333333333331,372,1
14238.0,434.23,3,189,33.40230769230769,2009-12-05 10:58:00,2011-01-17 14:40:00,408,13.6,0.2205882352941176,2.2975132275132277,63.0,325,1
14239.0,4203.72,24,1721,19.55218604651163,2009-12-05 12:36:00,2011-10-27 14:40:00,691,23.03333333333333,1.0419681620839365,2.4426031377106336,71.70833333333333,42,0
14240.0,1247.49,3,655,20.45065573770492,2010-10-12 12:48:00,2011-11-09 13:45:00,393,13.1,0.2290076335877862,1.9045648854961832,218.33333333333331,29,0
14241.0,333.7,2,242,27.808333333333334,2010-01-12 15:11:00,2011-06-09 11:46:00,512,17.066666666666666,0.1171875,1.3789256198347106,121.0,183,1
14242.0,280.55,2,123,17.534375,2011-01-18 08:53:00,2011-04-19 11:46:00,91,3.033333333333333,0.6593406593406593,2.2808943089430893,61.5,234,1
14243.0,7365.36,23,3666,19.281047120418847,2010-08-20 13:41:00,2011-12-01 11:12:00,467,15.566666666666666,1.4775160599571735,2.009099836333879,159.3913043478261,8,0
14244.0,354.82,2,802,17.741,2010-02-17 11:40:00,2010-02-18 17:09:00,1,0.0333333333333333,60.0,0.4424189526184539,401.0,658,1
14245.0,1677.48,5,971,14.9775,2011-03-21 10:41:00,2011-06-16 14:33:00,87,2.9,1.7241379310344829,1.7275798146240988,194.2,175,1
14246.0,1474.06,3,804,19.65413333333333,2011-04-08 08:25:00,2011-08-21 11:50:00,135,4.5,0.6666666666666666,1.833407960199005,268.0,110,1
14247.0,769.71,6,381,6.522966101694916,2010-06-06 15:07:00,2011-03-06 15:21:00,273,9.1,0.6593406593406593,2.020236220472441,63.5,277,1
14248.0,1032.95,3,692,21.977659574468085,2010-07-12 14:27:00,2011-01-25 14:45:00,197,6.566666666666666,0.4568527918781726,1.4927023121387284,230.66666666666663,317,1
14249.0,5625.461,12,2487,19.33148109965636,2010-01-29 14:21:00,2010-10-25 12:34:00,268,8.933333333333334,1.343283582089552,2.2619465219139525,207.25,410,1
14250.0,1904.05,3,1200,17.153603603603603,2011-09-11 13:44:00,2011-12-02 14:30:00,82,2.7333333333333334,1.0975609756097562,1.5867083333333334,400.0,6,0
14251.0,2879.7000000000003,5,1674,36.91923076923077,2011-10-13 12:46:00,2011-12-08 08:32:00,55,1.8333333333333333,2.7272727272727275,1.720250896057348,334.8,1,0
14252.0,350.99,1,111,35.099000000000004,2010-11-23 13:36:00,2010-11-23 13:36:00,0,1.0,1.0,3.162072072072072,111.0,380,1
14253.0,363.4,2,88,30.28333333333333,2010-03-26 15:08:00,2010-08-03 14:55:00,129,4.3,0.4651162790697674,4.129545454545455,44.0,492,1
14254.0,601.03,1,263,26.13173913043478,2010-10-03 11:52:00,2010-10-03 11:52:00,0,1.0,1.0,2.2852851711026614,263.0,432,1
14255.0,-1441.6,4,-2,-360.4,2010-06-11 15:44:00,2010-06-11 15:57:00,0,1.0,4.0,720.8,-0.5,545,1
14256.0,2397.34,9,1162,17.24705035971223,2010-01-14 10:35:00,2011-03-30 16:39:00,440,14.666666666666666,0.6136363636363636,2.063115318416523,129.11111111111111,253,1
14257.0,5942.0,10,3327,24.65560165975104,2010-03-01 15:36:00,2011-10-19 13:38:00,596,19.866666666666667,0.5033557046979865,1.785993387436129,332.7,50,0
14258.0,31027.35,32,17271,99.4466346153846,2009-12-04 08:36:00,2011-11-30 15:27:00,726,24.2,1.322314049586777,1.7964999131492096,539.71875,8,0
14259.0,120.0,1,68,24.0,2011-07-21 10:44:00,2011-07-21 10:44:00,0,1.0,1.0,1.7647058823529411,68.0,141,1
14260.0,824.28,3,544,16.16235294117647,2010-06-09 11:23:00,2010-08-25 14:55:00,77,2.566666666666667,1.1688311688311688,1.515220588235294,181.33333333333331,470,1
14261.0,1163.45,2,406,22.37403846153846,2011-09-22 10:47:00,2011-10-20 10:04:00,27,0.9,2.2222222222222223,2.86564039408867,203.0,50,0
14262.0,2618.23,8,1645,18.3093006993007,2011-04-13 12:23:00,2011-12-01 14:17:00,232,7.733333333333333,1.0344827586206895,1.591629179331307,205.625,7,0
14263.0,322.93,1,171,20.183125,2010-10-12 14:09:00,2010-10-12 14:09:00,0,1.0,1.0,1.8884795321637424,171.0,422,1
14264.0,1461.36,8,541,17.39714285714286,2010-04-07 13:21:00,2011-07-08 10:20:00,456,15.2,0.5263157894736842,2.7012199630314235,67.625,154,1
14265.0,1373.35,4,715,17.384177215189872,2010-04-06 14:39:00,2011-08-22 13:32:00,502,16.733333333333334,0.2390438247011952,1.9207692307692303,178.75,108,1
14266.0,40.56,1,24,40.56,2010-10-07 13:32:00,2010-10-07 13:32:00,0,1.0,1.0,1.6900000000000002,24.0,427,1
14267.0,1259.19,9,459,18.5175,2009-12-08 19:09:00,2011-07-12 11:11:00,580,19.33333333333333,0.4655172413793104,2.7433333333333336,51.0,150,1
14268.0,354.85,1,147,18.676315789473687,2010-08-26 10:45:00,2010-08-26 10:45:00,0,1.0,1.0,2.4139455782312926,147.0,470,1
14269.0,261.68,2,114,13.084,2010-09-26 12:53:00,2010-09-30 18:19:00,4,0.1333333333333333,15.0,2.2954385964912283,57.0,434,1
14270.0,492.65,1,197,16.98793103448276,2011-01-12 09:33:00,2011-01-12 09:33:00,0,1.0,1.0,2.500761421319797,197.0,331,1
14271.0,219.13,2,149,5.618717948717949,2010-10-26 17:01:00,2011-04-28 12:47:00,183,6.1,0.3278688524590164,1.4706711409395974,74.5,225,1
14272.0,920.81,4,1097,14.38765625,2010-05-06 14:01:00,2011-09-27 10:08:00,508,16.933333333333334,0.2362204724409448,0.8393892433910665,274.25,73,0
14273.0,559.97,4,264,19.309310344827587,2011-04-11 13:24:00,2011-10-19 13:20:00,190,6.333333333333333,0.6315789473684211,2.121098484848485,66.0,50,0
14274.0,256.6,1,178,17.10666666666667,2010-01-22 12:51:00,2010-01-22 12:51:00,0,1.0,1.0,1.4415730337078654,178.0,685,1
14275.0,1189.38,6,538,51.712173913043486,2010-04-11 12:32:00,2010-11-09 09:06:00,211,7.033333333333333,0.8530805687203792,2.210743494423792,89.66666666666667,395,1
14276.0,1929.32,13,1344,13.398055555555556,2010-02-17 13:10:00,2011-09-12 17:49:00,572,19.066666666666663,0.6818181818181819,1.4355059523809524,103.3846153846154,87,0
14277.0,4324.47,14,1891,9.240320512820514,2009-12-03 17:52:00,2011-11-24 15:01:00,720,24.0,0.5833333333333334,2.2868693812797463,135.07142857142858,14,0
14278.0,205.83,1,131,15.833076923076923,2010-10-26 12:07:00,2010-10-26 12:07:00,0,1.0,1.0,1.5712213740458016,131.0,409,1
14279.0,191.86,2,46,63.95333333333334,2010-01-27 16:34:00,2010-07-07 08:42:00,160,5.333333333333333,0.375,4.170869565217392,23.0,520,1
14280.0,134.04,1,52,16.755,2011-05-27 10:37:00,2011-05-27 10:37:00,0,1.0,1.0,2.5776923076923075,52.0,196,1
14281.0,245.15,1,45,35.02142857142857,2010-10-27 14:45:00,2010-10-27 14:45:00,0,1.0,1.0,5.447777777777778,45.0,407,1
14282.0,7844.66,26,5474,30.763372549019607,2010-02-15 11:22:00,2011-12-06 17:04:00,659,21.966666666666665,1.1836115326251897,1.4330763609791743,210.53846153846155,2,0
14283.0,628.44,4,550,15.327804878048784,2010-05-19 12:22:00,2010-09-02 14:46:00,106,3.533333333333333,1.1320754716981132,1.142618181818182,137.5,462,1
14284.0,1282.85,4,506,18.592028985507245,2010-02-24 12:06:00,2011-11-09 08:11:00,622,20.73333333333333,0.1929260450160771,2.535276679841897,126.5,30,0
14285.0,3158.64,9,953,50.9458064516129,2009-12-08 14:13:00,2011-11-18 14:50:00,710,23.666666666666668,0.380281690140845,3.314417628541448,105.88888888888889,20,0
14286.0,8396.7,12,8695,16.464117647058824,2009-12-04 08:40:00,2011-11-16 10:34:00,712,23.73333333333333,0.5056179775280899,0.9656929269695228,724.5833333333334,23,0
14287.0,151.23000000000002,4,236,13.74818181818182,2011-05-25 11:41:00,2011-12-01 13:25:00,190,6.333333333333333,0.6315789473684211,0.6408050847457628,59.0,7,0
14288.0,413.85,2,187,24.344117647058823,2011-05-10 13:22:00,2011-05-11 15:17:00,1,0.0333333333333333,60.0,2.213101604278075,93.5,211,1
14289.0,911.26,6,292,19.388510638297877,2011-02-23 12:33:00,2011-12-01 11:44:00,280,9.333333333333334,0.6428571428571428,3.120753424657534,48.66666666666666,8,0
14290.0,4208.93,14,1514,24.470523255813955,2009-12-08 11:44:00,2011-11-28 14:02:00,720,24.0,0.5833333333333334,2.780006605019816,108.14285714285714,10,0
14291.0,7844.4,25,6140,15.783501006036216,2009-12-09 10:46:00,2011-12-08 10:26:00,728,24.266666666666666,1.0302197802197803,1.2775895765472312,245.6,1,0
14292.0,8887.9,27,3373,42.93671497584541,2009-12-01 12:19:00,2011-12-02 11:50:00,730,24.33333333333333,1.1095890410958904,2.6350133412392527,124.92592592592592,7,0
14293.0,3174.33,10,1586,23.51355555555556,2009-12-10 10:57:00,2011-12-06 15:17:00,726,24.2,0.4132231404958678,2.001469104665826,158.6,2,0
14294.0,375.34,1,190,16.31913043478261,2010-10-28 16:25:00,2010-10-28 16:25:00,0,1.0,1.0,1.9754736842105265,190.0,406,1
14295.0,2316.06,8,1022,30.47447368421053,2009-12-08 09:49:00,2011-10-30 15:50:00,691,23.03333333333333,0.3473227206946454,2.266203522504892,127.75,39,0
14296.0,448.45,3,313,16.01607142857143,2010-05-14 14:34:00,2010-10-22 09:25:00,160,5.333333333333333,0.5625,1.4327476038338658,104.33333333333331,413,1
14297.0,1284.06,6,861,20.0634375,2011-03-10 08:31:00,2011-11-22 09:06:00,257,8.566666666666666,0.7003891050583658,1.4913588850174215,143.5,17,0
14298.0,90489.31,84,99854,31.551363319386333,2009-12-11 13:49:00,2011-12-06 15:04:00,725,24.166666666666668,3.475862068965517,0.9062161756164,1188.7380952380952,2,0
14299.0,12827.77,41,8033,34.57619946091644,2009-12-02 10:58:00,2011-12-01 16:05:00,729,24.3,1.6872427983539091,1.5968841030748164,195.9268292682927,7,0
14300.0,43.2,1,32,14.4,2011-11-21 08:57:00,2011-11-21 08:57:00,0,1.0,1.0,1.35,32.0,18,0
14301.0,1956.23,7,1673,32.603833333333334,2010-02-11 13:07:00,2011-08-24 09:04:00,558,18.6,0.3763440860215054,1.1692946802151822,239.0,107,1
14302.0,742.9000000000001,3,298,26.532142857142865,2009-12-02 08:16:00,2010-10-05 08:10:00,306,10.2,0.2941176470588235,2.4929530201342285,99.33333333333331,430,1
14303.0,277.94,2,218,12.633636363636365,2010-10-01 10:31:00,2010-10-28 15:37:00,27,0.9,2.2222222222222223,1.274954128440367,109.0,406,1
14304.0,1523.81,5,687,15.392020202020202,2010-05-18 10:50:00,2011-05-01 11:50:00,348,11.6,0.4310344827586207,2.21806404657933,137.4,222,1
14305.0,1803.76,5,1069,16.39781818181818,2011-07-27 14:14:00,2011-09-29 15:29:00,64,2.1333333333333333,2.34375,1.68733395696913,213.8,70,0
14306.0,3141.5,7,2063,65.44791666666667,2010-01-31 13:42:00,2011-10-19 13:23:00,625,20.83333333333333,0.336,1.522782355792535,294.7142857142857,50,0
14307.0,5063.08,11,3373,16.28,2009-12-07 13:06:00,2011-09-12 09:38:00,643,21.433333333333334,0.5132192846034215,1.5010613697005633,306.6363636363636,88,0
14308.0,-849.45,5,-1,-169.89,2010-06-08 16:22:00,2010-06-08 16:52:00,0,1.0,5.0,849.45,-0.2,548,1
14309.0,3747.96,12,2569,19.22030769230769,2010-06-07 10:24:00,2011-12-01 13:33:00,542,18.066666666666663,0.6642066420664207,1.4589178668742702,214.08333333333331,7,0
14310.0,492.1,1,230,22.36818181818182,2010-10-03 12:34:00,2010-10-03 12:34:00,0,1.0,1.0,2.139565217391304,230.0,432,1
14311.0,435.9,3,214,11.471052631578948,2010-05-21 10:28:00,2011-04-28 19:49:00,342,11.4,0.2631578947368421,2.0369158878504674,71.33333333333333,224,1
14312.0,3090.29,11,1904,17.168277777777778,2010-07-23 15:05:00,2011-10-24 09:46:00,457,15.233333333333333,0.7221006564551423,1.6230514705882353,173.0909090909091,46,0
14313.0,-302.31,1,-1,-302.31,2010-03-25 16:20:00,2010-03-25 16:20:00,0,1.0,1.0,302.31,-1.0,623,1
14314.0,221.9,3,330,20.172727272727272,2010-10-05 08:00:00,2011-08-25 10:39:00,324,10.8,0.2777777777777777,0.6724242424242425,110.0,106,1
14315.0,3168.7200000000003,10,1332,23.129343065693437,2010-03-15 12:49:00,2011-11-18 15:35:00,613,20.433333333333334,0.4893964110929853,2.3789189189189197,133.2,20,0
14316.0,1355.34,6,4482,42.354375,2010-03-19 15:18:00,2010-10-13 16:31:00,208,6.933333333333334,0.8653846153846153,0.3023962516733601,747.0,421,1
14317.0,508.58,1,255,21.19083333333333,2011-10-06 10:44:00,2011-10-06 10:44:00,0,1.0,1.0,1.9944313725490197,255.0,64,0
14318.0,158.02,1,152,17.55777777777778,2010-09-05 15:32:00,2010-09-05 15:32:00,0,1.0,1.0,1.0396052631578947,152.0,459,1
14319.0,476.9500000000001,2,327,17.664814814814818,2009-12-11 11:59:00,2010-10-11 13:38:00,304,10.133333333333333,0.1973684210526315,1.4585626911314986,163.5,423,1
14320.0,1204.12,7,626,12.947526881720432,2010-01-21 11:44:00,2011-05-17 09:24:00,480,16.0,0.4375,1.9235143769968053,89.42857142857143,206,1
14321.0,2198.58,8,3271,12.14685082872928,2010-08-23 12:56:00,2011-11-29 09:47:00,462,15.4,0.5194805194805194,0.6721430755120757,408.875,10,0
14322.0,384.3,6,142,22.605882352941176,2010-02-18 08:49:00,2010-10-08 13:14:00,232,7.733333333333333,0.7758620689655172,2.7063380281690144,23.666666666666668,426,1
14323.0,574.26,4,340,14.006341463414634,2011-04-15 11:44:00,2011-08-17 11:37:00,123,4.1,0.9756097560975612,1.689,85.0,114,1
14324.0,701.61,2,402,17.112439024390245,2010-01-15 13:31:00,2010-10-26 11:44:00,283,9.433333333333334,0.2120141342756183,1.7452985074626866,201.0,409,1
14325.0,245.48,1,320,13.637777777777778,2010-05-19 09:20:00,2010-05-19 09:20:00,0,1.0,1.0,0.767125,320.0,569,1
14326.0,923.98,4,568,15.930689655172412,2010-06-25 12:10:00,2011-04-19 11:08:00,297,9.9,0.404040404040404,1.626725352112676,142.0,234,1
14327.0,1894.93,6,1296,17.87669811320755,2010-01-08 14:04:00,2011-06-29 13:58:00,536,17.866666666666667,0.335820895522388,1.4621373456790123,216.0,162,1
14328.0,-445.06,3,-1,-148.35333333333332,2010-09-09 16:43:00,2010-10-05 10:47:00,25,0.8333333333333334,3.6,445.06,-0.3333333333333333,430,1
14329.0,9735.52,28,5887,17.02013986013986,2009-12-16 15:31:00,2011-12-01 08:27:00,714,23.8,1.1764705882352942,1.6537319517581113,210.25,8,0
14330.0,200.63,1,103,15.433076923076923,2010-03-26 09:10:00,2010-03-26 09:10:00,0,1.0,1.0,1.9478640776699028,103.0,623,1
14331.0,462.66,2,252,16.52357142857143,2011-07-27 15:14:00,2011-08-07 13:17:00,10,0.3333333333333333,6.0,1.835952380952381,126.0,123,1
14332.0,1943.51,5,893,30.84936507936508,2010-10-19 13:01:00,2011-11-17 11:54:00,393,13.1,0.3816793893129771,2.1763829787234044,178.6,22,0
14333.0,351.45,2,52,18.49736842105263,2011-10-03 10:38:00,2011-10-06 19:25:00,3,0.1,20.0,6.758653846153846,26.0,63,0
14334.0,4292.98,14,2984,16.511461538461536,2010-05-20 10:04:00,2011-11-23 10:01:00,551,18.366666666666667,0.7622504537205081,1.438666219839142,213.14285714285717,16,0
14335.0,468.26,2,379,7.432698412698413,2011-09-04 13:07:00,2011-11-23 13:41:00,80,2.6666666666666665,0.75,1.2355145118733508,189.5,15,0
14336.0,1614.91,4,1759,17.943444444444445,2011-03-08 16:48:00,2011-11-23 11:40:00,259,8.633333333333333,0.4633204633204633,0.9180841387151792,439.75,16,0
14337.0,-658.63,1,-393,-18.295277777777777,2009-12-08 14:04:00,2009-12-08 14:04:00,0,1.0,1.0,1.6759033078880408,-393.0,730,1
14338.0,894.1,5,616,16.869811320754717,2010-06-21 10:32:00,2011-07-04 16:00:00,378,12.6,0.3968253968253968,1.451461038961039,123.2,157,1
14339.0,600.66,5,438,22.246666666666663,2010-10-07 08:50:00,2011-04-19 11:31:00,194,6.466666666666667,0.7731958762886598,1.3713698630136986,87.6,234,1
14340.0,134.7,1,58,22.45,2011-05-05 09:44:00,2011-05-05 09:44:00,0,1.0,1.0,2.322413793103448,58.0,218,1
14341.0,4443.47,20,2816,16.580111940298508,2009-12-01 12:20:00,2011-10-25 15:48:00,693,23.1,0.8658008658008658,1.5779367897727274,140.8,44,0
14342.0,842.74,9,508,22.77675675675676,2010-08-24 13:03:00,2011-11-18 13:21:00,451,15.033333333333331,0.5986696230598669,1.6589370078740158,56.44444444444444,20,0
14343.0,1088.91,4,631,4.575252100840337,2010-01-18 16:47:00,2010-10-14 13:05:00,268,8.933333333333334,0.4477611940298507,1.7256893819334391,157.75,420,1
14344.0,3333.7000000000003,20,1669,13.718930041152264,2010-03-23 15:47:00,2011-08-04 13:51:00,498,16.6,1.2048192771084336,1.9974236069502695,83.45,126,1
14345.0,108.98,1,50,18.16333333333333,2011-11-01 09:51:00,2011-11-01 09:51:00,0,1.0,1.0,2.1796,50.0,38,0
14346.0,2315.75,5,1878,15.861301369863014,2010-07-30 10:44:00,2011-08-11 09:47:00,376,12.533333333333331,0.3989361702127659,1.2330937167199147,375.6,120,1
14347.0,82.60000000000001,1,48,13.766666666666667,2009-12-03 10:49:00,2009-12-03 10:49:00,0,1.0,1.0,1.7208333333333334,48.0,736,1
14348.0,409.57,1,183,22.753888888888888,2011-03-24 16:23:00,2011-03-24 16:23:00,0,1.0,1.0,2.238087431693989,183.0,259,1
14349.0,133.5,1,86,4.306451612903226,2011-11-29 15:39:00,2011-11-29 15:39:00,0,1.0,1.0,1.552325581395349,86.0,9,0
14350.0,947.8,4,526,15.287096774193548,2010-10-05 15:52:00,2011-03-14 12:27:00,159,5.3,0.7547169811320755,1.8019011406844103,131.5,270,1
14351.0,51.0,1,12,51.0,2011-06-28 11:56:00,2011-06-28 11:56:00,0,1.0,1.0,4.25,12.0,164,1
14352.0,1078.96,4,538,22.95659574468085,2011-03-11 14:58:00,2011-07-05 15:41:00,116,3.8666666666666663,1.0344827586206895,2.00550185873606,134.5,156,1
14353.0,376.5,3,344,15.06,2010-10-04 12:38:00,2011-05-08 16:06:00,216,7.2,0.4166666666666666,1.0944767441860466,114.66666666666669,214,1
14354.0,163.62,2,210,18.18,2011-11-09 15:36:00,2011-12-04 11:32:00,24,0.8,2.5,0.7791428571428571,105.0,5,0
14355.0,1014.45,3,709,14.288028169014083,2010-03-22 15:08:00,2010-12-09 12:16:00,261,8.7,0.3448275862068966,1.430818053596615,236.33333333333331,365,1
14356.0,666.9399999999999,4,266,17.551052631578944,2011-09-19 14:43:00,2011-10-10 17:16:00,21,0.7,5.714285714285714,2.5072932330827067,66.5,59,0
14357.0,225.77,1,148,5.506585365853659,2011-10-27 16:23:00,2011-10-27 16:23:00,0,1.0,1.0,1.525472972972973,148.0,42,0
14358.0,384.3,3,337,14.780769230769229,2010-01-26 17:24:00,2010-11-15 15:51:00,292,9.733333333333333,0.3082191780821918,1.1403560830860533,112.33333333333331,388,1
14359.0,882.58,6,363,15.21689655172414,2011-09-13 09:03:00,2011-11-20 13:17:00,68,2.2666666666666666,2.647058823529412,2.431349862258953,60.5,18,0
14360.0,2128.23,4,1151,18.03584745762712,2011-09-06 11:58:00,2011-11-08 09:12:00,62,2.066666666666667,1.9354838709677415,1.849026933101651,287.75,31,0
14361.0,214.71,1,251,15.33642857142857,2010-05-10 12:29:00,2010-05-10 12:29:00,0,1.0,1.0,0.855418326693227,251.0,578,1
14362.0,161.2,1,100,3.9317073170731702,2011-11-17 15:08:00,2011-11-17 15:08:00,0,1.0,1.0,1.612,100.0,21,0
14363.0,227.47000000000003,2,105,28.433750000000003,2010-09-14 14:39:00,2010-11-02 17:01:00,49,1.6333333333333333,1.2244897959183674,2.1663809523809525,52.5,401,1
14364.0,3717.35,8,1967,53.87463768115942,2011-05-12 12:56:00,2011-08-23 11:01:00,102,3.4,2.3529411764705883,1.889857651245552,245.875,108,1
14365.0,634.68,2,557,12.44470588235294,2010-01-27 09:44:00,2010-11-10 09:52:00,287,9.566666666666666,0.2090592334494773,1.1394614003590664,278.5,394,1
14366.0,136.0,1,16,136.0,2010-07-02 17:23:00,2010-07-02 17:23:00,0,1.0,1.0,8.5,16.0,524,1
14367.0,9167.82,19,4410,17.200412757973734,2011-03-08 14:12:00,2011-12-01 13:19:00,267,8.9,2.134831460674157,2.07887074829932,232.10526315789477,7,0
14368.0,155.0,1,36,19.375,2011-01-24 09:52:00,2011-01-24 09:52:00,0,1.0,1.0,4.305555555555555,36.0,319,1
14369.0,469.13,2,255,18.04346153846154,2010-02-16 10:28:00,2010-03-07 15:47:00,19,0.6333333333333333,3.1578947368421053,1.8397254901960785,127.5,641,1
14370.0,1092.13,9,257,22.288367346938777,2010-02-01 08:35:00,2010-09-15 10:53:00,226,7.533333333333333,1.1946902654867255,4.249533073929961,28.55555555555556,450,1
14371.0,100.5,1,34,25.125,2011-02-17 16:35:00,2011-02-17 16:35:00,0,1.0,1.0,2.9558823529411766,34.0,294,1
14372.0,830.1800000000001,3,376,21.28666666666667,2009-12-14 13:43:00,2010-09-22 16:17:00,282,9.4,0.3191489361702127,2.207925531914894,125.33333333333331,442,1
14373.0,76.55,1,17,19.1375,2010-12-16 15:40:00,2010-12-16 15:40:00,0,1.0,1.0,4.502941176470588,17.0,357,1
14374.0,108.0,1,20,15.428571428571429,2010-06-16 14:25:00,2010-06-16 14:25:00,0,1.0,1.0,5.4,20.0,540,1
14375.0,1132.99,3,659,5.245324074074074,2010-06-16 14:34:00,2011-06-07 13:44:00,355,11.833333333333334,0.2535211267605634,1.719256449165402,219.66666666666663,184,1
14376.0,215.46,1,50,11.97,2010-01-25 15:36:00,2010-01-25 15:36:00,0,1.0,1.0,4.309200000000001,50.0,682,1
14377.0,617.05,2,219,56.095454545454544,2011-03-22 13:38:00,2011-06-01 13:32:00,70,2.333333333333333,0.8571428571428571,2.817579908675799,109.5,190,1
14378.0,131.25,1,57,14.583333333333334,2010-03-28 12:22:00,2010-03-28 12:22:00,0,1.0,1.0,2.3026315789473686,57.0,621,1
14379.0,1268.91,4,713,9.836511627906978,2010-08-16 15:31:00,2011-10-26 16:43:00,436,14.533333333333331,0.2752293577981651,1.7796774193548388,178.25,43,0
14380.0,-99.73,2,0,-49.865,2010-01-26 17:11:00,2010-04-15 15:47:00,78,2.6,0.7692307692307692,-inf,0.0,602,1
14381.0,631.34,2,453,5.538070175438596,2010-09-14 16:15:00,2011-10-18 17:10:00,399,13.3,0.150375939849624,1.3936865342163356,226.5,51,0
14382.0,1240.85,3,1700,4.095214521452145,2010-11-14 16:27:00,2011-11-13 16:18:00,363,12.1,0.2479338842975206,0.7299117647058823,566.6666666666666,25,0
14383.0,1247.69,3,817,21.14728813559322,2011-06-29 10:18:00,2011-11-01 15:53:00,125,4.166666666666667,0.72,1.5271603427172584,272.3333333333333,37,0
14384.0,58.5,1,30,19.5,2010-07-27 09:53:00,2010-07-27 09:53:00,0,1.0,1.0,1.95,30.0,500,1
14385.0,202.11,3,159,14.436428571428571,2011-11-16 11:55:00,2011-11-30 15:36:00,14,0.4666666666666667,6.428571428571429,1.2711320754716982,53.0,8,0
14386.0,142.4,1,54,20.342857142857145,2011-02-16 09:45:00,2011-02-16 09:45:00,0,1.0,1.0,2.6370370370370373,54.0,296,1
14387.0,1770.56,3,819,12.646857142857142,2011-08-22 14:13:00,2011-11-07 12:29:00,76,2.533333333333333,1.1842105263157896,2.161855921855922,273.0,32,0
14388.0,6589.3,20,4336,15.395560747663552,2010-01-20 11:54:00,2011-12-01 11:13:00,679,22.633333333333333,0.8836524300441826,1.5196725092250922,216.8,8,0
14389.0,1821.07,11,1333,15.432796610169492,2009-12-10 19:13:00,2011-12-01 09:19:00,720,24.0,0.4583333333333333,1.3661440360090022,121.1818181818182,8,0
14390.0,6323.33,18,2896,12.672004008016032,2010-10-10 14:30:00,2011-11-29 13:49:00,414,13.8,1.3043478260869563,2.1834703038674035,160.88888888888889,9,0
14391.0,135.6,1,168,9.685714285714283,2010-05-12 09:42:00,2010-05-12 09:42:00,0,1.0,1.0,0.8071428571428572,168.0,576,1
14392.0,266.4,1,114,19.02857142857143,2010-10-03 12:56:00,2010-10-03 12:56:00,0,1.0,1.0,2.3368421052631576,114.0,431,1
14393.0,67.95,1,13,13.59,2011-05-05 18:16:00,2011-05-05 18:16:00,0,1.0,1.0,5.226923076923077,13.0,217,1
14394.0,93.8,1,58,15.633333333333333,2010-05-24 10:43:00,2010-05-24 10:43:00,0,1.0,1.0,1.6172413793103448,58.0,564,1
14395.0,8160.81,24,4066,9.927992700729927,2010-04-18 13:12:00,2011-12-07 14:34:00,598,19.933333333333334,1.2040133779264215,2.007085587801279,169.41666666666666,1,0
14396.0,2121.93,7,1022,7.291855670103092,2009-12-02 14:21:00,2011-10-05 16:09:00,672,22.4,0.3125,2.0762524461839527,146.0,64,0
14397.0,2556.68,23,1852,26.912421052631576,2011-05-10 12:25:00,2011-12-09 09:57:00,212,7.066666666666666,3.254716981132076,1.3804967602591791,80.52173913043478,0,0
14398.0,707.79,2,267,13.354528301886791,2010-06-30 11:57:00,2010-11-03 13:46:00,126,4.2,0.4761904761904761,2.650898876404494,133.5,400,1
14399.0,2098.16,9,960,10.704897959183672,2010-02-03 13:08:00,2010-11-10 13:23:00,280,9.333333333333334,0.9642857142857142,2.185583333333333,106.66666666666669,393,1
14400.0,1703.0,5,1693,22.11688311688312,2010-03-18 12:11:00,2011-07-21 18:05:00,490,16.333333333333332,0.3061224489795918,1.0059066745422327,338.6,140,1
14401.0,6703.4,25,6379,24.827407407407406,2009-12-14 13:22:00,2011-12-05 13:30:00,721,24.03333333333333,1.0402219140083218,1.0508543658880702,255.16,3,0
14402.0,285.6,1,240,35.7,2010-02-25 13:20:00,2010-02-25 13:20:00,0,1.0,1.0,1.1900000000000002,240.0,651,1
14403.0,1822.76,9,726,55.23515151515152,2010-03-10 14:00:00,2011-08-01 12:57:00,508,16.933333333333334,0.5314960629921259,2.5106887052341595,80.66666666666667,129,1
14404.0,2800.11,15,1636,13.146056338028169,2009-12-20 14:40:00,2011-11-06 12:30:00,685,22.83333333333333,0.6569343065693432,1.7115586797066016,109.06666666666666,33,0
14405.0,195.0,1,100,97.5,2010-11-18 11:40:00,2010-11-18 11:40:00,0,1.0,1.0,1.95,100.0,386,1
14406.0,156.75,1,77,19.59375,2011-08-12 16:54:00,2011-08-12 16:54:00,0,1.0,1.0,2.0357142857142856,77.0,118,1
14407.0,2111.08,9,1412,27.777368421052632,2011-03-08 11:59:00,2011-08-24 14:02:00,169,5.633333333333334,1.5976331360946745,1.495099150141643,156.88888888888889,106,1
14408.0,4109.77,11,2444,31.85868217054264,2009-12-07 12:18:00,2011-11-29 11:41:00,721,24.03333333333333,0.4576976421636615,1.681575286415712,222.1818181818182,10,0
14409.0,3453.69,10,2257,31.97861111111111,2010-05-21 16:45:00,2011-09-29 18:18:00,496,16.533333333333335,0.6048387096774193,1.5302126716880815,225.7,70,0
14410.0,2122.37,17,1099,4.358049281314168,2010-09-28 15:46:00,2011-11-24 11:16:00,421,14.033333333333331,1.2114014251781473,1.9311828935395812,64.6470588235294,15,0
14411.0,1063.0,1,196,75.92857142857143,2011-02-02 10:56:00,2011-02-02 10:56:00,0,1.0,1.0,5.423469387755102,196.0,310,1
14412.0,1417.49,4,1426,16.482441860465116,2010-10-11 12:33:00,2011-11-04 13:14:00,389,12.966666666666669,0.3084832904884318,0.994032258064516,356.5,34,0
14413.0,770.37,4,280,7.781515151515151,2010-01-19 14:27:00,2010-12-12 13:37:00,326,10.866666666666667,0.3680981595092024,2.7513214285714285,70.0,361,1
14414.0,2387.48,9,2874,20.062857142857144,2010-11-30 10:12:00,2011-09-09 12:09:00,283,9.433333333333334,0.9540636042402828,0.8307167710508003,319.3333333333333,91,1
14415.0,11915.13,32,6246,9.158439661798615,2009-12-16 14:08:00,2011-12-08 14:38:00,722,24.066666666666663,1.329639889196676,1.9076416906820364,195.1875,0,0
14416.0,490.22,2,326,35.01571428571429,2011-10-28 15:10:00,2011-11-17 15:22:00,20,0.6666666666666666,3.0,1.5037423312883436,163.0,21,0
14417.0,604.2,1,567,4.41021897810219,2010-11-17 10:55:00,2010-11-17 10:55:00,0,1.0,1.0,1.0656084656084657,567.0,387,1
14418.0,1937.25,3,1711,15.622983870967742,2011-08-23 17:18:00,2011-12-06 11:39:00,104,3.466666666666667,0.8653846153846153,1.1322326125073057,570.3333333333334,3,0
14419.0,1260.91,7,556,5.506157205240175,2010-11-22 11:09:00,2011-11-29 11:22:00,372,12.4,0.564516129032258,2.267823741007194,79.42857142857143,10,0
14420.0,1627.72,7,1115,16.780618556701032,2010-01-17 12:41:00,2011-09-15 16:57:00,606,20.2,0.3465346534653465,1.4598385650224217,159.28571428571428,84,0
14421.0,2456.62,7,1341,25.325979381443297,2010-01-17 11:30:00,2011-10-13 13:24:00,634,21.133333333333333,0.3312302839116719,1.83193139448173,191.57142857142856,56,0
14422.0,10200.92,21,6059,18.380036036036035,2009-12-17 12:12:00,2011-12-09 11:26:00,721,24.03333333333333,0.8737864077669902,1.6835979534576664,288.5238095238095,0,0
14423.0,914.96,4,418,57.185,2010-01-14 11:49:00,2011-05-05 15:12:00,476,15.866666666666667,0.2521008403361344,2.1888995215311,104.5,217,1
14424.0,322.08,1,48,322.08,2011-11-22 11:48:00,2011-11-22 11:48:00,0,1.0,1.0,6.71,48.0,17,0
14425.0,635.89,5,319,15.509512195121951,2009-12-02 11:31:00,2010-10-08 14:24:00,310,10.333333333333334,0.4838709677419354,1.993385579937304,63.8,426,1
14426.0,11103.97,27,6656,17.056789554531488,2010-03-04 14:36:00,2011-11-21 11:47:00,626,20.866666666666667,1.293929712460064,1.6682647235576922,246.5185185185185,18,0
14427.0,1263.52,4,538,28.716363636363635,2010-03-18 09:49:00,2011-10-20 14:23:00,581,19.366666666666667,0.2065404475043029,2.3485501858736058,134.5,49,0
14428.0,1230.14,7,428,8.311756756756758,2011-01-18 16:39:00,2011-12-02 13:17:00,317,10.566666666666666,0.6624605678233438,2.874158878504673,61.142857142857146,6,0
14429.0,516.28,1,286,23.467272727272725,2010-11-01 10:08:00,2010-11-01 10:08:00,0,1.0,1.0,1.805174825174825,286.0,403,1
14430.0,956.4,5,408,23.910000000000004,2010-04-11 15:59:00,2010-07-16 11:35:00,95,3.1666666666666665,1.5789473684210529,2.344117647058824,81.6,511,1
14431.0,2541.6,5,1194,29.55348837209302,2010-01-21 10:49:00,2011-02-14 10:56:00,389,12.966666666666669,0.3856041131105398,2.128643216080402,238.8,298,1
14432.0,2255.51,6,2070,5.904476439790576,2011-09-11 14:09:00,2011-11-30 08:04:00,79,2.6333333333333333,2.278481012658228,1.0896183574879228,345.0,9,0
14433.0,289.6,1,134,3.7610389610389614,2010-08-31 12:35:00,2010-08-31 12:35:00,0,1.0,1.0,2.1611940298507464,134.0,465,1
14434.0,1372.8,6,368,114.4,2011-09-28 15:31:00,2011-11-18 08:56:00,50,1.6666666666666667,3.6,3.730434782608696,61.333333333333336,21,0
14435.0,90.42,1,282,30.14,2010-07-26 12:33:00,2010-07-26 12:33:00,0,1.0,1.0,0.3206382978723404,282.0,501,1
14436.0,271.7,2,297,24.7,2010-06-04 11:32:00,2011-09-02 10:13:00,454,15.133333333333333,0.13215859030837,0.9148148148148147,148.5,98,1
14437.0,829.94,7,479,16.5988,2010-05-05 12:20:00,2011-07-19 14:56:00,440,14.666666666666666,0.4772727272727273,1.732651356993737,68.42857142857143,142,1
14438.0,131.9,1,82,14.655555555555557,2011-02-06 14:56:00,2011-02-06 14:56:00,0,1.0,1.0,1.6085365853658538,82.0,305,1
14439.0,9443.04,5,2244,73.20186046511628,2010-01-21 14:01:00,2011-01-24 11:39:00,367,12.233333333333333,0.4087193460490463,4.20812834224599,448.8,319,1
14440.0,6526.83,15,1745,45.64216783216783,2009-12-02 12:13:00,2011-12-01 15:42:00,729,24.3,0.6172839506172839,3.740303724928367,116.33333333333331,7,0
14441.0,4361.59,19,1241,26.43387878787879,2010-01-18 10:40:00,2011-12-09 09:07:00,689,22.966666666666665,0.8272859216255444,3.514576954069299,65.3157894736842,0,0
14442.0,5272.02,12,1420,27.74747368421053,2010-01-18 12:59:00,2011-12-08 11:53:00,688,22.933333333333334,0.5232558139534884,3.712690140845071,118.33333333333331,1,0
14443.0,2351.58,8,1509,14.60608695652174,2010-11-25 14:18:00,2011-10-17 10:10:00,325,10.833333333333334,0.7384615384615384,1.5583697813121271,188.625,53,0
14444.0,132.04,1,180,10.156923076923077,2010-09-09 18:56:00,2010-09-09 18:56:00,0,1.0,1.0,0.7335555555555555,180.0,455,1
14445.0,221.65,1,83,6.9265625,2010-09-10 11:09:00,2010-09-10 11:09:00,0,1.0,1.0,2.670481927710844,83.0,455,1
14446.0,1241.31,5,1116,3.6616814159292033,2010-11-18 12:08:00,2011-12-09 11:34:00,385,12.833333333333334,0.3896103896103896,1.1122849462365592,223.2,0,0
14447.0,1711.73,6,913,16.148396226415095,2010-11-04 13:32:00,2011-11-21 08:28:00,381,12.7,0.4724409448818898,1.874841182913472,152.16666666666666,18,0
14448.0,375.35,2,104,18.7675,2010-12-10 17:26:00,2011-11-30 13:50:00,354,11.8,0.1694915254237288,3.609134615384616,52.0,8,0
14449.0,2482.8,8,1778,4.547252747252748,2010-09-29 13:15:00,2011-11-21 12:06:00,417,13.9,0.5755395683453237,1.3964004499437572,222.25,18,0
14450.0,1128.44,7,522,14.847894736842106,2010-04-08 12:09:00,2011-06-12 10:46:00,429,14.3,0.4895104895104895,2.16176245210728,74.57142857142857,180,1
14451.0,3265.59,18,1723,6.173137996219282,2010-01-17 10:35:00,2011-10-10 13:38:00,631,21.03333333333333,0.8557844690966718,1.895293093441672,95.72222222222224,59,0
14452.0,665.59,4,289,5.042348484848485,2010-07-06 13:13:00,2011-11-29 12:06:00,510,17.0,0.2352941176470588,2.3030795847750865,72.25,10,0
14453.0,119.93,1,49,5.451363636363637,2011-06-02 14:15:00,2011-06-02 14:15:00,0,1.0,1.0,2.4475510204081634,49.0,189,1
14454.0,970.7,6,396,8.745045045045046,2009-12-06 12:56:00,2010-11-28 13:26:00,357,11.9,0.5042016806722689,2.4512626262626265,66.0,375,1
14455.0,594.86,5,682,7.254390243902439,2010-08-01 13:26:00,2010-10-03 15:48:00,63,2.1,2.380952380952381,0.8722287390029325,136.4,431,1
14456.0,3047.63,14,2901,3.1193756397134087,2011-07-20 13:06:00,2011-12-04 13:59:00,137,4.566666666666666,3.0656934306569346,1.0505446397793865,207.2142857142857,4,0
14457.0,113.64,1,88,28.41,2011-02-02 09:39:00,2011-02-02 09:39:00,0,1.0,1.0,1.2913636363636365,88.0,310,1
14458.0,237.42,1,328,4.84530612244898,2010-11-24 12:43:00,2010-11-24 12:43:00,0,1.0,1.0,0.7238414634146341,328.0,380,1
14459.0,5339.1410000000005,3,2302,46.8345701754386,2010-02-26 13:26:00,2011-07-07 13:35:00,496,16.533333333333335,0.1814516129032257,2.319348827106864,767.3333333333334,154,1
14460.0,919.6,12,1761,19.15833333333333,2009-12-15 19:06:00,2011-08-21 14:19:00,613,20.433333333333334,0.5872756933115824,0.5222032935831914,146.75,109,1
14461.0,6697.6,14,3025,10.319876733436056,2010-01-18 12:48:00,2011-07-14 17:11:00,542,18.066666666666663,0.7749077490774908,2.2140826446280992,216.07142857142856,147,1
14462.0,2231.89,16,1040,7.565728813559321,2010-10-03 14:13:00,2011-10-07 09:22:00,368,12.266666666666667,1.3043478260869563,2.1460480769230768,65.0,63,0
14463.0,786.5699999999999,4,210,98.32125,2010-07-28 11:35:00,2011-09-02 15:20:00,401,13.366666666666667,0.2992518703241895,3.745571428571428,52.5,97,1
14464.0,111.0,2,62,27.75,2010-03-22 15:20:00,2010-05-20 18:00:00,59,1.9666666666666663,1.0169491525423728,1.7903225806451613,31.0,567,1
14465.0,3946.03,11,2546,19.73015,2010-01-07 15:03:00,2011-04-07 12:38:00,454,15.133333333333333,0.7268722466960352,1.549893951296151,231.45454545454547,246,1
14466.0,4646.9,13,2644,21.51342592592593,2009-12-13 15:44:00,2011-11-10 14:07:00,696,23.2,0.560344827586207,1.7575264750378214,203.3846153846154,28,0
14467.0,2220.99,12,1196,7.211006493506495,2009-12-02 12:44:00,2011-11-22 12:48:00,720,24.0,0.5,1.857015050167224,99.66666666666669,17,0
14468.0,204.24,1,164,17.02,2009-12-06 12:21:00,2009-12-06 12:21:00,0,1.0,1.0,1.2453658536585366,164.0,733,1
14469.0,2112.21,4,980,14.36877551020408,2010-01-29 11:12:00,2010-10-19 14:30:00,263,8.766666666666667,0.4562737642585551,2.1553163265306123,245.0,415,1
14470.0,712.04,3,282,11.867333333333333,2010-10-05 12:39:00,2011-11-28 10:31:00,418,13.933333333333334,0.2153110047846889,2.524964539007092,94.0,11,0
14471.0,400.95,2,187,9.779268292682929,2009-12-07 12:26:00,2010-04-27 17:12:00,141,4.7,0.425531914893617,2.1441176470588235,93.5,590,1
14472.0,2228.22,9,1305,6.691351351351351,2010-01-19 13:09:00,2011-08-28 11:01:00,585,19.5,0.4615384615384615,1.7074482758620688,145.0,103,1
14473.0,234.34000000000003,2,88,33.47714285714286,2011-03-02 13:56:00,2011-09-26 15:10:00,208,6.933333333333334,0.2884615384615384,2.662954545454546,44.0,73,0
14474.0,1268.13,3,452,9.534812030075187,2010-05-09 12:12:00,2011-10-27 12:57:00,536,17.866666666666667,0.167910447761194,2.805597345132743,150.66666666666666,42,0
14475.0,1025.12,7,522,19.34188679245283,2010-10-27 09:20:00,2011-09-29 10:46:00,337,11.233333333333333,0.6231454005934719,1.9638314176245208,74.57142857142857,71,0
14476.0,215.7,1,132,11.352631578947369,2011-03-27 15:39:00,2011-03-27 15:39:00,0,1.0,1.0,1.634090909090909,132.0,256,1
14477.0,1960.61,10,1115,115.33,2009-12-23 10:17:00,2011-11-20 11:11:00,697,23.23333333333333,0.430416068866571,1.7583946188340809,111.5,19,0
14478.0,1276.66,4,1226,18.774411764705885,2009-12-01 13:20:00,2010-11-22 15:29:00,356,11.866666666666667,0.3370786516853932,1.041321370309951,306.5,381,1
14479.0,1299.11,4,620,8.718859060402686,2009-12-06 13:48:00,2011-03-31 09:07:00,479,15.966666666666669,0.2505219206680584,2.0953387096774194,155.0,253,1
14480.0,1295.27,5,669,19.62530303030303,2009-12-21 16:32:00,2011-11-28 16:35:00,707,23.566666666666663,0.2121640735502121,1.9361285500747385,133.8,10,0
14481.0,1935.32,6,1583,12.649150326797384,2010-01-31 12:43:00,2011-06-28 10:38:00,512,17.066666666666666,0.3515625,1.222564750473784,263.8333333333333,164,1
14482.0,4192.25,14,2805,16.440196078431374,2010-08-26 14:13:00,2011-11-21 13:14:00,451,15.033333333333331,0.9312638580931264,1.4945632798573976,200.3571428571429,17,0
14483.0,249.2,3,191,17.8,2009-12-03 10:16:00,2011-07-13 09:45:00,586,19.53333333333333,0.1535836177474402,1.3047120418848166,63.66666666666666,149,1
14484.0,1070.98,4,744,20.20716981132076,2009-12-17 10:57:00,2011-10-20 14:11:00,672,22.4,0.1785714285714285,1.439489247311828,186.0,49,0
14485.0,165.75,1,71,3.526595744680851,2011-11-01 12:25:00,2011-11-01 12:25:00,0,1.0,1.0,2.334507042253521,71.0,38,0
14486.0,175.5,2,90,29.25,2010-06-04 10:30:00,2010-07-16 09:42:00,41,1.3666666666666667,1.4634146341463414,1.95,45.0,511,1
14487.0,1428.11,8,835,7.438072916666666,2010-11-25 13:36:00,2011-11-13 12:17:00,352,11.733333333333333,0.6818181818181819,1.710311377245509,104.375,26,0
14488.0,1047.43,2,793,21.376122448979597,2011-10-03 09:30:00,2011-10-19 14:39:00,16,0.5333333333333333,3.75,1.320844892812106,396.5,50,0
14489.0,1574.93,4,1011,15.7493,2010-04-06 09:52:00,2011-05-16 14:51:00,405,13.5,0.2962962962962963,1.557794263105836,252.75,206,1
14490.0,1273.47,2,933,15.918375,2010-10-07 11:36:00,2010-10-29 15:04:00,22,0.7333333333333333,2.7272727272727275,1.36491961414791,466.5,405,1
14491.0,468.13,2,179,22.29190476190476,2010-12-02 12:10:00,2011-06-17 15:22:00,197,6.566666666666666,0.3045685279187817,2.615251396648045,89.5,174,1
14492.0,1574.36,10,639,15.138076923076923,2010-03-30 14:23:00,2010-10-05 13:21:00,188,6.266666666666667,1.5957446808510638,2.4637871674491394,63.9,429,1
14493.0,5036.05,14,3171,13.610945945945948,2010-03-08 08:33:00,2011-12-02 16:14:00,634,21.133333333333333,0.6624605678233438,1.5881583096814886,226.5,6,0
14494.0,401.46,3,210,23.615294117647057,2009-12-08 13:25:00,2011-11-14 09:21:00,705,23.5,0.1276595744680851,1.9117142857142857,70.0,25,0
14495.0,166.3,4,67,20.7875,2010-02-18 08:49:00,2011-10-20 12:28:00,609,20.3,0.1970443349753694,2.482089552238806,16.75,50,0
14496.0,2645.88,10,980,23.20947368421053,2010-03-16 13:15:00,2011-02-01 09:01:00,321,10.7,0.9345794392523366,2.6998775510204083,98.0,311,1
14497.0,679.16,3,330,16.17047619047619,2010-02-04 09:59:00,2011-02-11 15:20:00,372,12.4,0.2419354838709677,2.058060606060606,110.0,300,1
14498.0,3911.27,10,2122,10.542506738544477,2010-06-07 16:05:00,2011-10-28 12:09:00,507,16.9,0.591715976331361,1.843199811498586,212.2,42,0
14499.0,2120.62,10,1241,6.585776397515527,2010-08-27 11:57:00,2011-11-13 13:01:00,443,14.766666666666667,0.6772009029345372,1.7087993553585816,124.1,25,0
14500.0,356.85,3,117,50.97857142857144,2011-06-03 10:08:00,2011-09-12 16:45:00,101,3.3666666666666667,0.8910891089108911,3.0500000000000003,39.0,87,0
14501.0,190.31,3,119,15.859166666666669,2011-01-24 10:43:00,2011-10-06 20:15:00,255,8.5,0.3529411764705882,1.5992436974789916,39.66666666666666,63,0
14502.0,2351.02,14,1483,3.725863708399366,2011-01-30 15:52:00,2011-11-20 11:50:00,293,9.766666666666667,1.433447098976109,1.5853135536075522,105.92857142857144,19,0
14503.0,3543.26,6,2004,21.605243902439025,2011-06-14 10:00:00,2011-12-06 13:30:00,175,5.833333333333333,1.0285714285714287,1.7680938123752497,334.0,2,0
14504.0,673.26,4,308,6.2921495327102805,2011-03-06 14:38:00,2011-10-23 16:00:00,231,7.7,0.5194805194805194,2.185909090909091,77.0,46,0
14505.0,11718.8,27,5304,7.207134071340713,2009-12-09 14:48:00,2011-11-22 15:45:00,713,23.766666666666666,1.1360448807854138,2.209426847662141,196.44444444444449,16,0
14506.0,3290.67,7,1078,6.971758474576271,2010-04-19 08:27:00,2011-11-22 13:02:00,582,19.4,0.3608247422680413,3.052569573283859,154.0,16,0
14507.0,3172.49,14,1493,11.45303249097473,2009-12-10 17:04:00,2011-11-16 12:21:00,705,23.5,0.5957446808510638,2.1249095780308105,106.64285714285714,23,0
14508.0,856.09,6,346,4.52957671957672,2010-06-17 13:02:00,2011-11-17 19:48:00,518,17.266666666666666,0.3474903474903475,2.474248554913295,57.66666666666666,21,0
14509.0,110.95,1,38,4.438,2010-06-23 13:21:00,2010-06-23 13:21:00,0,1.0,1.0,2.919736842105263,38.0,533,1
14510.0,991.98,4,815,12.556708860759494,2010-09-29 13:35:00,2010-11-29 12:46:00,60,2.0,2.0,1.2171533742331289,203.75,375,1
14511.0,1267.41,6,772,17.850845070422533,2011-07-29 12:13:00,2011-11-28 17:05:00,122,4.066666666666666,1.475409836065574,1.641722797927461,128.66666666666666,10,0
14512.0,1223.47,7,742,15.293375,2009-12-07 13:49:00,2011-06-05 12:39:00,544,18.133333333333333,0.3860294117647059,1.6488814016172506,106.0,187,1
14513.0,770.9100000000001,7,587,30.836400000000005,2010-05-20 17:57:00,2011-08-31 11:25:00,467,15.566666666666666,0.449678800856531,1.3133049403747872,83.85714285714286,100,1
14514.0,4594.7300000000005,10,2495,13.474281524926688,2009-12-13 13:21:00,2011-10-09 16:05:00,665,22.166666666666668,0.4511278195488721,1.8415751503006013,249.5,60,0
14515.0,3718.9,15,1907,20.66055555555556,2010-06-07 12:37:00,2011-11-22 11:37:00,532,17.733333333333334,0.8458646616541353,1.9501310959622444,127.13333333333334,17,0
14516.0,163.92,1,68,4.43027027027027,2010-07-11 14:07:00,2010-07-11 14:07:00,0,1.0,1.0,2.4105882352941173,68.0,515,1
14517.0,330.45,2,91,18.35833333333333,2011-07-21 11:42:00,2011-11-06 14:20:00,108,3.6,0.5555555555555556,3.631318681318681,45.5,32,0
14518.0,174.37,1,278,10.898125,2011-10-06 14:43:00,2011-10-06 14:43:00,0,1.0,1.0,0.6272302158273382,278.0,63,0
14519.0,206.09,2,82,5.284358974358974,2009-12-11 10:40:00,2010-01-25 11:18:00,45,1.5,1.3333333333333333,2.513292682926829,41.0,683,1
14520.0,270.6,2,146,67.65,2011-02-22 09:15:00,2011-12-08 09:46:00,289,9.633333333333333,0.2076124567474048,1.8534246575342468,73.0,1,0
14521.0,167.65,2,203,8.3825,2010-08-05 16:35:00,2010-08-19 13:04:00,13,0.4333333333333333,4.615384615384615,0.8258620689655173,101.5,476,1
14522.0,1758.62,8,968,38.2308695652174,2010-01-24 13:55:00,2011-11-15 13:24:00,659,21.966666666666665,0.3641881638846738,1.816756198347108,121.0,23,0
14523.0,241.09,1,251,20.09083333333333,2011-08-23 13:13:00,2011-08-23 13:13:00,0,1.0,1.0,0.9605179282868526,251.0,107,1
14524.0,2933.71,13,1176,8.94423780487805,2010-10-19 11:44:00,2011-11-08 12:29:00,385,12.833333333333334,1.0129870129870129,2.4946513605442178,90.46153846153848,31,0
14525.0,8129.809999999999,21,5201,14.781472727272726,2009-12-13 14:01:00,2011-12-01 08:53:00,717,23.9,0.8786610878661089,1.5631243991540087,247.66666666666663,8,0
14526.0,262.4,1,179,6.247619047619047,2010-11-15 13:32:00,2010-11-15 13:32:00,0,1.0,1.0,1.465921787709497,179.0,388,1
14527.0,25774.54,190,6555,9.08513923158266,2009-12-02 12:06:00,2011-12-07 12:19:00,735,24.5,7.755102040816326,3.9320427154843633,34.5,2,0
14528.0,364.22,1,278,20.23444444444444,2011-11-02 17:09:00,2011-11-02 17:09:00,0,1.0,1.0,1.3101438848920863,278.0,36,0
14529.0,620.04,3,348,2.707598253275109,2011-08-21 14:10:00,2011-10-10 15:27:00,50,1.6666666666666667,1.7999999999999998,1.7817241379310345,116.0,59,0
14530.0,6077.15,19,2999,12.427709611451942,2010-01-21 11:25:00,2011-11-14 10:38:00,661,22.03333333333333,0.8623298033282905,2.026392130710237,157.8421052631579,25,0
14531.0,376.34,1,260,12.977241379310344,2010-08-17 10:16:00,2010-08-17 10:16:00,0,1.0,1.0,1.4474615384615384,260.0,479,1
14532.0,3846.43,12,1114,12.057774294670846,2010-01-10 11:47:00,2011-04-17 13:05:00,462,15.4,0.7792207792207793,3.4528096947935367,92.83333333333331,235,1
14533.0,3185.12,15,4783,33.884255319148934,2010-04-08 12:13:00,2011-11-15 12:05:00,585,19.5,0.7692307692307693,0.6659251515785072,318.8666666666667,24,0
14534.0,5786.42,38,2719,7.456726804123711,2010-03-15 14:16:00,2011-12-07 12:19:00,631,21.03333333333333,1.8066561014263076,2.128142699521883,71.55263157894737,2,0
14535.0,5872.63,11,3214,6.892758215962441,2010-02-24 15:03:00,2011-10-11 16:24:00,594,19.8,0.5555555555555556,1.8272028624766643,292.1818181818182,58,0
14536.0,171.8,1,40,9.042105263157897,2011-03-25 12:21:00,2011-03-25 12:21:00,0,1.0,1.0,4.295,40.0,259,1
14537.0,635.45,3,227,26.477083333333336,2010-03-26 13:44:00,2011-10-13 10:54:00,565,18.83333333333333,0.1592920353982301,2.799339207048458,75.66666666666667,57,0
14538.0,1370.84,5,284,26.36230769230769,2010-01-25 15:42:00,2011-10-06 10:31:00,618,20.6,0.2427184466019417,4.826901408450705,56.8,64,0
14539.0,537.48,2,428,16.79625,2011-10-26 12:03:00,2011-11-24 09:50:00,28,0.9333333333333332,2.142857142857143,1.2557943925233646,214.0,15,0
14540.0,3785.44,12,1617,13.815474452554744,2009-12-07 13:00:00,2011-11-30 10:15:00,722,24.066666666666663,0.4986149584487535,2.341026592455164,134.75,9,0
14541.0,2499.68,14,1129,13.810386740331491,2010-01-07 11:59:00,2011-10-12 10:08:00,642,21.4,0.6542056074766356,2.2140655447298494,80.64285714285714,58,0
14542.0,103.25,1,19,20.65,2011-06-07 08:19:00,2011-06-07 08:19:00,0,1.0,1.0,5.434210526315789,19.0,185,1
14543.0,12194.01,50,2104,44.34185454545455,2009-12-01 13:47:00,2011-12-06 10:32:00,734,24.466666666666665,2.043596730245232,5.795632129277567,42.08,3,0
14544.0,2982.43,3,2438,15.533489583333331,2010-08-26 16:00:00,2011-11-15 15:06:00,445,14.833333333333334,0.2022471910112359,1.2233100902379,812.6666666666666,23,0
14545.0,349.25,1,236,15.184782608695652,2010-02-03 15:23:00,2010-02-03 15:23:00,0,1.0,1.0,1.4798728813559323,236.0,673,1
14546.0,5001.03,20,2620,5.996438848920863,2009-12-06 13:10:00,2011-12-05 16:33:00,729,24.3,0.823045267489712,1.9087900763358776,131.0,3,0
14547.0,3986.74,9,2658,10.863051771117169,2011-10-16 14:35:00,2011-12-06 11:06:00,50,1.6666666666666667,5.4,1.4999021820917984,295.3333333333333,3,0
14548.0,2627.49,9,1021,23.252123893805308,2009-12-06 14:00:00,2011-07-12 12:19:00,582,19.4,0.4639175257731959,2.573447600391773,113.44444444444444,150,1
14549.0,916.55,4,395,6.364930555555556,2009-12-02 14:06:00,2011-02-01 13:47:00,425,14.166666666666666,0.2823529411764706,2.3203797468354432,98.75,310,1
14550.0,1353.31,4,776,13.809285714285714,2010-08-13 12:05:00,2011-11-29 12:12:00,473,15.766666666666667,0.2536997885835095,1.7439561855670105,194.0,10,0
14551.0,858.59,9,476,10.47060975609756,2010-01-27 12:06:00,2011-11-21 13:36:00,663,22.1,0.4072398190045249,1.8037605042016809,52.888888888888886,17,0
14552.0,511.28,3,261,3.25656050955414,2010-04-26 13:44:00,2011-07-11 12:49:00,440,14.666666666666666,0.2045454545454545,1.958927203065134,87.0,151,1
14553.0,1816.04,10,1138,6.033355481727575,2010-07-18 12:07:00,2011-11-20 13:20:00,490,16.333333333333332,0.6122448979591837,1.595817223198594,113.8,18,0
14554.0,2381.04,4,1478,11.023333333333332,2011-10-18 13:04:00,2011-11-29 16:44:00,42,1.4,2.857142857142857,1.6109878213802435,369.5,9,0
14555.0,2306.48,7,847,19.061818181818182,2009-12-18 11:39:00,2011-10-13 16:24:00,664,22.133333333333333,0.3162650602409638,2.7231168831168837,121.0,56,0
14556.0,835.34,3,331,4.114975369458128,2010-01-20 11:49:00,2010-04-22 14:57:00,92,3.066666666666667,0.9782608695652172,2.523685800604229,110.33333333333331,595,1
14557.0,1.4210854715202004e-14,2,0,4.440892098500626e-16,2011-09-15 15:48:00,2011-10-06 20:36:00,21,0.7,2.857142857142857,inf,0.0,63,0
14558.0,614.1,5,158,36.12352941176471,2009-12-01 14:47:00,2010-02-24 17:01:00,85,2.833333333333333,1.7647058823529411,3.886708860759494,31.6,652,1
14559.0,75.6,1,72,37.8,2010-11-14 16:05:00,2010-11-14 16:05:00,0,1.0,1.0,1.0499999999999998,72.0,389,1
14560.0,6050.44,46,4543,29.95267326732673,2009-12-02 10:15:00,2011-12-02 15:22:00,730,24.33333333333333,1.8904109589041096,1.3318159806295398,98.7608695652174,6,0
14561.0,1080.76,3,1014,15.6631884057971,2011-06-08 13:26:00,2011-09-25 12:39:00,108,3.6,0.8333333333333333,1.0658382642998028,338.0,75,0
14562.0,6363.85,30,2440,10.037618296529969,2010-02-07 14:10:00,2011-12-06 11:05:00,666,22.2,1.351351351351351,2.60813524590164,81.33333333333333,3,0
14563.0,679.4399999999999,2,335,5.908173913043478,2010-04-26 12:51:00,2010-07-18 12:01:00,82,2.7333333333333334,0.7317073170731707,2.028179104477612,167.5,509,1
14564.0,2519.32,5,1284,22.29486725663717,2009-12-04 09:27:00,2010-10-08 14:20:00,308,10.266666666666667,0.4870129870129869,1.9620872274143304,256.8,426,1
14565.0,3833.87,7,1932,23.665864197530865,2010-08-23 09:48:00,2011-09-05 12:37:00,378,12.6,0.5555555555555556,1.9844047619047616,276.0,95,1
14566.0,4092.0,4,2400,255.75,2010-06-24 10:34:00,2011-08-21 11:05:00,423,14.1,0.2836879432624113,1.705,600.0,110,1
14567.0,1524.46,3,410,44.83705882352941,2011-08-01 13:48:00,2011-11-04 13:57:00,95,3.1666666666666665,0.9473684210526316,3.71819512195122,136.66666666666666,34,0
14568.0,909.5,2,633,18.947916666666668,2010-09-30 17:15:00,2010-10-11 17:03:00,10,0.3333333333333333,6.0,1.4368088467614537,316.5,423,1
14569.0,598.98,4,258,17.113714285714288,2010-04-15 11:49:00,2011-12-08 14:58:00,602,20.066666666666663,0.1993355481727574,2.3216279069767443,64.5,0,0
14570.0,613.75,3,431,9.025735294117649,2010-09-22 13:07:00,2011-03-04 10:58:00,162,5.4,0.5555555555555555,1.424013921113689,143.66666666666666,280,1
14571.0,161.65,1,57,5.214516129032258,2010-10-10 15:06:00,2010-10-10 15:06:00,0,1.0,1.0,2.835964912280702,57.0,424,1
14572.0,5573.28,15,2929,10.515622641509433,2010-03-28 13:47:00,2011-12-06 14:40:00,618,20.6,0.7281553398058251,1.902792762034824,195.26666666666668,2,0
14573.0,2571.72,17,829,6.365643564356435,2010-01-08 16:34:00,2011-06-13 11:15:00,520,17.333333333333332,0.9807692307692308,3.102195416164053,48.76470588235294,179,1
14574.0,143.70000000000002,1,63,13.063636363636364,2009-12-07 12:42:00,2009-12-07 12:42:00,0,1.0,1.0,2.2809523809523813,63.0,732,1
14575.0,460.71,1,176,6.225810810810811,2010-08-08 14:51:00,2010-08-08 14:51:00,0,1.0,1.0,2.6176704545454546,176.0,487,1
14576.0,70.80000000000001,1,24,35.400000000000006,2010-12-02 17:51:00,2010-12-02 17:51:00,0,1.0,1.0,2.9500000000000006,24.0,371,1
14577.0,1374.25,7,573,7.428378378378379,2009-12-11 12:09:00,2011-11-27 12:47:00,716,23.866666666666667,0.2932960893854748,2.398342059336824,81.85714285714286,12,0
14578.0,168.63,1,240,7.02625,2011-12-06 17:18:00,2011-12-06 17:18:00,0,1.0,1.0,0.7026249999999999,240.0,2,0
14579.0,105.56,1,56,4.2224,2010-10-03 14:36:00,2010-10-03 14:36:00,0,1.0,1.0,1.885,56.0,431,1
14580.0,14.85,1,3,14.85,2010-07-09 15:20:00,2010-07-09 15:20:00,0,1.0,1.0,4.95,3.0,517,1
14581.0,433.8,2,309,6.673846153846154,2010-06-13 15:48:00,2011-11-23 12:39:00,527,17.566666666666666,0.1138519924098671,1.4038834951456312,154.5,16,0
14582.0,114.11,1,73,19.01833333333333,2011-10-30 11:56:00,2011-10-30 11:56:00,0,1.0,1.0,1.563150684931507,73.0,40,0
14583.0,1781.03,8,1155,3.519822134387352,2010-03-28 15:16:00,2011-12-04 12:32:00,615,20.5,0.3902439024390244,1.542017316017316,144.375,5,0
14584.0,1734.91,9,959,7.81490990990991,2010-02-17 14:01:00,2011-06-23 18:33:00,491,16.366666666666667,0.5498981670061099,1.809082377476538,106.55555555555556,168,1
14585.0,1143.27,5,630,10.29972972972973,2010-10-19 12:17:00,2011-10-20 14:33:00,366,12.2,0.4098360655737705,1.8147142857142855,126.0,49,0
14586.0,134.16,3,236,4.9688888888888885,2011-03-08 10:04:00,2011-04-26 17:32:00,49,1.6333333333333333,1.836734693877551,0.5684745762711865,78.66666666666667,226,1
14587.0,1598.24,10,759,4.162083333333333,2011-01-12 13:16:00,2011-11-21 11:34:00,312,10.4,0.9615384615384616,2.1057180500658763,75.9,18,0
14588.0,135.39,1,62,8.461875,2010-05-10 15:08:00,2010-05-10 15:08:00,0,1.0,1.0,2.1837096774193547,62.0,577,1
14589.0,79.5,1,10,13.25,2010-12-03 11:42:00,2010-12-03 11:42:00,0,1.0,1.0,7.95,10.0,371,1
14590.0,2884.29,28,881,13.230688073394496,2009-12-07 14:10:00,2010-10-11 12:06:00,307,10.233333333333333,2.7361563517915317,3.273881952326901,31.464285714285715,424,1
14591.0,1447.14,4,1297,7.345888324873097,2011-05-10 14:09:00,2011-11-24 13:57:00,197,6.566666666666666,0.6091370558375635,1.1157594448727834,324.25,14,0
14592.0,570.46,3,415,3.4784146341463416,2011-10-06 18:08:00,2011-11-04 16:35:00,28,0.9333333333333332,3.2142857142857144,1.3746024096385543,138.33333333333334,34,0
14593.0,3615.17,18,1862,5.747488076311606,2009-12-09 12:57:00,2011-11-18 12:48:00,708,23.6,0.7627118644067796,1.9415520945220195,103.44444444444444,21,0
14594.0,634.83,2,331,7.5575,2010-12-01 13:54:00,2011-12-02 13:28:00,365,12.166666666666666,0.1643835616438356,1.917915407854985,165.5,6,0
14595.0,2164.45,8,1228,15.915073529411764,2010-01-20 13:59:00,2011-11-20 12:12:00,668,22.266666666666666,0.3592814371257485,1.7625814332247556,153.5,19,0
14596.0,229.47,1,79,4.025789473684211,2010-03-23 12:13:00,2010-03-23 12:13:00,0,1.0,1.0,2.904683544303797,79.0,626,1
14597.0,2201.54,6,1447,21.374174757281555,2010-09-28 13:17:00,2011-11-28 13:13:00,425,14.166666666666666,0.4235294117647059,1.5214512785072565,241.16666666666663,10,0
14598.0,221.97,3,189,1.7074615384615384,2010-05-19 13:07:00,2011-10-26 13:19:00,525,17.5,0.1714285714285714,1.1744444444444444,63.0,43,0
14599.0,474.54,2,295,5.787073170731707,2010-07-18 15:54:00,2010-11-14 14:49:00,118,3.933333333333333,0.5084745762711864,1.6086101694915256,147.5,389,1
14600.0,865.1700000000001,2,487,16.02166666666667,2010-11-11 15:56:00,2011-02-07 09:48:00,87,2.9,0.6896551724137931,1.7765297741273105,243.5,305,1
14601.0,213.96,1,168,30.56571428571429,2011-11-29 09:48:00,2011-11-29 09:48:00,0,1.0,1.0,1.2735714285714286,168.0,10,0
14602.0,205.36,1,80,6.624516129032258,2010-02-21 15:47:00,2010-02-21 15:47:00,0,1.0,1.0,2.567,80.0,655,1
14603.0,660.0,1,400,330.0,2011-03-10 10:27:00,2011-03-10 10:27:00,0,1.0,1.0,1.65,400.0,274,1
14604.0,143.86,1,88,6.254782608695653,2010-03-16 13:00:00,2010-03-16 13:00:00,0,1.0,1.0,1.6347727272727277,88.0,632,1
14605.0,937.16,4,424,8.442882882882882,2009-12-08 13:59:00,2010-11-30 14:07:00,357,11.9,0.3361344537815126,2.210283018867925,106.0,373,1
14606.0,30094.38,259,15300,4.485672976598599,2009-12-03 12:40:00,2011-12-08 19:28:00,735,24.5,10.571428571428571,1.9669529411764703,59.07335907335907,0,0
14607.0,18745.56,27,11706,78.10650000000001,2009-12-15 11:25:00,2011-11-24 10:35:00,708,23.6,1.144067796610169,1.6013634033828807,433.55555555555554,15,0
14608.0,3273.44,12,917,74.39636363636363,2009-12-06 12:34:00,2011-12-05 16:52:00,729,24.3,0.4938271604938271,3.5697273718647766,76.41666666666667,3,0
14609.0,1366.2,11,10320,97.58571428571427,2010-02-09 09:48:00,2011-09-28 12:54:00,596,19.866666666666667,0.5536912751677853,0.1323837209302325,938.181818181818,71,0
14610.0,24.35,2,15,2.435,2010-07-13 16:06:00,2010-11-09 10:58:00,118,3.933333333333333,0.5084745762711864,1.6233333333333335,7.5,395,1
14611.0,599.38,3,581,15.368717948717949,2010-04-20 10:19:00,2010-09-26 16:07:00,159,5.3,0.5660377358490566,1.0316351118760758,193.66666666666663,438,1
14612.0,877.7,1,134,62.69285714285714,2010-10-20 16:01:00,2010-10-20 16:01:00,0,1.0,1.0,6.550000000000001,134.0,414,1
14613.0,76.32000000000001,1,72,76.32000000000001,2010-01-28 13:02:00,2010-01-28 13:02:00,0,1.0,1.0,1.06,72.0,679,1
14614.0,295.13,1,189,15.533157894736842,2010-11-18 13:04:00,2010-11-18 13:04:00,0,1.0,1.0,1.5615343915343916,189.0,385,1
14615.0,934.26,6,481,18.31882352941177,2010-06-09 13:59:00,2010-11-10 13:36:00,153,5.1,1.1764705882352942,1.9423284823284823,80.16666666666667,393,1
14616.0,527.78,5,170,105.556,2010-06-09 09:42:00,2011-04-11 09:54:00,306,10.2,0.4901960784313726,3.1045882352941176,34.0,242,1
14617.0,190.47000000000003,2,81,21.163333333333338,2010-10-20 10:40:00,2010-11-02 11:41:00,13,0.4333333333333333,4.615384615384615,2.351481481481482,40.5,402,1
14618.0,1295.67,9,697,23.99388888888889,2010-06-11 10:11:00,2011-11-30 13:45:00,537,17.9,0.5027932960893855,1.8589239598278335,77.44444444444444,8,0
14619.0,1276.31,3,587,20.585645161290323,2010-06-16 14:41:00,2011-04-14 17:13:00,302,10.066666666666666,0.2980132450331126,2.1742930153321973,195.66666666666663,238,1
14620.0,393.28,3,188,13.109333333333334,2011-03-01 08:30:00,2011-05-19 14:14:00,79,2.6333333333333333,1.139240506329114,2.0919148936170213,62.66666666666666,203,1
14621.0,2878.27,16,1671,15.990388888888887,2009-12-01 13:47:00,2011-12-08 16:22:00,737,24.566666666666663,0.6512890094979648,1.7224835427887493,104.4375,0,0
14622.0,320.58000000000004,1,146,15.265714285714289,2011-06-08 12:42:00,2011-06-08 12:42:00,0,1.0,1.0,2.1957534246575343,146.0,184,1
14623.0,2030.83,12,1054,6.884169491525424,2010-04-16 17:12:00,2011-11-07 13:56:00,569,18.966666666666665,0.6326889279437611,1.9267836812144208,87.83333333333333,31,0
14624.0,814.07,6,645,15.9621568627451,2010-04-14 10:44:00,2011-10-13 13:44:00,547,18.23333333333333,0.3290676416819013,1.262124031007752,107.5,56,0
14625.0,4391.53,18,2141,15.853898916967507,2009-12-11 14:10:00,2011-06-07 15:40:00,543,18.1,0.9944751381215468,2.0511583372255955,118.94444444444444,184,1
14626.0,5374.77,15,3118,22.67835443037975,2009-12-10 14:57:00,2011-12-01 08:55:00,720,24.0,0.625,1.7237876844130855,207.86666666666667,8,0
14627.0,406.4,3,269,10.42051282051282,2009-12-11 14:08:00,2011-02-01 10:49:00,416,13.866666666666667,0.2163461538461538,1.5107806691449814,89.66666666666667,311,1
14628.0,1998.0,5,1147,23.232558139534884,2010-01-25 14:40:00,2011-09-09 14:58:00,592,19.73333333333333,0.2533783783783783,1.7419354838709675,229.4,90,0
14629.0,939.21,3,376,6.138627450980392,2011-10-23 16:13:00,2011-12-05 16:55:00,43,1.4333333333333331,2.0930232558139537,2.497898936170213,125.33333333333331,3,0
14630.0,338.65,1,111,16.126190476190477,2010-08-12 16:38:00,2010-08-12 16:38:00,0,1.0,1.0,3.0509009009009005,111.0,483,1
14631.0,2023.17,7,1395,21.990978260869564,2010-08-09 14:45:00,2011-10-20 11:17:00,436,14.533333333333331,0.481651376146789,1.4503010752688172,199.28571428571428,50,0
14632.0,114.56,1,96,14.32,2011-03-22 08:49:00,2011-03-22 08:49:00,0,1.0,1.0,1.1933333333333334,96.0,262,1
14633.0,344.90000000000003,1,96,17.245,2011-03-18 17:07:00,2011-03-18 17:07:00,0,1.0,1.0,3.592708333333334,96.0,265,1
14634.0,1971.82,7,1850,16.710338983050846,2010-05-04 10:16:00,2010-09-28 10:40:00,147,4.9,1.4285714285714284,1.0658486486486487,264.2857142857143,437,1
14635.0,215.22,1,118,14.348,2010-09-12 10:47:00,2010-09-12 10:47:00,0,1.0,1.0,1.8238983050847457,118.0,453,1
14636.0,609.85,2,241,21.780357142857145,2011-03-16 09:52:00,2011-11-03 16:12:00,232,7.733333333333333,0.2586206896551724,2.530497925311203,120.5,35,0
14637.0,106.68,1,100,15.239999999999998,2010-01-31 15:52:00,2010-01-31 15:52:00,0,1.0,1.0,1.0668,100.0,676,1
14638.0,443.6,1,166,27.725,2011-10-20 10:10:00,2011-10-20 10:10:00,0,1.0,1.0,2.672289156626506,166.0,50,0
14639.0,4946.81,11,2407,16.76884745762712,2010-02-16 12:35:00,2011-10-18 15:06:00,609,20.3,0.541871921182266,2.055176568342335,218.8181818181818,51,0
14640.0,3464.03,16,1558,15.5337668161435,2010-01-22 15:44:00,2011-11-24 11:00:00,670,22.33333333333333,0.7164179104477613,2.223382541720154,97.375,15,0
14641.0,110.46,1,90,15.78,2011-11-18 10:42:00,2011-11-18 10:42:00,0,1.0,1.0,1.2273333333333332,90.0,21,0
14642.0,96.12,1,76,48.06,2011-10-12 11:08:00,2011-10-12 11:08:00,0,1.0,1.0,1.2647368421052632,76.0,58,0
14643.0,1654.69,6,1317,25.456769230769236,2009-12-11 11:52:00,2011-06-22 14:41:00,558,18.6,0.3225806451612903,1.256408504176158,219.5,169,1
14644.0,2077.47,12,755,28.85375,2009-12-03 16:24:00,2011-11-30 14:58:00,726,24.2,0.4958677685950413,2.751615894039735,62.91666666666666,8,0
14645.0,840.24,4,574,15.56,2010-03-15 11:33:00,2011-07-06 09:15:00,477,15.9,0.2515723270440251,1.4638327526132404,143.5,156,1
14646.0,523342.07,164,365220,134.53523650385603,2009-12-02 16:52:00,2011-12-08 12:12:00,735,24.5,6.6938775510204085,1.4329501944033731,2226.951219512195,1,0
14647.0,519.97,2,180,10.195490196078431,2010-07-04 13:27:00,2011-05-22 13:40:00,322,10.733333333333333,0.1863354037267081,2.8887222222222224,90.0,200,1
14648.0,4458.21,19,3285,9.587548387096774,2009-12-10 13:59:00,2010-11-01 11:17:00,325,10.833333333333334,1.7538461538461538,1.3571415525114154,172.89473684210526,403,1
14649.0,3754.16,11,2461,6.528973913043478,2010-01-20 13:10:00,2011-12-05 12:30:00,683,22.766666666666666,0.4831625183016105,1.5254611946363266,223.72727272727272,4,0
14650.0,62.5,1,22,15.625,2010-04-29 20:27:00,2010-04-29 20:27:00,0,1.0,1.0,2.840909090909091,22.0,588,1
14651.0,2034.12,9,886,7.062916666666667,2010-03-18 11:39:00,2011-10-03 15:52:00,564,18.8,0.4787234042553191,2.2958465011286684,98.44444444444444,66,0
14652.0,114.18,1,53,3.937241379310345,2011-09-23 14:21:00,2011-09-23 14:21:00,0,1.0,1.0,2.1543396226415097,53.0,76,0
14653.0,3614.54,12,1976,9.364093264248703,2009-12-02 11:51:00,2011-12-08 13:45:00,736,24.53333333333333,0.4891304347826086,1.8292206477732795,164.66666666666666,0,0
14654.0,246.86,1,273,9.142962962962963,2009-12-01 12:57:00,2009-12-01 12:57:00,0,1.0,1.0,0.9042490842490843,273.0,737,1
14655.0,3829.23,12,2325,34.811181818181815,2010-04-22 14:29:00,2011-12-06 10:52:00,592,19.73333333333333,0.6081081081081081,1.6469806451612905,193.75,3,0
14656.0,814.65,5,318,3.78906976744186,2010-04-15 12:10:00,2011-06-23 13:51:00,434,14.466666666666669,0.3456221198156682,2.5617924528301885,63.6,168,1
14657.0,1450.92,7,884,6.717222222222222,2010-09-30 19:57:00,2011-11-22 12:47:00,417,13.9,0.5035971223021583,1.6413122171945702,126.28571428571428,17,0
14658.0,247.15,2,47,8.522413793103448,2011-08-14 15:42:00,2011-12-04 15:35:00,111,3.7,0.5405405405405405,5.258510638297873,23.5,4,0
14659.0,2456.53,12,1183,9.484671814671817,2011-01-28 12:43:00,2011-12-01 12:17:00,306,10.2,1.1764705882352942,2.076525781910397,98.58333333333331,8,0
14660.0,285.74,2,228,9.524666666666668,2011-08-31 10:40:00,2011-09-14 11:34:00,14,0.4666666666666667,4.285714285714286,1.2532456140350878,114.0,86,0
14661.0,107.95,1,35,26.9875,2011-11-13 11:51:00,2011-11-13 11:51:00,0,1.0,1.0,3.0842857142857145,35.0,26,0
14662.0,1416.33,7,935,5.598142292490119,2009-12-03 16:47:00,2011-11-11 12:13:00,707,23.566666666666663,0.297029702970297,1.5147914438502672,133.57142857142858,28,0
14663.0,490.6,2,397,7.214705882352941,2010-10-05 13:12:00,2010-10-05 13:21:00,0,1.0,2.0,1.2357682619647357,198.5,429,1
14664.0,637.89,2,466,6.443333333333333,2011-11-06 14:56:00,2011-11-20 10:59:00,13,0.4333333333333333,4.615384615384615,1.368862660944206,233.0,19,0
14665.0,2172.33,9,904,13.66245283018868,2010-04-26 11:17:00,2011-10-10 11:54:00,532,17.733333333333334,0.5075187969924811,2.403019911504425,100.44444444444444,60,0
14666.0,195.25,1,161,13.946428571428571,2011-11-15 12:57:00,2011-11-15 12:57:00,0,1.0,1.0,1.2127329192546583,161.0,23,0
14667.0,21720.59,61,12944,15.796792727272727,2009-12-02 12:38:00,2011-11-29 11:30:00,726,24.2,2.5206611570247937,1.678043108776267,212.1967213114754,10,0
14668.0,111.63,1,49,9.3025,2010-09-20 15:03:00,2010-09-20 15:03:00,0,1.0,1.0,2.2781632653061226,49.0,444,1
14669.0,3243.93,7,2054,8.212481012658227,2009-12-02 13:06:00,2011-04-12 11:43:00,495,16.5,0.4242424242424242,1.5793232716650438,293.42857142857144,241,1
14670.0,602.0,3,434,3.202127659574468,2009-12-07 13:59:00,2011-03-04 14:13:00,452,15.066666666666666,0.1991150442477876,1.3870967741935485,144.66666666666666,279,1
14671.0,1127.45,2,571,20.49909090909091,2010-05-20 18:21:00,2010-06-08 13:39:00,18,0.6,3.333333333333333,1.9745183887915936,285.5,548,1
14672.0,1113.14,4,646,10.501320754716982,2010-01-28 11:33:00,2011-04-19 10:19:00,445,14.833333333333334,0.2696629213483146,1.7231269349845202,161.5,234,1
14673.0,3410.81,7,2035,20.92521472392638,2010-10-26 10:14:00,2011-12-06 14:31:00,406,13.533333333333331,0.5172413793103449,1.67607371007371,290.7142857142857,2,0
14674.0,173.66,1,103,12.404285714285717,2010-07-18 14:25:00,2010-07-18 14:25:00,0,1.0,1.0,1.686019417475728,103.0,508,1
14675.0,1066.9,2,726,4.445416666666668,2010-11-16 12:22:00,2011-11-23 12:58:00,372,12.4,0.1612903225806451,1.4695592286501378,363.0,15,0
14676.0,8285.49,16,8744,59.18207142857143,2010-03-10 09:30:00,2011-11-08 13:29:00,608,20.266666666666666,0.7894736842105263,0.947562900274474,546.5,30,0
14677.0,184.91,1,139,13.207857142857142,2010-04-26 09:48:00,2010-04-26 09:48:00,0,1.0,1.0,1.3302877697841726,139.0,592,1
14678.0,386.44,2,178,15.4576,2010-05-09 14:32:00,2010-05-17 14:27:00,7,0.2333333333333333,8.571428571428571,2.171011235955056,89.0,570,1
14679.0,1270.4,5,788,18.682352941176468,2009-12-08 17:13:00,2010-12-03 10:07:00,359,11.966666666666669,0.4178272980501393,1.612182741116751,157.6,371,1
14680.0,54801.34,87,26020,37.58665294924554,2009-12-04 12:36:00,2011-11-14 16:59:00,710,23.666666666666668,3.676056338028169,2.106123750960799,299.08045977011494,24,0
14681.0,875.1500000000001,6,172,43.75750000000001,2010-02-24 08:54:00,2011-09-29 15:52:00,582,19.4,0.3092783505154639,5.088081395348838,28.666666666666668,70,0
14682.0,1514.81,6,949,17.61406976744186,2010-02-05 14:47:00,2011-06-05 12:12:00,484,16.133333333333333,0.371900826446281,1.5962170706006322,158.16666666666666,187,1
14683.0,146.56,1,386,6.979047619047619,2010-04-30 17:18:00,2010-04-30 17:18:00,0,1.0,1.0,0.3796891191709844,386.0,587,1
14684.0,1468.55,6,1039,2.829576107899807,2010-11-14 14:07:00,2011-11-14 11:33:00,364,12.133333333333333,0.4945054945054945,1.4134263715110682,173.16666666666666,25,0
14685.0,4324.31,13,1952,21.197598039215688,2009-12-13 10:32:00,2010-05-12 13:08:00,150,5.0,2.6,2.21532274590164,150.15384615384616,575,1
14686.0,877.88,6,474,3.719830508474576,2010-02-18 15:48:00,2010-10-21 18:31:00,245,8.166666666666666,0.7346938775510204,1.8520675105485231,79.0,413,1
14687.0,1402.06,3,850,35.0515,2010-06-06 10:36:00,2011-08-25 11:59:00,445,14.833333333333334,0.2022471910112359,1.6494823529411764,283.3333333333333,106,1
14688.0,7190.08,34,5181,13.19280733944954,2010-09-09 12:35:00,2011-12-02 12:26:00,448,14.933333333333334,2.2767857142857144,1.3877784211542172,152.38235294117646,7,0
14689.0,112.8,1,76,8.676923076923076,2011-05-15 11:22:00,2011-05-15 11:22:00,0,1.0,1.0,1.4842105263157894,76.0,208,1
14690.0,781.24,5,337,7.167339449541284,2010-10-25 12:20:00,2011-10-26 15:39:00,366,12.2,0.4098360655737705,2.318219584569733,67.4,43,0
14691.0,2114.33,5,707,29.779295774647885,2011-05-11 09:55:00,2011-11-09 12:30:00,182,6.066666666666666,0.8241758241758242,2.9905657708628004,141.4,30,0
14692.0,1735.59,13,895,10.582865853658536,2010-04-01 14:04:00,2011-07-25 15:08:00,480,16.0,0.8125,1.9392067039106144,68.84615384615384,136,1
14693.0,1139.86,8,386,14.99815789473684,2010-07-02 08:28:00,2011-03-20 12:50:00,261,8.7,0.9195402298850576,2.95300518134715,48.25,264,1
14694.0,244.31,1,193,16.287333333333333,2010-04-01 19:46:00,2010-04-01 19:46:00,0,1.0,1.0,1.2658549222797928,193.0,616,1
14695.0,1552.57,4,624,16.342842105263156,2009-12-07 11:05:00,2010-07-08 14:18:00,213,7.1,0.5633802816901409,2.4880929487179486,156.0,518,1
14696.0,2758.67,10,2146,15.674261363636363,2010-10-14 11:43:00,2011-12-05 13:43:00,417,13.9,0.7194244604316546,1.2854939422180802,214.6,3,0
14697.0,188.61,2,181,8.573181818181817,2011-05-05 15:29:00,2011-05-05 15:39:00,0,1.0,2.0,1.0420441988950275,90.5,217,1
14698.0,1250.76,5,615,5.956,2011-10-19 12:54:00,2011-12-08 12:26:00,49,1.6333333333333333,3.061224489795918,2.033756097560976,123.0,1,0
14699.0,702.6,4,484,14.052,2010-07-02 12:04:00,2011-05-09 14:54:00,311,10.366666666666667,0.3858520900321543,1.4516528925619836,121.0,213,1
14700.0,3116.26,5,1634,18.33094117647059,2010-08-11 12:19:00,2011-11-07 14:40:00,453,15.1,0.3311258278145695,1.9071358629130968,326.8,31,0
14701.0,4498.9400000000005,18,1759,7.129857369255151,2010-01-24 12:15:00,2011-11-29 12:38:00,674,22.466666666666665,0.8011869436201781,2.5576691301876067,97.72222222222224,10,0
14702.0,6695.72,32,3061,9.248232044198897,2009-12-10 20:22:00,2011-12-08 19:29:00,727,24.23333333333333,1.3204951856946354,2.1874289447892847,95.65625,0,0
14703.0,318.17,1,183,14.462272727272728,2011-11-25 09:23:00,2011-11-25 09:23:00,0,1.0,1.0,1.738633879781421,183.0,14,0
14704.0,1813.57,11,1209,3.7548033126294,2010-03-25 17:21:00,2011-11-28 12:51:00,612,20.4,0.5392156862745099,1.5000578990901572,109.9090909090909,10,0
14705.0,179.0,1,100,179.0,2011-05-25 12:39:00,2011-05-25 12:39:00,0,1.0,1.0,1.79,100.0,198,1
14706.0,390.69,1,263,13.953214285714283,2010-03-31 11:09:00,2010-03-31 11:09:00,0,1.0,1.0,1.4855133079847909,263.0,618,1
14707.0,139.2,2,96,69.6,2010-05-12 11:07:00,2010-09-30 11:37:00,141,4.7,0.425531914893617,1.45,48.0,435,1
14708.0,2182.58,6,1503,40.41814814814815,2010-09-10 10:26:00,2011-12-07 08:21:00,452,15.066666666666666,0.3982300884955752,1.4521490352628077,250.5,2,0
14709.0,8866.48,27,4138,24.697715877437325,2009-12-05 15:26:00,2011-11-24 15:41:00,719,23.966666666666665,1.1265646731571628,2.142696955050749,153.25925925925927,14,0
14710.0,1922.59,13,1151,4.349751131221719,2009-12-03 17:12:00,2011-11-25 14:53:00,721,24.03333333333333,0.5409153952843273,1.670364900086881,88.53846153846153,13,0
14711.0,2838.2,12,966,7.905849582172701,2011-03-22 13:32:00,2011-11-29 14:58:00,252,8.4,1.4285714285714286,2.938095238095238,80.5,9,0
14712.0,1328.0700000000002,4,411,41.502187500000005,2010-10-17 14:49:00,2011-11-10 12:59:00,388,12.933333333333334,0.3092783505154639,3.2313138686131397,102.75,28,0
14713.0,5372.47,25,3445,7.556216596343179,2009-12-03 19:22:00,2011-11-30 16:26:00,726,24.2,1.0330578512396695,1.5594978229317853,137.8,8,0
14714.0,896.4,7,637,9.146938775510204,2010-01-21 11:06:00,2011-11-15 13:07:00,663,22.1,0.3167420814479638,1.407221350078493,91.0,23,0
14715.0,1840.45,8,1034,13.336594202898551,2010-01-19 12:18:00,2011-11-15 12:10:00,664,22.133333333333333,0.3614457831325301,1.7799323017408124,129.25,24,0
14716.0,565.45,3,752,5.6545000000000005,2010-09-21 12:07:00,2011-10-27 17:29:00,401,13.366666666666667,0.2244389027431421,0.7519281914893617,250.66666666666663,42,0
14717.0,72.8,2,30,6.066666666666666,2009-12-06 12:46:00,2009-12-06 13:05:00,0,1.0,2.0,2.4266666666666667,15.0,732,1
14718.0,226.42,1,202,20.58363636363636,2010-10-25 13:07:00,2010-10-25 13:07:00,0,1.0,1.0,1.1208910891089108,202.0,409,1
14719.0,1592.18,6,1031,6.689831932773109,2011-04-04 14:17:00,2011-12-08 12:43:00,247,8.233333333333333,0.7287449392712552,1.5443064985451018,171.83333333333334,1,0
14720.0,663.8100000000001,3,219,17.940810810810813,2011-08-05 12:06:00,2011-12-04 12:02:00,120,4.0,0.75,3.0310958904109597,73.0,5,0
14721.0,115.77,1,59,4.2877777777777775,2010-11-25 13:08:00,2010-11-25 13:08:00,0,1.0,1.0,1.9622033898305085,59.0,378,1
14722.0,513.37,3,222,5.461382978723404,2010-08-10 13:28:00,2011-07-15 14:58:00,339,11.3,0.2654867256637168,2.312477477477477,74.0,146,1
14723.0,2093.06,11,1308,4.351476091476092,2009-12-04 11:22:00,2011-11-29 15:23:00,725,24.166666666666668,0.4551724137931034,1.6001987767584098,118.9090909090909,9,0
14724.0,345.25,1,187,8.029069767441861,2010-04-28 13:26:00,2010-04-28 13:26:00,0,1.0,1.0,1.8462566844919783,187.0,589,1
14725.0,1264.84,5,1316,11.820934579439252,2010-06-23 11:34:00,2011-11-15 12:42:00,510,17.0,0.2941176470588235,0.9611246200607902,263.2,24,0
14726.0,124.75,1,91,6.565789473684211,2010-02-23 12:35:00,2010-02-23 12:35:00,0,1.0,1.0,1.370879120879121,91.0,654,1
14727.0,291.13,4,76,3.988082191780822,2010-06-11 13:23:00,2011-03-10 14:45:00,272,9.066666666666666,0.4411764705882353,3.830657894736842,19.0,273,1
14728.0,190.58,1,68,13.612857142857145,2010-10-22 15:57:00,2010-10-22 15:57:00,0,1.0,1.0,2.802647058823529,68.0,412,1
14729.0,907.38,3,574,4.362403846153846,2010-03-24 13:30:00,2010-12-01 12:43:00,251,8.366666666666667,0.3585657370517928,1.580801393728223,191.33333333333331,373,1
14730.0,2005.06,8,1132,4.0021157684630735,2011-03-08 12:49:00,2011-12-08 14:39:00,275,9.166666666666666,0.8727272727272728,1.7712544169611306,141.5,0,0
14731.0,380.02,3,256,8.444888888888888,2011-05-11 13:06:00,2011-10-23 15:54:00,165,5.5,0.5454545454545454,1.484453125,85.33333333333333,46,0
14732.0,5447.52,24,2259,19.181408450704225,2009-12-09 10:48:00,2011-12-01 14:34:00,722,24.066666666666663,0.997229916897507,2.411474103585657,94.125,7,0
14733.0,16050.6,18,6452,44.338674033149175,2010-11-02 15:42:00,2011-11-30 14:54:00,392,13.066666666666666,1.3775510204081634,2.4876937383756976,358.44444444444446,8,0
14734.0,1045.47,5,377,16.33546875,2010-06-06 15:15:00,2010-10-19 13:09:00,134,4.466666666666667,1.1194029850746268,2.773129973474801,75.4,415,1
14735.0,11909.71,59,4398,31.2590813648294,2009-12-04 11:32:00,2011-12-06 12:09:00,732,24.4,2.418032786885246,2.707983174170077,74.54237288135593,3,0
14736.0,401.08,2,164,4.0108,2010-08-11 15:13:00,2010-08-11 15:21:00,0,1.0,2.0,2.4456097560975607,82.0,484,1
14737.0,3554.17,4,1071,78.98155555555556,2010-11-04 11:29:00,2011-12-06 10:16:00,396,13.2,0.303030303030303,3.318552754435108,267.75,3,0
14738.0,1763.64,12,727,21.24867469879518,2009-12-07 10:21:00,2011-10-31 12:57:00,693,23.1,0.5194805194805194,2.425914718019257,60.583333333333336,38,0
14739.0,12269.57,28,10164,47.37285714285714,2009-12-02 13:23:00,2011-12-07 14:32:00,735,24.5,1.1428571428571428,1.207159582841401,363.0,1,0
14740.0,4068.86,13,2059,17.09605042016807,2010-02-25 11:40:00,2011-06-01 15:17:00,461,15.366666666666667,0.8459869848156182,1.9761340456532297,158.3846153846154,190,1
14741.0,1897.59,7,1120,22.32458823529412,2010-10-18 09:33:00,2011-11-28 08:48:00,405,13.5,0.5185185185185185,1.6942767857142855,160.0,11,0
14742.0,579.85,1,374,17.054411764705883,2010-09-30 14:07:00,2010-09-30 14:07:00,0,1.0,1.0,1.5504010695187167,374.0,434,1
14743.0,50.48,1,40,16.826666666666664,2010-04-26 10:26:00,2010-04-26 10:26:00,0,1.0,1.0,1.262,40.0,592,1
14744.0,3821.02,17,2544,30.81467741935484,2010-05-18 14:06:00,2011-11-23 12:51:00,553,18.433333333333334,0.922242314647378,1.5019732704402515,149.64705882352942,15,0
14745.0,2491.46,17,1953,16.948707482993196,2010-03-12 10:33:00,2011-08-19 10:05:00,524,17.466666666666665,0.9732824427480916,1.2757091653865849,114.88235294117646,112,1
14746.0,593.5,4,398,65.94444444444444,2010-10-12 11:06:00,2010-10-29 14:44:00,17,0.5666666666666667,7.0588235294117645,1.4912060301507537,99.5,405,1
14747.0,294.3,2,82,15.489473684210529,2011-04-04 14:09:00,2011-04-06 10:17:00,1,0.0333333333333333,60.0,3.5890243902439027,41.0,247,1
14748.0,2672.25,16,2320,12.146590909090907,2009-12-01 11:56:00,2011-11-10 18:33:00,709,23.633333333333333,0.6770098730606489,1.1518318965517242,145.0,28,0
14749.0,310.15,1,403,17.230555555555554,2010-08-17 12:36:00,2010-08-17 12:36:00,0,1.0,1.0,0.7696029776674937,403.0,479,1
14750.0,112.03,1,65,3.5009375,2009-12-03 17:57:00,2009-12-03 17:57:00,0,1.0,1.0,1.7235384615384617,65.0,735,1
14751.0,126.45,2,65,18.064285714285717,2009-12-13 14:08:00,2010-01-24 13:37:00,41,1.3666666666666667,1.4634146341463414,1.9453846153846155,32.5,683,1
14752.0,389.64,1,260,77.928,2011-10-27 11:55:00,2011-10-27 11:55:00,0,1.0,1.0,1.4986153846153845,260.0,43,0
14753.0,869.51,2,412,18.114791666666665,2010-09-05 11:04:00,2011-09-13 14:50:00,373,12.433333333333334,0.1608579088471849,2.110461165048544,206.0,86,0
14754.0,1546.28,7,1009,11.204927536231883,2010-01-18 11:04:00,2011-10-26 12:01:00,646,21.53333333333333,0.3250773993808049,1.5324876114965311,144.14285714285714,44,0
14755.0,9851.45,30,4366,20.354235537190085,2009-12-03 16:51:00,2011-11-30 11:24:00,726,24.2,1.2396694214876034,2.256401740723774,145.53333333333333,9,0
14756.0,2613.46,4,1419,21.421803278688525,2010-10-11 11:50:00,2011-11-24 18:13:00,409,13.633333333333333,0.293398533007335,1.841761804087385,354.75,14,0
14757.0,420.5,1,160,22.13157894736842,2011-09-25 14:36:00,2011-09-25 14:36:00,0,1.0,1.0,2.628125,160.0,74,0
14758.0,2864.97,7,840,21.065955882352934,2010-04-08 08:27:00,2011-07-18 08:21:00,465,15.5,0.4516129032258064,3.410678571428571,120.0,144,1
14759.0,1625.97,3,569,15.940882352941175,2011-04-21 10:55:00,2011-12-05 12:03:00,228,7.6,0.3947368421052631,2.8575922671353253,189.66666666666663,4,0
14760.0,53.8,2,28,7.685714285714285,2011-02-15 16:27:00,2011-02-18 14:36:00,2,0.0666666666666666,30.0,1.9214285714285717,14.0,293,1
14761.0,447.92,3,206,18.66333333333333,2010-09-21 14:22:00,2011-10-12 12:10:00,385,12.833333333333334,0.2337662337662337,2.174368932038835,68.66666666666667,58,0
14762.0,417.57,2,428,13.919,2010-03-23 15:36:00,2011-03-21 08:20:00,362,12.066666666666666,0.1657458563535911,0.9756308411214952,214.0,263,1
14763.0,-9.95,1,-1,-9.95,2009-12-07 17:59:00,2009-12-07 17:59:00,0,1.0,1.0,9.95,-1.0,731,1
14764.0,250.55,2,175,35.792857142857144,2011-10-24 11:54:00,2011-10-27 10:46:00,2,0.0666666666666666,30.0,1.4317142857142855,87.5,43,0
14765.0,254.11,3,135,6.515641025641026,2011-06-16 19:49:00,2011-11-10 19:53:00,147,4.9,0.6122448979591836,1.8822962962962964,45.0,28,0
14766.0,6431.9800000000005,14,4001,18.429742120343843,2010-06-06 11:11:00,2011-12-01 16:05:00,543,18.1,0.7734806629834253,1.607593101724569,285.7857142857143,7,0
14767.0,382.81,1,117,21.267222222222223,2010-08-22 14:54:00,2010-08-22 14:54:00,0,1.0,1.0,3.2718803418803417,117.0,473,1
14768.0,139.5,3,34,23.25,2011-08-04 13:25:00,2011-11-22 12:54:00,109,3.633333333333333,0.8256880733944955,4.102941176470588,11.333333333333334,16,0
14769.0,15696.67,21,11202,10.9308286908078,2009-12-16 09:17:00,2011-12-07 10:24:00,721,24.03333333333333,0.8737864077669902,1.4012381717550435,533.4285714285714,2,0
14770.0,3624.89,9,1597,18.30752525252525,2010-02-25 18:58:00,2011-04-21 14:21:00,419,13.966666666666669,0.6443914081145584,2.269812147777082,177.44444444444446,231,1
14771.0,579.92,3,608,11.5984,2009-12-03 09:44:00,2010-04-13 10:34:00,131,4.366666666666666,0.6870229007633588,0.9538157894736842,202.66666666666663,605,1
14772.0,139.26,1,82,15.473333333333333,2011-08-19 15:04:00,2011-08-19 15:04:00,0,1.0,1.0,1.6982926829268292,82.0,111,1
14773.0,125.7,2,50,11.427272727272728,2010-04-26 10:29:00,2010-04-30 10:30:00,4,0.1333333333333333,15.0,2.514,25.0,588,1
14774.0,241.45,1,99,18.57307692307692,2010-06-29 12:26:00,2010-06-29 12:26:00,0,1.0,1.0,2.4388888888888887,99.0,528,1
14775.0,1418.46,3,1558,17.73075,2010-12-02 16:38:00,2011-10-12 15:27:00,313,10.433333333333334,0.2875399361022364,0.910436456996149,519.3333333333334,57,0
14776.0,3339.02,19,4204,15.824739336492891,2010-09-19 14:12:00,2011-10-19 15:34:00,395,13.166666666666666,1.4430379746835444,0.7942483349191246,221.26315789473685,50,0
14777.0,239.26,4,200,11.393333333333333,2010-11-01 12:50:00,2011-12-05 13:20:00,399,13.3,0.3007518796992481,1.1963,50.0,3,0
14778.0,730.86,2,306,20.881714285714285,2011-02-04 11:43:00,2011-08-04 15:23:00,181,6.033333333333333,0.3314917127071823,2.38843137254902,153.0,126,1
14779.0,386.15,3,84,9.418292682926827,2011-01-20 12:04:00,2011-03-04 12:42:00,43,1.4333333333333331,2.0930232558139537,4.597023809523809,28.0,280,1
14780.0,447.68,2,310,16.58074074074074,2011-09-21 15:15:00,2011-10-16 12:46:00,24,0.8,2.5,1.4441290322580644,155.0,54,0
14781.0,-530.31,1,-1,-530.31,2010-10-15 15:25:00,2010-10-15 15:25:00,0,1.0,1.0,530.31,-1.0,419,1
14782.0,200.1,1,114,33.35,2011-01-24 11:12:00,2011-01-24 11:12:00,0,1.0,1.0,1.755263157894737,114.0,319,1
14783.0,305.35,2,261,16.96388888888889,2010-02-18 16:16:00,2010-02-22 16:08:00,3,0.1,20.0,1.1699233716475097,130.5,654,1
14784.0,449.93,3,363,16.664074074074076,2010-11-15 09:49:00,2011-11-13 13:30:00,363,12.1,0.2479338842975206,1.2394765840220383,121.0,25,0
14785.0,77.4,2,84,25.8,2011-11-24 13:40:00,2011-11-29 13:21:00,4,0.1333333333333333,15.0,0.9214285714285716,42.0,9,0
14786.0,90.96,1,112,12.994285714285713,2010-06-07 13:42:00,2010-06-07 13:42:00,0,1.0,1.0,0.812142857142857,112.0,549,1
14787.0,110.65,1,59,7.376666666666667,2010-08-25 14:38:00,2010-08-25 14:38:00,0,1.0,1.0,1.8754237288135596,59.0,470,1
14788.0,1156.32,3,719,19.93655172413793,2010-04-22 18:16:00,2011-12-02 17:06:00,588,19.6,0.1530612244897959,1.6082336578581362,239.66666666666663,6,0
14789.0,197.64,1,116,32.940000000000005,2011-11-11 08:59:00,2011-11-11 08:59:00,0,1.0,1.0,1.703793103448276,116.0,28,0
14790.0,2526.62,10,2642,17.42496551724138,2009-12-11 14:37:00,2011-11-23 09:28:00,711,23.7,0.4219409282700422,0.9563285389856168,264.2,16,0
14791.0,303.63,1,127,15.980526315789474,2010-04-12 10:24:00,2010-04-12 10:24:00,0,1.0,1.0,2.390787401574803,127.0,606,1
14792.0,-2.220446049250313e-16,2,0,-5.551115123125783e-17,2011-10-06 18:34:00,2011-10-07 09:19:00,0,1.0,2.0,-inf,0.0,63,0
14793.0,611.0500000000001,3,358,15.27625,2010-06-22 16:54:00,2011-12-05 16:25:00,530,17.666666666666668,0.1698113207547169,1.7068435754189946,119.33333333333331,3,0
14794.0,1889.15,13,778,17.655607476635513,2010-08-09 15:44:00,2011-12-07 10:11:00,484,16.133333333333333,0.8057851239669421,2.4282133676092545,59.84615384615385,2,0
14795.0,131.45000000000002,1,17,21.90833333333333,2011-06-26 13:04:00,2011-06-26 13:04:00,0,1.0,1.0,7.732352941176471,17.0,165,1
14796.0,10691.12,39,7565,6.757977243994944,2009-12-14 15:06:00,2011-12-08 15:31:00,724,24.133333333333333,1.6160220994475138,1.4132346331791144,193.97435897435895,0,0
14797.0,300.31,1,99,18.769375,2010-07-20 14:07:00,2010-07-20 14:07:00,0,1.0,1.0,3.033434343434344,99.0,506,1
14798.0,715.11,9,599,14.021764705882353,2010-03-01 08:38:00,2011-10-18 10:58:00,596,19.866666666666667,0.4530201342281879,1.193839732888147,66.55555555555556,52,0
14799.0,338.15,2,495,14.702173913043476,2009-12-02 11:18:00,2011-10-19 16:16:00,686,22.866666666666667,0.0874635568513119,0.683131313131313,247.5,50,0
14800.0,7415.59,23,6844,11.13451951951952,2010-09-30 14:38:00,2011-10-23 12:46:00,387,12.9,1.7829457364341086,1.0835169491525425,297.5652173913044,47,0
14801.0,193.14,1,175,3.273559322033898,2011-10-09 15:24:00,2011-10-09 15:24:00,0,1.0,1.0,1.103657142857143,175.0,60,0
14802.0,-1502.98,6,-2,-250.49666666666667,2010-09-24 13:42:00,2010-10-05 14:49:00,11,0.3666666666666666,16.363636363636363,751.49,-0.3333333333333333,429,1
14803.0,845.55,3,370,19.217045454545453,2011-02-20 13:21:00,2011-06-30 13:58:00,130,4.333333333333333,0.6923076923076924,2.2852702702702703,123.33333333333331,161,1
14804.0,353.27,1,121,29.439166666666665,2011-12-01 11:20:00,2011-12-01 11:20:00,0,1.0,1.0,2.919586776859504,121.0,8,0
14805.0,1104.64,7,421,8.368484848484849,2010-03-28 12:34:00,2011-11-24 16:20:00,606,20.2,0.3465346534653465,2.623847980997625,60.142857142857146,14,0
14806.0,303.43,2,423,15.1715,2010-09-26 15:50:00,2011-09-25 15:32:00,363,12.1,0.1652892561983471,0.7173286052009457,211.5,74,0
14807.0,519.29,2,247,12.98225,2010-02-28 11:33:00,2010-11-14 12:47:00,259,8.633333333333333,0.2316602316602316,2.102388663967611,123.5,390,1
14808.0,2175.37,15,2054,8.4975390625,2011-06-20 12:53:00,2011-10-31 12:21:00,132,4.4,3.4090909090909087,1.0590895813047712,136.93333333333334,39,0
14809.0,686.76,2,232,38.153333333333336,2010-03-28 15:42:00,2010-03-28 15:44:00,0,1.0,2.0,2.960172413793104,116.0,620,1
14810.0,2537.02,13,1247,7.806215384615385,2010-10-06 13:12:00,2011-10-30 11:19:00,388,12.933333333333334,1.0051546391752575,2.0344987971130712,95.92307692307692,40,0
14811.0,170.5,1,74,6.089285714285714,2010-11-17 13:09:00,2010-11-17 13:09:00,0,1.0,1.0,2.304054054054054,74.0,386,1
14812.0,185.8,1,136,5.021621621621622,2010-04-20 12:13:00,2010-04-20 12:13:00,0,1.0,1.0,1.366176470588235,136.0,598,1
14813.0,1090.87,4,474,6.163107344632769,2010-04-08 11:49:00,2010-12-05 11:57:00,241,8.033333333333333,0.4979253112033195,2.301413502109705,118.5,369,1
14814.0,160.46,1,96,5.014375,2010-05-07 14:10:00,2010-05-07 14:10:00,0,1.0,1.0,1.6714583333333335,96.0,580,1
14815.0,778.5,2,744,14.68867924528302,2011-10-03 11:36:00,2011-11-03 11:36:00,31,1.0333333333333334,1.9354838709677415,1.0463709677419355,372.0,36,0
14816.0,271.85,1,5,67.9625,2011-05-26 13:16:00,2011-05-26 13:16:00,0,1.0,1.0,54.370000000000005,5.0,196,1
14817.0,3889.21,9,2445,16.620555555555555,2009-12-08 18:52:00,2011-05-23 13:35:00,530,17.666666666666668,0.5094339622641509,1.590678936605317,271.6666666666667,199,1
14818.0,1170.41,6,546,10.938411214953272,2010-03-02 12:48:00,2011-09-27 11:01:00,573,19.1,0.3141361256544502,2.143608058608059,91.0,73,0
14819.0,470.16,4,173,8.24842105263158,2009-12-21 15:54:00,2011-10-06 13:41:00,653,21.766666666666666,0.1837672281776416,2.7176878612716764,43.25,63,0
14820.0,1274.76,9,724,19.918125,2010-01-31 12:49:00,2011-11-18 15:41:00,656,21.866666666666667,0.4115853658536585,1.760718232044199,80.44444444444444,20,0
14821.0,1286.45,7,485,17.867361111111112,2010-02-01 13:33:00,2010-12-08 08:43:00,309,10.3,0.6796116504854368,2.652474226804124,69.28571428571429,366,1
14822.0,157.70000000000002,1,94,17.522222222222226,2010-08-11 12:52:00,2010-08-11 12:52:00,0,1.0,1.0,1.6776595744680851,94.0,484,1
14823.0,321.43,3,88,4.591857142857143,2011-05-29 12:48:00,2011-06-12 13:12:00,14,0.4666666666666667,6.428571428571429,3.652613636363637,29.33333333333333,179,1
14824.0,3952.51,12,1934,24.398209876543213,2010-03-12 13:07:00,2011-11-29 14:20:00,627,20.9,0.5741626794258373,2.0436970010341264,161.16666666666666,9,0
14825.0,4886.28,27,2841,15.56140127388535,2010-04-06 14:14:00,2011-12-06 11:38:00,608,20.266666666666666,1.3322368421052633,1.7199155227032734,105.22222222222224,3,0
14826.0,385.2,2,152,38.52,2010-01-13 13:08:00,2010-05-07 09:00:00,113,3.7666666666666666,0.5309734513274337,2.534210526315789,76.0,581,1
14827.0,0.0,1,5,0.0,2010-02-12 15:47:00,2010-02-12 15:47:00,0,1.0,1.0,0.0,5.0,664,1
14828.0,9803.46,14,9670,96.11235294117648,2009-12-07 11:19:00,2011-05-27 10:16:00,535,17.833333333333332,0.7850467289719627,1.0138014477766288,690.7142857142857,196,1
14829.0,1639.94,9,1109,14.51274336283186,2010-09-29 13:14:00,2011-11-10 16:16:00,407,13.566666666666666,0.6633906633906634,1.4787556357078449,123.22222222222224,28,0
14830.0,197.13,1,169,4.92825,2011-10-17 14:29:00,2011-10-17 14:29:00,0,1.0,1.0,1.166449704142012,169.0,52,0
14831.0,1623.97,7,877,18.04411111111111,2009-12-02 09:21:00,2010-05-14 14:23:00,163,5.433333333333334,1.2883435582822085,1.851733181299886,125.28571428571428,573,1
14832.0,-274.63,3,-1,-91.54333333333334,2010-03-19 13:56:00,2010-03-19 15:15:00,0,1.0,3.0,274.63,-0.3333333333333333,629,1
14833.0,94.8,1,58,13.542857142857144,2010-07-29 10:06:00,2010-07-29 10:06:00,0,1.0,1.0,1.6344827586206896,58.0,498,1
14834.0,2184.21,9,869,24.269,2010-10-28 17:37:00,2011-11-22 10:30:00,389,12.966666666666669,0.6940874035989717,2.513475258918297,96.55555555555556,17,0
14835.0,293.1,3,178,97.7,2010-04-01 19:34:00,2010-06-30 17:30:00,89,2.966666666666667,1.0112359550561798,1.646629213483146,59.333333333333336,526,1
14836.0,102.45,3,45,17.075,2011-11-09 13:26:00,2011-11-29 16:45:00,20,0.6666666666666666,4.5,2.2766666666666664,15.0,9,0
14837.0,3445.82,12,3022,16.17755868544601,2010-01-24 10:20:00,2011-09-11 10:58:00,595,19.83333333333333,0.6050420168067228,1.1402448709463933,251.83333333333331,89,0
14838.0,773.67,2,362,10.896760563380282,2009-12-03 09:52:00,2010-10-12 15:46:00,313,10.433333333333334,0.1916932907348242,2.137209944751381,181.0,422,1
14839.0,915.28,3,927,12.368648648648648,2010-01-04 16:29:00,2010-10-17 13:01:00,285,9.5,0.3157894736842105,0.9873570658036676,309.0,417,1
14840.0,340.21,3,173,14.175416666666663,2010-06-18 15:42:00,2011-03-17 12:00:00,271,9.033333333333331,0.3321033210332103,1.9665317919075145,57.66666666666666,267,1
14841.0,7163.0,14,4164,23.876666666666665,2009-12-02 16:49:00,2011-10-17 15:03:00,683,22.766666666666666,0.6149341142020498,1.7202209414024976,297.42857142857144,52,0
14842.0,2456.8,8,1146,15.549367088607596,2011-02-04 15:32:00,2011-11-04 13:09:00,272,9.066666666666666,0.8823529411764706,2.1438045375218158,143.25,34,0
14843.0,211.8,1,132,23.53333333333333,2010-09-29 12:39:00,2010-09-29 12:39:00,0,1.0,1.0,1.6045454545454545,132.0,436,1
14844.0,6688.43,12,4365,23.972867383512547,2010-04-12 12:50:00,2011-10-07 10:41:00,542,18.066666666666663,0.6642066420664207,1.53228636884307,363.75,63,0
14845.0,150.0,1,600,150.0,2010-04-19 10:19:00,2010-04-19 10:19:00,0,1.0,1.0,0.25,600.0,599,1
14846.0,406.8,2,181,31.292307692307688,2010-10-08 17:07:00,2010-10-12 15:30:00,3,0.1,20.0,2.247513812154696,90.5,422,1
14847.0,1320.6,4,529,20.316923076923075,2010-05-24 12:29:00,2011-07-14 10:52:00,415,13.833333333333334,0.2891566265060241,2.49640831758034,132.25,148,1
14848.0,310.56,1,260,28.232727272727274,2010-10-31 12:22:00,2010-10-31 12:22:00,0,1.0,1.0,1.1944615384615385,260.0,404,1
14849.0,15542.44,50,11875,20.23755208333333,2010-01-10 11:40:00,2011-11-18 10:58:00,676,22.53333333333333,2.218934911242604,1.308837052631579,237.5,21,0
14850.0,1575.21,9,1384,7.6839512195121955,2010-05-20 13:28:00,2011-02-01 11:21:00,256,8.533333333333333,1.0546875,1.138157514450867,153.77777777777777,311,1
14851.0,829.41,3,631,19.747857142857143,2010-03-19 11:52:00,2011-11-16 14:20:00,607,20.23333333333333,0.1482701812191103,1.3144374009508717,210.33333333333331,22,0
14852.0,6123.63,21,4366,19.56431309904153,2010-03-05 14:51:00,2011-10-12 13:20:00,585,19.5,1.0769230769230769,1.402572148419606,207.9047619047619,57,0
14853.0,1351.37,7,343,40.950606060606056,2010-04-13 09:26:00,2011-12-01 09:44:00,597,19.9,0.3517587939698492,3.939854227405248,49.0,8,0
14854.0,4302.17,14,2986,19.379144144144146,2010-01-22 09:48:00,2011-09-22 17:00:00,608,20.266666666666666,0.6907894736842105,1.4407803081044877,213.28571428571428,77,0
14855.0,6520.3,7,3510,31.49903381642512,2010-04-08 10:30:00,2011-08-12 14:02:00,491,16.366666666666667,0.4276985743380855,1.857635327635328,501.4285714285714,118,1
14856.0,1311.38,3,714,19.869393939393937,2011-10-14 09:35:00,2011-11-03 14:53:00,20,0.6666666666666666,4.5,1.8366666666666664,238.0,35,0
14857.0,3578.931,10,2065,16.417114678899082,2010-03-15 11:00:00,2011-10-11 09:23:00,574,19.133333333333333,0.5226480836236934,1.7331384987893463,206.5,59,0
14858.0,180.75,1,105,16.431818181818183,2010-07-22 10:51:00,2010-07-22 10:51:00,0,1.0,1.0,1.7214285714285715,105.0,505,1
14859.0,1703.94,6,886,25.431940298507463,2010-06-03 10:26:00,2011-11-27 11:18:00,542,18.066666666666663,0.3321033210332103,1.9231828442437924,147.66666666666666,12,0
14860.0,168.62,2,230,14.051666666666668,2011-11-20 14:17:00,2011-12-01 09:44:00,10,0.3333333333333333,6.0,0.7331304347826088,115.0,8,0
14861.0,1318.4,14,1054,13.877894736842109,2009-12-08 12:12:00,2011-10-18 12:54:00,679,22.633333333333333,0.6185567010309279,1.250853889943074,75.28571428571429,51,0
14862.0,841.1999999999999,2,772,17.525,2011-07-14 11:20:00,2011-11-14 10:01:00,122,4.066666666666666,0.4918032786885246,1.0896373056994817,386.0,25,0
14863.0,266.76,1,132,24.25090909090909,2011-11-10 15:04:00,2011-11-10 15:04:00,0,1.0,1.0,2.020909090909091,132.0,28,0
14864.0,-48.75,1,-17,-24.375,2009-12-08 17:07:00,2009-12-08 17:07:00,0,1.0,1.0,2.867647058823529,-17.0,730,1
14865.0,129.72,4,300,14.413333333333334,2009-12-01 16:05:00,2011-12-02 16:25:00,731,24.366666666666667,0.1641586867305061,0.4324,75.0,6,0
14866.0,20657.77,20,9050,146.50900709219857,2010-08-26 11:54:00,2011-11-29 11:45:00,459,15.3,1.30718954248366,2.2826265193370165,452.5,10,0
14867.0,2901.46,19,992,20.577730496453903,2009-12-05 15:47:00,2011-06-07 11:39:00,548,18.266666666666666,1.04014598540146,2.924858870967742,52.21052631578947,185,1
14868.0,4170.06,13,2224,19.486261682242997,2010-10-15 14:52:00,2011-12-06 14:49:00,416,13.866666666666667,0.9375,1.8750269784172664,171.07692307692307,2,0
14869.0,2776.8,9,2126,10.721235521235522,2009-12-16 11:43:00,2011-12-06 10:55:00,719,23.966666666666665,0.3755215577190542,1.3061147695202258,236.22222222222223,3,0
14870.0,1794.6,9,478,26.00869565217392,2010-01-25 09:05:00,2011-03-23 10:51:00,422,14.066666666666666,0.6398104265402844,3.754393305439331,53.11111111111112,261,1
14871.0,1258.97,9,454,6.263532338308458,2009-12-01 11:57:00,2011-12-06 13:42:00,735,24.5,0.3673469387755102,2.7730616740088108,50.44444444444444,2,0
14872.0,802.6800000000001,4,614,18.24272727272728,2010-03-16 14:41:00,2010-08-16 10:44:00,152,5.066666666666666,0.7894736842105263,1.307296416938111,153.5,480,1
14873.0,854.13,2,311,17.43122448979592,2010-03-16 10:51:00,2011-05-13 13:52:00,423,14.1,0.1418439716312056,2.7463987138263666,155.5,209,1
14874.0,116.18,1,148,19.363333333333333,2010-06-22 14:58:00,2010-06-22 14:58:00,0,1.0,1.0,0.785,148.0,534,1
14875.0,2841.55,7,1327,30.554301075268818,2010-09-24 10:28:00,2011-11-30 14:41:00,432,14.4,0.4861111111111111,2.1413338357196685,189.57142857142856,8,0
14876.0,256.7,2,162,19.746153846153845,2010-05-27 13:49:00,2010-07-06 14:57:00,40,1.3333333333333333,1.5,1.584567901234568,81.0,520,1
14877.0,437.0,2,171,6.621212121212121,2010-03-07 12:25:00,2010-10-17 13:09:00,224,7.466666666666667,0.2678571428571428,2.555555555555556,85.5,417,1
14878.0,3812.22,28,2179,10.005826771653544,2010-02-21 11:14:00,2011-11-27 11:15:00,644,21.466666666666665,1.3043478260869563,1.749527306103717,77.82142857142857,12,0
14879.0,185.06,1,104,6.854074074074074,2010-01-24 11:35:00,2010-01-24 11:35:00,0,1.0,1.0,1.779423076923077,104.0,684,1
14880.0,706.19,3,373,15.025319148936171,2011-02-24 12:27:00,2011-09-23 13:42:00,211,7.033333333333333,0.4265402843601896,1.893270777479893,124.33333333333331,76,0
14881.0,255.4,1,316,15.023529411764706,2011-11-20 11:06:00,2011-11-20 11:06:00,0,1.0,1.0,0.8082278481012658,316.0,19,0
14882.0,3426.55,15,1448,48.95071428571429,2010-03-30 15:02:00,2011-11-13 12:47:00,592,19.73333333333333,0.7601351351351351,2.366401933701657,96.53333333333332,26,0
14883.0,756.64,7,789,14.011851851851851,2011-05-12 09:49:00,2011-11-21 10:23:00,193,6.433333333333334,1.088082901554404,0.9589860583016476,112.71428571428572,18,0
14884.0,120.6,1,72,15.075,2010-02-08 12:56:00,2010-02-08 12:56:00,0,1.0,1.0,1.6749999999999998,72.0,668,1
14885.0,1496.12,4,1284,46.75375,2010-08-31 10:11:00,2011-07-31 12:05:00,334,11.133333333333333,0.3592814371257485,1.165202492211838,321.0,131,1
14886.0,364.8,1,160,20.266666666666666,2011-04-01 08:56:00,2011-04-01 08:56:00,0,1.0,1.0,2.28,160.0,252,1
14887.0,1862.0,1,1100,310.3333333333333,2011-09-21 15:32:00,2011-09-21 15:32:00,0,1.0,1.0,1.6927272727272726,1100.0,78,0
14888.0,369.2,1,184,18.46,2011-05-16 14:58:00,2011-05-16 14:58:00,0,1.0,1.0,2.006521739130435,184.0,206,1
14889.0,135.9,1,90,13.59,2011-01-07 15:19:00,2011-01-07 15:19:00,0,1.0,1.0,1.51,90.0,335,1
14890.0,817.25,3,636,14.337719298245617,2010-02-18 09:00:00,2011-03-31 11:57:00,406,13.533333333333331,0.2216748768472906,1.2849842767295598,212.0,253,1
14891.0,1106.73,4,788,17.56714285714286,2010-09-29 12:41:00,2011-07-14 18:08:00,288,9.6,0.4166666666666667,1.404479695431472,197.0,147,1
14892.0,202.35,1,79,15.565384615384618,2010-01-18 08:58:00,2010-01-18 08:58:00,0,1.0,1.0,2.5613924050632915,79.0,690,1
14893.0,1782.26,6,1034,16.202363636363636,2010-04-01 09:03:00,2011-11-30 12:31:00,608,20.266666666666666,0.2960526315789474,1.7236557059961315,172.33333333333334,9,0
14894.0,1412.21,5,591,28.82061224489796,2009-12-02 10:42:00,2011-09-15 13:51:00,652,21.73333333333333,0.2300613496932515,2.3895262267343487,118.2,84,0
14895.0,24488.82,48,10645,26.647247007616976,2009-12-03 10:58:00,2011-12-02 09:23:00,728,24.266666666666666,1.978021978021978,2.300499765147957,221.77083333333331,7,0
14896.0,1973.47,10,1100,6.689728813559322,2009-12-06 12:42:00,2011-05-19 10:20:00,528,17.6,0.5681818181818181,1.7940636363636364,110.0,204,1
14897.0,3100.74,9,1158,24.22453125,2009-12-15 17:05:00,2011-12-02 10:32:00,716,23.866666666666667,0.3770949720670391,2.6776683937823837,128.66666666666666,7,0
14898.0,3356.86,18,2222,10.69063694267516,2009-12-03 16:40:00,2011-11-16 14:54:00,712,23.73333333333333,0.7584269662921348,1.5107380738073808,123.44444444444444,22,0
14899.0,1384.88,1,586,10.108613138686133,2010-11-09 15:20:00,2010-11-09 15:20:00,0,1.0,1.0,2.363276450511945,586.0,394,1
14900.0,13.919999999999998,1,48,13.919999999999998,2010-07-05 15:09:00,2010-07-05 15:09:00,0,1.0,1.0,0.29,48.0,521,1
14901.0,2277.05,13,1049,13.31608187134503,2010-07-29 11:11:00,2011-11-28 17:09:00,487,16.233333333333334,0.8008213552361396,2.1706863679694948,80.6923076923077,10,0
14902.0,1000.27,5,703,15.388769230769231,2010-06-04 12:35:00,2011-11-18 17:09:00,532,17.733333333333334,0.2819548872180451,1.422859174964438,140.6,20,0
14903.0,2744.48,10,1491,7.53978021978022,2011-03-06 11:50:00,2011-11-18 16:07:00,257,8.566666666666666,1.1673151750972763,1.840697518443997,149.1,20,0
14904.0,1640.64,4,2549,11.393333333333334,2010-10-08 12:48:00,2011-12-07 12:55:00,425,14.166666666666666,0.2823529411764706,0.6436406433895646,637.25,1,0
14905.0,1939.69,10,987,23.94679012345679,2009-12-03 14:36:00,2011-07-08 13:36:00,581,19.366666666666667,0.5163511187607573,1.9652380952380952,98.7,153,1
14906.0,-66.98,3,-1,-22.326666666666668,2010-09-20 15:19:00,2010-09-20 16:33:00,0,1.0,3.0,66.98,-0.3333333333333333,444,1
14907.0,6094.6900000000005,23,2783,19.917287581699348,2009-12-08 18:35:00,2011-12-06 14:14:00,727,24.23333333333333,0.9491059147180192,2.1899712540424003,121.0,2,0
14908.0,381.9,2,182,27.27857142857143,2010-09-02 16:39:00,2011-09-26 12:56:00,388,12.933333333333334,0.1546391752577319,2.0983516483516484,91.0,73,0
14909.0,1380.98,5,886,16.84121951219512,2010-02-14 15:47:00,2010-10-07 16:47:00,235,7.833333333333333,0.6382978723404256,1.558668171557562,177.2,427,1
14910.0,389.86,7,221,11.138857142857145,2011-10-16 11:06:00,2011-12-07 10:06:00,51,1.7,4.11764705882353,1.7640723981900452,31.571428571428573,2,0
14911.0,270248.53,510,143741,23.271207267717216,2009-12-01 11:41:00,2011-12-08 15:54:00,737,24.566666666666663,20.759837177747627,1.8801074849903647,281.8450980392157,0,0
14912.0,748.5799999999999,11,1803,11.008529411764703,2010-01-26 16:29:00,2011-11-23 12:29:00,665,22.166666666666668,0.4962406015037593,0.415185801442041,163.9090909090909,16,0
14913.0,4073.13,8,3955,16.490404858299595,2010-08-11 08:40:00,2011-11-04 08:29:00,449,14.966666666666669,0.5345211581291759,1.0298685208596714,494.375,35,0
14914.0,-5.85,1,-3,-5.85,2010-04-13 10:14:00,2010-04-13 10:14:00,0,1.0,1.0,1.95,-3.0,605,1
14915.0,1752.65,13,699,19.05054347826087,2009-12-03 10:17:00,2011-09-15 10:27:00,651,21.7,0.599078341013825,2.507367668097282,53.76923076923077,85,0
14916.0,2888.21,11,2379,20.63007142857143,2010-04-01 10:57:00,2011-09-30 09:20:00,546,18.2,0.6043956043956045,1.2140437158469946,216.27272727272728,70,0
14917.0,1123.75,2,891,38.75,2010-04-22 09:44:00,2010-04-22 11:28:00,0,1.0,2.0,1.2612233445566778,445.5,596,1
14918.0,5955.81,9,2551,42.23978723404256,2010-04-08 11:18:00,2011-08-16 11:50:00,495,16.5,0.5454545454545454,2.334696197569581,283.44444444444446,115,1
14919.0,359.35,1,129,27.642307692307693,2010-06-18 13:06:00,2010-06-18 13:06:00,0,1.0,1.0,2.7856589147286823,129.0,538,1
14920.0,1607.17,3,886,16.568762886597938,2010-05-23 15:25:00,2011-05-11 10:32:00,352,11.733333333333333,0.2556818181818182,1.813961625282167,295.3333333333333,212,1
14921.0,1316.07,2,953,16.872692307692308,2011-05-22 12:51:00,2011-11-09 13:17:00,171,5.7,0.3508771929824561,1.3809758656873032,476.5,29,0
14922.0,843.74,2,376,16.8748,2010-07-20 09:45:00,2010-11-11 11:14:00,114,3.8,0.5263157894736842,2.243989361702128,188.0,393,1
14923.0,749.1,1,418,17.025000000000002,2011-10-20 11:51:00,2011-10-20 11:51:00,0,1.0,1.0,1.7921052631578949,418.0,50,0
14924.0,931.01,3,312,30.03258064516129,2010-03-10 12:51:00,2011-04-08 09:25:00,393,13.1,0.2290076335877862,2.98400641025641,104.0,245,1
14925.0,-7.95,1,-1,-7.95,2009-12-08 13:44:00,2009-12-08 13:44:00,0,1.0,1.0,7.95,-1.0,730,1
14926.0,337.65,3,189,84.4125,2010-04-20 09:59:00,2010-11-23 07:13:00,216,7.2,0.4166666666666666,1.7865079365079364,63.0,381,1
14927.0,308.2,1,196,15.41,2010-11-08 12:30:00,2010-11-08 12:30:00,0,1.0,1.0,1.5724489795918366,196.0,396,1
14928.0,204.46,2,263,8.519166666666667,2010-03-22 09:14:00,2010-03-30 15:51:00,8,0.2666666666666666,7.5,0.7774144486692015,131.5,618,1
14929.0,836.69,2,487,24.608529411764707,2010-10-14 12:22:00,2011-11-07 17:21:00,389,12.966666666666669,0.1542416452442159,1.7180492813141686,243.5,31,0
14930.0,5136.64,9,2192,18.02329824561404,2010-04-12 11:22:00,2011-08-23 10:31:00,497,16.566666666666666,0.5432595573440644,2.3433576642335767,243.55555555555557,108,1
14931.0,964.68,6,416,22.96857142857143,2011-04-13 09:32:00,2011-12-05 10:19:00,236,7.866666666666666,0.7627118644067797,2.318942307692308,69.33333333333333,4,0
14932.0,1029.66,2,337,21.013469387755105,2010-11-19 09:16:00,2010-12-09 11:48:00,20,0.6666666666666666,3.0,3.0553709198813057,168.5,365,1
14933.0,885.0,5,300,177.0,2010-09-21 17:29:00,2010-09-22 10:47:00,0,1.0,5.0,2.95,60.0,443,1
14934.0,2444.1,9,1446,9.855241935483871,2010-09-24 12:08:00,2011-09-28 09:45:00,368,12.266666666666667,0.733695652173913,1.6902489626556016,160.66666666666666,72,0
14935.0,2849.83,2,1931,109.60884615384614,2010-03-30 11:48:00,2011-02-15 14:44:00,322,10.733333333333333,0.1863354037267081,1.4758311755567064,965.5,296,1
14936.0,12378.46,14,6271,23.355584905660372,2010-05-05 12:26:00,2011-11-30 15:07:00,574,19.133333333333333,0.7317073170731707,1.9739212246850584,447.9285714285714,8,0
14937.0,1617.63,4,483,46.218,2011-08-01 14:16:00,2011-10-14 12:29:00,73,2.433333333333333,1.6438356164383563,3.3491304347826087,120.75,56,0
14938.0,2289.43,4,1361,30.124078947368417,2010-05-26 13:35:00,2010-07-25 16:00:00,60,2.0,2.0,1.6821675238795002,340.25,501,1
14939.0,-934.66,1,-1,-934.66,2010-03-19 12:35:00,2010-03-19 12:35:00,0,1.0,1.0,934.66,-1.0,630,1
14940.0,531.49,2,384,16.6090625,2009-12-06 15:46:00,2010-10-18 10:47:00,315,10.5,0.1904761904761904,1.3840885416666666,192.0,417,1
14941.0,182.1,1,80,26.014285714285712,2010-05-10 11:30:00,2010-05-10 11:30:00,0,1.0,1.0,2.27625,80.0,578,1
14942.0,706.56,5,353,35.328,2009-12-10 10:00:00,2010-11-03 10:51:00,328,10.933333333333334,0.4573170731707317,2.001586402266289,70.6,401,1
14943.0,107.62,1,46,21.524,2010-02-14 16:04:00,2010-02-14 16:04:00,0,1.0,1.0,2.3395652173913044,46.0,662,1
14944.0,9674.92,24,4833,31.209419354838708,2010-02-17 08:47:00,2011-11-10 09:10:00,631,21.03333333333333,1.1410459587955626,2.001845644527209,201.375,29,0
14945.0,179.4,1,156,16.30909090909091,2010-10-22 11:26:00,2010-10-22 11:26:00,0,1.0,1.0,1.15,156.0,413,1
14946.0,100.9,1,22,33.63333333333333,2011-11-25 13:33:00,2011-11-25 13:33:00,0,1.0,1.0,4.586363636363637,22.0,13,0
14947.0,1049.79,6,416,19.440555555555555,2010-03-25 11:29:00,2011-09-28 15:48:00,552,18.4,0.3260869565217391,2.5235336538461537,69.33333333333333,71,0
14948.0,1066.57,7,661,16.66515625,2011-05-04 14:52:00,2011-11-16 17:16:00,196,6.533333333333333,1.0714285714285714,1.6135703479576398,94.42857142857144,22,0
14949.0,498.55,6,243,16.618333333333332,2009-12-18 15:28:00,2010-09-06 12:16:00,261,8.7,0.6896551724137931,2.05164609053498,40.5,459,1
14950.0,361.25,2,135,18.0625,2011-11-20 13:48:00,2011-12-01 09:42:00,10,0.3333333333333333,6.0,2.675925925925926,67.5,8,0
14951.0,311.69,1,311,15.5845,2011-09-21 15:15:00,2011-09-21 15:15:00,0,1.0,1.0,1.0022186495176848,311.0,78,0
14952.0,17244.25,43,6839,52.41413373860183,2009-12-03 15:34:00,2011-10-24 13:50:00,689,22.966666666666665,1.872278664731495,2.521457815470098,159.04651162790697,45,0
14953.0,1005.37,5,1008,3.866807692307692,2010-09-30 12:16:00,2011-11-14 14:59:00,410,13.666666666666666,0.3658536585365853,0.997390873015873,201.6,24,0
14954.0,503.44,2,219,3.995555555555556,2010-01-05 16:38:00,2011-11-27 14:30:00,690,23.0,0.0869565217391304,2.298812785388128,109.5,11,0
14955.0,163.77,1,74,5.282903225806452,2009-12-07 11:35:00,2009-12-07 11:35:00,0,1.0,1.0,2.2131081081081083,74.0,732,1
14956.0,1325.0,1,2500,331.25,2010-10-14 16:40:00,2010-10-14 16:40:00,0,1.0,1.0,0.53,2500.0,420,1
14957.0,333.29,2,105,11.492758620689656,2010-03-05 10:50:00,2011-03-31 17:59:00,391,13.033333333333331,0.1534526854219949,3.174190476190476,52.5,252,1
14958.0,957.94,6,249,13.30472222222222,2009-12-03 16:02:00,2011-07-15 14:20:00,588,19.6,0.3061224489795918,3.8471485943775097,41.5,146,1
14959.0,684.97,5,491,11.229016393442624,2011-02-16 13:00:00,2011-10-11 16:28:00,237,7.9,0.6329113924050632,1.3950509164969451,98.2,58,0
14960.0,221.27,2,221,8.195185185185185,2011-06-21 13:38:00,2011-12-01 12:54:00,162,5.4,0.3703703703703703,1.0012217194570137,110.5,7,0
14961.0,16328.9,28,8335,24.01308823529412,2009-12-04 11:32:00,2011-11-29 09:42:00,724,24.133333333333333,1.160220994475138,1.9590761847630476,297.67857142857144,10,0
14962.0,366.91,4,123,26.207857142857144,2010-05-04 14:57:00,2011-03-14 09:42:00,313,10.433333333333334,0.3833865814696485,2.983008130081301,30.75,270,1
14963.0,3158.63,13,2314,6.381070707070707,2010-07-02 12:43:00,2011-11-30 12:16:00,515,17.166666666666668,0.7572815533980582,1.365008643042351,178.0,9,0
14964.0,206.21,1,143,15.862307692307692,2011-04-06 14:13:00,2011-04-06 14:13:00,0,1.0,1.0,1.442027972027972,143.0,246,1
14965.0,599.0,2,365,7.216867469879518,2011-09-04 13:15:00,2011-09-04 13:20:00,0,1.0,2.0,1.641095890410959,182.5,95,1
14966.0,1115.84,6,1098,6.974000000000001,2009-12-15 13:48:00,2011-11-25 12:20:00,709,23.633333333333333,0.2538787023977433,1.0162477231329692,183.0,14,0
14967.0,1680.52,7,651,56.01733333333333,2009-12-03 14:07:00,2011-10-21 11:06:00,686,22.866666666666667,0.3061224489795918,2.5814439324116742,93.0,49,0
14968.0,504.99,2,258,5.941058823529412,2010-09-07 13:28:00,2011-11-09 13:58:00,428,14.266666666666667,0.1401869158878504,1.957325581395349,129.0,29,0
14969.0,906.23,1,665,69.71000000000001,2010-01-05 12:43:00,2010-01-05 12:43:00,0,1.0,1.0,1.3627518796992482,665.0,703,1
14970.0,3593.4,16,763,28.294488188976377,2010-02-14 13:37:00,2011-10-02 13:44:00,595,19.83333333333333,0.8067226890756303,4.70956749672346,47.6875,67,0
14971.0,1116.57,3,644,6.9785625,2011-10-27 13:33:00,2011-11-04 17:07:00,8,0.2666666666666666,11.25,1.733804347826087,214.66666666666663,34,0
14972.0,145.07,2,40,7.2535,2010-11-23 16:17:00,2011-08-03 14:54:00,252,8.4,0.238095238095238,3.62675,20.0,127,1
14973.0,1314.45,3,369,41.0765625,2011-04-28 12:22:00,2011-08-24 15:51:00,118,3.933333333333333,0.7627118644067797,3.56219512195122,123.0,106,1
14974.0,114.39,1,44,5.4471428571428575,2011-11-02 13:01:00,2011-11-02 13:01:00,0,1.0,1.0,2.599772727272727,44.0,36,0
14975.0,472.39,2,507,18.168846153846157,2010-10-14 14:11:00,2011-10-13 14:08:00,363,12.1,0.1652892561983471,0.9317357001972386,253.5,56,0
14976.0,765.86,8,230,10.49123287671233,2011-01-17 11:09:00,2011-10-13 16:37:00,269,8.966666666666667,0.8921933085501859,3.3298260869565217,28.75,56,0
14977.0,31.93,1,17,7.982499999999999,2009-12-14 10:37:00,2009-12-14 10:37:00,0,1.0,1.0,1.8782352941176468,17.0,725,1
14978.0,3106.34,12,736,10.529966101694916,2010-04-28 10:50:00,2011-09-28 13:07:00,518,17.266666666666666,0.694980694980695,4.2205706521739135,61.333333333333336,71,0
14979.0,439.46,1,213,8.291698113207547,2009-12-04 12:54:00,2009-12-04 12:54:00,0,1.0,1.0,2.063192488262911,213.0,734,1
14980.0,150.68,1,79,6.278333333333333,2009-12-02 14:09:00,2009-12-02 14:09:00,0,1.0,1.0,1.9073417721518988,79.0,736,1
14981.0,313.52,3,229,13.063333333333333,2010-10-12 11:04:00,2011-04-07 13:45:00,177,5.9,0.5084745762711864,1.3690829694323143,76.33333333333333,245,1
14982.0,237.78,1,125,6.096923076923077,2010-05-16 15:52:00,2010-05-16 15:52:00,0,1.0,1.0,1.90224,125.0,571,1
14983.0,183.2,1,90,6.106666666666667,2010-01-19 17:32:00,2010-01-19 17:32:00,0,1.0,1.0,2.035555555555556,90.0,688,1
14984.0,1271.41,6,350,22.703750000000003,2010-01-11 13:22:00,2011-11-20 14:28:00,678,22.6,0.2654867256637168,3.6326,58.333333333333336,18,0
14985.0,296.75,2,260,3.410919540229885,2010-12-16 19:51:00,2011-05-25 14:29:00,159,5.3,0.3773584905660377,1.1413461538461538,130.0,197,1
14986.0,566.9,2,342,5.669,2010-01-24 15:54:00,2010-11-28 15:25:00,307,10.233333333333333,0.1954397394136807,1.6576023391812864,171.0,375,1
14987.0,1632.25,9,639,90.68055555555556,2009-12-02 14:56:00,2011-11-24 09:59:00,721,24.03333333333333,0.3744798890429958,2.554381846635368,71.0,15,0
14988.0,2066.6,7,1276,8.46967213114754,2010-04-16 13:34:00,2011-05-12 12:05:00,390,13.0,0.5384615384615384,1.6195924764890282,182.28571428571428,211,1
14989.0,342.4,1,200,19.022222222222226,2010-02-16 10:40:00,2010-02-16 10:40:00,0,1.0,1.0,1.712,200.0,661,1
14990.0,305.42,2,130,7.102790697674419,2009-12-09 13:31:00,2010-04-06 13:54:00,118,3.933333333333333,0.5084745762711864,2.3493846153846154,65.0,611,1
14991.0,314.67,1,191,14.984285714285717,2010-10-05 13:01:00,2010-10-05 13:01:00,0,1.0,1.0,1.6474869109947643,191.0,429,1
14992.0,210.5,1,145,7.796296296296297,2010-09-23 17:48:00,2010-09-23 17:48:00,0,1.0,1.0,1.4517241379310344,145.0,441,1
14993.0,36.13,1,21,3.613,2010-05-25 12:47:00,2010-05-25 12:47:00,0,1.0,1.0,1.7204761904761905,21.0,563,1
14994.0,886.33,8,489,2.7697812500000003,2010-03-26 12:40:00,2010-11-22 12:59:00,241,8.033333333333333,0.995850622406639,1.8125357873210637,61.125,381,1
14995.0,233.23,2,103,3.82344262295082,2011-03-04 13:14:00,2011-11-01 11:39:00,241,8.033333333333333,0.2489626556016597,2.264368932038835,51.5,38,0
14996.0,442.29,2,404,10.787560975609756,2010-08-15 13:41:00,2010-08-15 13:44:00,0,1.0,2.0,1.094777227722772,202.0,480,1
14997.0,771.38,5,1390,19.77897435897436,2010-02-22 12:11:00,2011-10-24 13:28:00,609,20.3,0.2463054187192118,0.5549496402877698,278.0,45,0
14998.0,770.73,4,367,6.068740157480315,2010-04-13 16:07:00,2011-06-22 17:30:00,435,14.5,0.2758620689655172,2.1000817438692096,91.75,169,1
14999.0,129.48,1,88,14.386666666666663,2010-04-26 10:47:00,2010-04-26 10:47:00,0,1.0,1.0,1.4713636363636362,88.0,592,1
15000.0,490.52,1,218,6.37038961038961,2011-10-23 11:42:00,2011-10-23 11:42:00,0,1.0,1.0,2.250091743119266,218.0,47,0
15001.0,230.86,2,81,4.275185185185185,2010-11-10 13:31:00,2010-11-10 13:51:00,0,1.0,2.0,2.8501234567901235,40.5,393,1
15002.0,4817.28,9,2518,13.019675675675677,2010-01-12 11:40:00,2011-08-16 10:44:00,580,19.33333333333333,0.4655172413793104,1.913137410643368,279.77777777777777,115,1
15003.0,1055.7,7,543,3.0162857142857145,2010-01-26 13:04:00,2010-08-23 15:44:00,209,6.966666666666667,1.0047846889952152,1.9441988950276243,77.57142857142857,472,1
15004.0,1246.32,1,630,7.888101265822784,2011-07-15 14:05:00,2011-07-15 14:05:00,0,1.0,1.0,1.9782857142857144,630.0,146,1
15005.0,13763.27,76,8752,5.401597331240189,2009-12-01 13:20:00,2011-11-24 12:25:00,722,24.066666666666663,3.1578947368421053,1.5725856946983547,115.15789473684212,15,0
15006.0,825.14,2,416,3.986183574879227,2010-09-12 13:03:00,2011-10-19 15:08:00,402,13.4,0.1492537313432835,1.9835096153846157,208.0,50,0
15007.0,156.91,1,69,13.075833333333334,2011-07-03 16:00:00,2011-07-03 16:00:00,0,1.0,1.0,2.274057971014493,69.0,158,1
15008.0,360.0,2,1500,30.0,2010-03-12 11:13:00,2010-08-16 13:09:00,157,5.233333333333333,0.3821656050955413,0.24,750.0,479,1
15009.0,1261.78,3,642,6.932857142857142,2011-11-14 17:40:00,2011-11-27 13:35:00,12,0.4,7.5,1.9653894080996883,214.0,11,0
15010.0,308.94,1,184,15.447,2011-11-04 12:42:00,2011-11-04 12:42:00,0,1.0,1.0,1.6790217391304347,184.0,35,0
15011.0,416.6,2,289,20.83,2010-10-19 12:05:00,2010-11-09 11:10:00,20,0.6666666666666666,3.0,1.441522491349481,144.5,395,1
15012.0,860.62,3,479,3.374980392156863,2010-05-12 11:49:00,2011-10-17 12:22:00,523,17.433333333333334,0.1720841300191204,1.796701461377871,159.66666666666666,53,0
15013.0,1641.3,10,1747,4.623380281690141,2010-01-31 12:15:00,2010-08-09 12:05:00,189,6.3,1.5873015873015874,0.9394962793360044,174.7,487,1
15014.0,260.17,2,151,7.433428571428572,2011-06-16 19:40:00,2011-10-27 20:07:00,133,4.433333333333334,0.4511278195488721,1.722980132450331,75.5,42,0
15015.0,2275.82,20,1563,7.389025974025975,2009-12-14 13:49:00,2010-07-26 13:50:00,224,7.466666666666667,2.6785714285714284,1.4560588611644274,78.15,500,1
15016.0,622.3,6,244,5.657272727272727,2010-06-14 13:06:00,2011-06-20 12:06:00,370,12.333333333333334,0.4864864864864864,2.5504098360655734,40.66666666666666,172,1
15017.0,125.58,1,63,6.279,2011-11-06 10:33:00,2011-11-06 10:33:00,0,1.0,1.0,1.9933333333333332,63.0,33,0
15018.0,567.51,4,209,15.338108108108107,2010-12-07 10:47:00,2011-11-01 12:47:00,329,10.966666666666669,0.364741641337386,2.715358851674641,52.25,38,0
15019.0,266.0,1,159,3.8,2011-03-18 12:35:00,2011-03-18 12:35:00,0,1.0,1.0,1.6729559748427674,159.0,266,1
15020.0,203.42,1,112,7.265,2010-11-25 13:29:00,2010-11-25 13:29:00,0,1.0,1.0,1.81625,112.0,378,1
15021.0,2689.59,17,1179,3.684369863013699,2010-07-29 16:35:00,2011-12-01 11:53:00,489,16.3,1.0429447852760736,2.2812468193384223,69.3529411764706,8,0
15022.0,1186.09,5,656,7.701883116883116,2010-01-31 16:02:00,2011-11-28 12:35:00,665,22.166666666666668,0.225563909774436,1.808064024390244,131.2,11,0
15023.0,12092.19,23,5037,11.85508823529412,2010-02-03 15:45:00,2011-12-06 17:23:00,671,22.366666666666667,1.0283159463487332,2.4006730196545565,219.0,2,0
15024.0,4075.51,16,2201,10.985202156334232,2010-10-11 16:14:00,2011-11-30 12:06:00,414,13.8,1.1594202898550725,1.8516628805088595,137.5625,9,0
15025.0,1013.09,2,515,6.938972602739726,2010-05-20 13:28:00,2011-11-06 15:20:00,535,17.833333333333332,0.1121495327102803,1.9671650485436891,257.5,32,0
15026.0,1061.61,5,673,7.582928571428571,2010-09-17 13:52:00,2011-09-20 13:52:00,368,12.266666666666667,0.4076086956521739,1.5774294205052004,134.6,79,0
15027.0,2974.04,13,2204,31.63872340425532,2010-03-25 14:39:00,2011-11-09 10:16:00,593,19.766666666666666,0.657672849915683,1.3493829401088928,169.53846153846155,30,0
15028.0,1157.71,6,796,9.728655462184877,2010-11-10 14:32:00,2011-12-01 14:06:00,385,12.833333333333334,0.4675324675324675,1.4544095477386936,132.66666666666666,7,0
15029.0,362.15,2,233,32.92272727272728,2010-03-30 12:16:00,2010-03-31 16:04:00,1,0.0333333333333333,60.0,1.5542918454935624,116.5,617,1
15030.0,1964.66,9,1223,56.13314285714286,2010-03-04 17:10:00,2011-09-29 10:50:00,573,19.1,0.4712041884816753,1.6064268192968112,135.88888888888889,71,0
15031.0,2857.37,16,1436,6.435518018018017,2009-12-08 13:38:00,2011-12-05 14:19:00,727,24.23333333333333,0.6602475928473177,1.9898119777158771,89.75,3,0
15032.0,13285.65,10,7959,103.794140625,2009-12-10 15:27:00,2011-03-28 15:30:00,473,15.766666666666667,0.6342494714587738,1.6692612137203169,795.9,255,1
15033.0,2571.02,11,1692,5.0117348927875245,2011-01-14 13:28:00,2011-12-05 12:40:00,324,10.8,1.0185185185185184,1.51951536643026,153.8181818181818,4,0
15034.0,8282.45,17,4777,10.756428571428572,2010-05-11 13:30:00,2011-11-24 12:11:00,561,18.7,0.9090909090909092,1.7338182960016748,281.0,15,0
15035.0,252.73,1,245,9.36037037037037,2011-09-11 11:08:00,2011-09-11 11:08:00,0,1.0,1.0,1.0315510204081633,245.0,89,0
15036.0,465.55,3,327,3.665748031496063,2011-06-13 12:19:00,2011-09-28 15:42:00,107,3.566666666666667,0.8411214953271028,1.4237003058103976,109.0,71,0
15037.0,402.51,2,301,8.385625,2010-11-28 12:14:00,2010-11-28 13:05:00,0,1.0,2.0,1.3372425249169435,150.5,375,1
15038.0,1269.96,10,411,4.424947735191638,2010-10-10 14:35:00,2011-10-27 14:42:00,382,12.733333333333333,0.7853403141361257,3.08992700729927,41.1,42,0
15039.0,39742.99,107,18058,14.1434128113879,2009-12-10 11:39:00,2011-11-30 11:31:00,719,23.966666666666665,4.464534075104312,2.2008522538487094,168.7663551401869,9,0
15040.0,7.49,1,1,7.49,2010-06-16 11:40:00,2010-06-16 11:40:00,0,1.0,1.0,7.49,1.0,541,1
15041.0,294.02,2,197,2.7478504672897195,2010-09-21 13:16:00,2011-06-22 16:16:00,274,9.133333333333333,0.218978102189781,1.49248730964467,98.5,169,1
15042.0,315.45,2,238,35.05,2010-04-23 14:01:00,2011-05-24 16:25:00,396,13.2,0.1515151515151515,1.3254201680672268,119.0,198,1
15043.0,2873.8,6,1031,55.26538461538462,2010-06-24 15:50:00,2011-11-08 14:26:00,501,16.7,0.3592814371257485,2.787390882638216,171.83333333333334,30,0
15044.0,15841.53,47,5259,16.979131832797428,2009-12-16 15:13:00,2011-11-20 13:20:00,703,23.433333333333334,2.0056899004267423,3.0122703936109527,111.8936170212766,18,0
15045.0,633.66,3,106,48.74307692307692,2011-03-27 11:44:00,2011-07-11 11:33:00,105,3.5,0.8571428571428571,5.977924528301887,35.333333333333336,151,1
15046.0,7583.38,28,4530,18.496048780487804,2010-01-14 14:29:00,2011-11-30 15:50:00,685,22.83333333333333,1.2262773722627738,1.6740353200883002,161.78571428571428,8,0
15047.0,343.62,1,222,15.61909090909091,2011-03-15 10:49:00,2011-03-15 10:49:00,0,1.0,1.0,1.547837837837838,222.0,269,1
15048.0,479.27,5,215,3.960909090909091,2010-12-06 12:15:00,2011-10-05 14:55:00,303,10.1,0.495049504950495,2.2291627906976745,43.0,64,0
15049.0,121.17000000000002,1,63,40.39000000000001,2011-03-11 12:13:00,2011-03-11 12:13:00,0,1.0,1.0,1.9233333333333336,63.0,273,1
15050.0,4138.87,7,2588,26.19537974683544,2010-08-16 12:00:00,2011-11-14 16:17:00,455,15.166666666666666,0.4615384615384615,1.599254250386399,369.7142857142857,24,0
15051.0,3920.16,10,3041,13.471340206185566,2009-12-01 13:29:00,2011-11-16 15:38:00,715,23.83333333333333,0.4195804195804196,1.2891022689904637,304.1,22,0
15052.0,215.78,1,82,7.192666666666667,2011-01-24 15:52:00,2011-01-24 15:52:00,0,1.0,1.0,2.6314634146341462,82.0,318,1
15053.0,697.79,3,986,9.828028169014084,2011-03-03 12:06:00,2011-12-05 12:08:00,277,9.233333333333333,0.3249097472924188,0.7076977687626774,328.6666666666667,4,0
15054.0,302.1,2,198,2.6500000000000004,2011-10-30 14:33:00,2011-11-27 15:02:00,28,0.9333333333333332,2.142857142857143,1.525757575757576,99.0,11,0
15055.0,560.07,3,230,6.589058823529412,2009-12-16 15:48:00,2010-08-22 11:06:00,248,8.266666666666667,0.3629032258064515,2.4350869565217392,76.66666666666667,474,1
15056.0,133.45,1,81,19.064285714285717,2010-07-07 15:58:00,2010-07-07 15:58:00,0,1.0,1.0,1.6475308641975308,81.0,519,1
15057.0,3184.56,6,1382,44.85295774647887,2009-12-05 15:27:00,2011-03-09 15:17:00,458,15.266666666666667,0.3930131004366812,2.304312590448625,230.33333333333331,274,1
15058.0,3377.18,17,1657,9.433463687150835,2010-02-24 14:07:00,2011-11-14 14:57:00,628,20.933333333333334,0.8121019108280255,2.0381291490645745,97.47058823529412,24,0
15059.0,3427.62,27,1598,5.684278606965174,2009-12-06 10:57:00,2011-10-30 11:35:00,693,23.1,1.1688311688311688,2.1449436795994994,59.18518518518518,40,0
15060.0,303.09,4,263,2.504876033057851,2011-11-30 14:03:00,2011-12-01 13:47:00,0,1.0,4.0,1.1524334600760455,65.75,7,0
15061.0,136391.48,138,79985,136.6648096192385,2009-12-01 12:18:00,2011-12-06 12:06:00,734,24.466666666666665,5.64032697547684,1.7052132274801526,579.6014492753624,3,0
15062.0,2585.62,8,1872,16.26176100628931,2010-04-08 15:41:00,2011-09-29 16:51:00,539,17.966666666666665,0.4452690166975881,1.3812072649572649,234.0,70,0
15063.0,370.8,1,56,74.16,2011-05-10 13:25:00,2011-05-10 13:25:00,0,1.0,1.0,6.621428571428571,56.0,212,1
15064.0,1254.41,4,810,15.486543209876544,2009-12-22 16:17:00,2010-10-25 14:32:00,306,10.2,0.3921568627450981,1.5486543209876544,202.5,409,1
15065.0,3304.71,7,1418,19.55449704142012,2010-10-25 09:13:00,2011-11-02 09:45:00,373,12.433333333333334,0.5630026809651475,2.330543018335684,202.57142857142856,37,0
15066.0,760.59,2,279,14.350754716981132,2011-10-17 13:25:00,2011-11-08 09:56:00,21,0.7,2.857142857142857,2.7261290322580645,139.5,31,0
15067.0,3865.13,6,2162,21.59290502793296,2010-04-11 15:54:00,2011-09-22 13:20:00,528,17.6,0.3409090909090909,1.7877567067530065,360.3333333333333,77,0
15068.0,1176.85,4,835,5.325113122171945,2010-03-28 13:18:00,2011-10-24 14:47:00,575,19.166666666666668,0.208695652173913,1.4094011976047902,208.75,45,0
15069.0,1109.53,1,520,15.850428571428573,2011-06-13 14:16:00,2011-06-13 14:16:00,0,1.0,1.0,2.1337115384615384,520.0,178,1
15070.0,843.25,3,383,24.801470588235293,2009-12-15 13:49:00,2010-12-02 11:23:00,351,11.7,0.2564102564102564,2.201697127937337,127.66666666666669,372,1
15071.0,1455.56,4,416,26.954814814814814,2010-05-18 12:45:00,2011-09-07 11:43:00,476,15.866666666666667,0.2521008403361344,3.498942307692308,104.0,93,1
15072.0,187.52,1,164,14.424615384615382,2010-08-17 15:46:00,2010-08-17 15:46:00,0,1.0,1.0,1.1434146341463414,164.0,478,1
15073.0,2357.04,9,1196,13.022320441988953,2010-01-27 08:48:00,2011-11-30 10:44:00,672,22.4,0.4017857142857143,1.9707692307692308,132.88888888888889,9,0
15074.0,1566.33,3,1063,21.45657534246575,2010-08-29 11:47:00,2011-08-26 14:45:00,362,12.066666666666666,0.2486187845303867,1.4734995296331137,354.3333333333333,104,1
15075.0,773.03,1,447,28.63074074074074,2011-09-23 12:27:00,2011-09-23 12:27:00,0,1.0,1.0,1.729373601789709,447.0,77,0
15076.0,1425.84,5,864,17.388292682926828,2010-07-05 14:11:00,2011-06-20 08:23:00,349,11.633333333333333,0.4297994269340974,1.6502777777777775,172.8,172,1
15077.0,2423.88,4,526,71.29058823529412,2009-12-09 17:10:00,2010-09-09 18:20:00,274,9.133333333333333,0.437956204379562,4.608136882129278,131.5,455,1
15078.0,17576.52,64,8906,21.645960591133004,2009-12-04 12:03:00,2011-12-02 15:41:00,728,24.266666666666666,2.6373626373626373,1.9735593981585449,139.15625,6,0
15079.0,3686.75,17,1484,23.939935064935064,2009-12-08 11:22:00,2011-05-11 12:45:00,519,17.3,0.9826589595375722,2.484332884097035,87.29411764705883,212,1
15080.0,546.25,2,287,17.620967741935484,2010-07-26 10:03:00,2010-10-08 11:52:00,74,2.466666666666667,0.8108108108108107,1.9033101045296168,143.5,427,1
15081.0,1948.27,13,804,17.55198198198198,2010-06-22 10:25:00,2011-11-17 17:08:00,513,17.1,0.7602339181286549,2.423221393034826,61.84615384615385,21,0
15082.0,93.35,1,43,15.558333333333335,2010-02-09 10:23:00,2010-02-09 10:23:00,0,1.0,1.0,2.17093023255814,43.0,668,1
15083.0,88.19999999999999,1,38,17.639999999999997,2011-03-28 12:18:00,2011-03-28 12:18:00,0,1.0,1.0,2.3210526315789477,38.0,256,1
15084.0,965.2,2,600,31.13548387096774,2010-03-04 10:45:00,2010-11-25 11:58:00,266,8.866666666666667,0.225563909774436,1.6086666666666665,300.0,379,1
15085.0,347.54,1,169,38.61555555555556,2009-12-10 11:47:00,2009-12-10 11:47:00,0,1.0,1.0,2.056449704142012,169.0,729,1
15086.0,218.53000000000003,2,95,19.86636363636364,2010-03-24 13:56:00,2010-05-24 12:27:00,60,2.0,1.0,2.3003157894736845,47.5,564,1
15087.0,306.94,1,470,20.462666666666667,2011-03-03 10:34:00,2011-03-03 10:34:00,0,1.0,1.0,0.653063829787234,470.0,281,1
15088.0,1140.27,3,457,19.0045,2011-10-03 14:05:00,2011-11-18 13:14:00,45,1.5,2.0,2.495120350109409,152.33333333333334,20,0
15089.0,2420.84,6,1359,16.69544827586207,2011-08-03 14:14:00,2011-11-29 16:31:00,118,3.933333333333333,1.5254237288135597,1.781339220014717,226.5,9,0
15090.0,381.32,1,208,16.57913043478261,2011-02-04 14:03:00,2011-02-04 14:03:00,0,1.0,1.0,1.8332692307692309,208.0,307,1
15091.0,1023.11,6,574,17.051833333333335,2009-12-01 12:18:00,2011-10-17 10:47:00,684,22.8,0.2631578947368421,1.7824216027874564,95.66666666666669,53,0
15092.0,773.16,4,228,16.80782608695652,2010-09-03 12:33:00,2011-05-08 14:10:00,247,8.233333333333333,0.4858299595141701,3.391052631578947,57.0,214,1
15093.0,13657.88,34,11530,39.47364161849711,2009-12-08 12:46:00,2011-11-21 13:09:00,713,23.766666666666666,1.4305750350631137,1.184551604509974,339.11764705882354,17,0
15094.0,83.0,2,28,16.6,2010-03-05 12:56:00,2010-09-02 16:55:00,181,6.033333333333333,0.3314917127071823,2.9642857142857144,14.0,462,1
15095.0,3135.74,11,2231,24.886825396825397,2010-01-21 09:37:00,2011-08-28 12:01:00,584,19.466666666666665,0.565068493150685,1.4055311519497982,202.8181818181818,103,1
15096.0,219.39,1,120,19.94454545454545,2011-10-28 10:27:00,2011-10-28 10:27:00,0,1.0,1.0,1.82825,120.0,42,0
15097.0,587.05,5,298,8.633088235294117,2010-05-05 14:22:00,2011-12-05 14:03:00,578,19.266666666666666,0.2595155709342561,1.96996644295302,59.6,3,0
15098.0,649.5,5,60,129.9,2011-06-10 15:22:00,2011-06-10 15:39:00,0,1.0,5.0,10.825,12.0,181,1
15099.0,410.48,1,343,17.84695652173913,2011-09-16 13:13:00,2011-09-16 13:13:00,0,1.0,1.0,1.1967346938775512,343.0,83,0
15100.0,2319.5,14,278,89.21153846153847,2010-01-07 14:33:00,2011-01-13 17:09:00,371,12.366666666666667,1.1320754716981132,8.343525179856115,19.857142857142858,329,1
15101.0,1303.49,11,655,20.36703125,2010-04-28 15:00:00,2011-12-01 10:18:00,581,19.366666666666667,0.5679862306368331,1.9900610687022904,59.54545454545455,8,0
15102.0,554.67,2,339,20.543333333333333,2010-06-11 10:16:00,2010-06-27 12:16:00,16,0.5333333333333333,3.75,1.6361946902654867,169.5,530,1
15103.0,703.36,2,329,20.096,2011-09-14 13:54:00,2011-11-08 14:53:00,55,1.8333333333333333,1.090909090909091,2.137872340425532,164.5,30,0
15104.0,1002.54,3,635,14.120281690140844,2011-03-02 14:16:00,2011-06-26 11:35:00,115,3.8333333333333335,0.7826086956521738,1.578803149606299,211.66666666666663,166,1
15105.0,3094.91,9,1747,20.496092715231786,2010-03-23 12:18:00,2011-11-21 16:54:00,608,20.266666666666666,0.4440789473684211,1.7715569547796222,194.11111111111111,17,0
15106.0,1407.73,7,1144,13.80127450980392,2011-03-15 12:52:00,2011-11-22 09:16:00,251,8.366666666666667,0.8366533864541832,1.2305332167832168,163.42857142857142,17,0
15107.0,856.26,12,347,16.155849056603774,2010-09-14 10:47:00,2011-02-01 14:46:00,140,4.666666666666667,2.571428571428571,2.467608069164265,28.916666666666668,310,1
15108.0,1291.75,5,497,21.17622950819672,2011-04-26 10:54:00,2011-07-21 10:24:00,85,2.833333333333333,1.7647058823529411,2.5990945674044266,99.4,141,1
15109.0,961.9,4,254,18.86078431372549,2009-12-04 12:33:00,2011-04-13 09:53:00,494,16.466666666666665,0.242914979757085,3.787007874015748,63.5,240,1
15110.0,1480.0,9,331,25.517241379310345,2010-08-11 15:49:00,2011-11-16 11:16:00,461,15.366666666666667,0.5856832971800434,4.471299093655589,36.77777777777778,23,0
15111.0,2730.87,5,1164,18.08523178807947,2010-04-26 13:12:00,2011-11-10 16:58:00,563,18.766666666666666,0.2664298401420959,2.34610824742268,232.8,28,0
15112.0,209.4,1,72,29.914285714285715,2010-04-07 14:17:00,2010-04-07 14:17:00,0,1.0,1.0,2.908333333333333,72.0,610,1
15113.0,3439.41,4,2362,34.05356435643564,2011-10-16 15:27:00,2011-11-30 08:23:00,44,1.4666666666666666,2.7272727272727275,1.456143099068586,590.5,9,0
15114.0,3400.12,12,3532,14.7191341991342,2010-10-14 16:44:00,2011-11-09 15:05:00,390,13.0,0.9230769230769232,0.962661381653454,294.3333333333333,29,0
15115.0,528.1,3,244,14.669444444444444,2009-12-07 11:20:00,2011-11-21 14:59:00,714,23.8,0.1260504201680672,2.164344262295082,81.33333333333333,17,0
15116.0,1352.75,4,648,30.06111111111111,2011-05-19 08:50:00,2011-11-22 12:25:00,187,6.233333333333333,0.6417112299465241,2.087577160493827,162.0,17,0
15117.0,2484.32,9,3092,18.82060606060606,2010-03-15 13:39:00,2011-11-25 08:12:00,619,20.633333333333333,0.4361873990306947,0.8034670116429496,343.55555555555554,14,0
15118.0,244.8,1,1440,244.8,2011-07-28 14:54:00,2011-07-28 14:54:00,0,1.0,1.0,0.17,1440.0,133,1
15119.0,266.4,1,88,19.02857142857143,2011-04-08 09:08:00,2011-04-08 09:08:00,0,1.0,1.0,3.027272727272727,88.0,245,1
15120.0,343.82,2,292,15.628181818181815,2011-07-29 09:48:00,2011-08-02 10:05:00,4,0.1333333333333333,15.0,1.1774657534246575,146.0,129,1
15121.0,457.72,2,199,16.347142857142856,2011-02-24 12:41:00,2011-10-20 14:51:00,238,7.933333333333334,0.2521008403361344,2.3001005025125627,99.5,49,0
15122.0,4461.42,16,2019,18.904322033898307,2010-03-30 14:05:00,2011-09-15 16:27:00,534,17.8,0.898876404494382,2.2097176820208024,126.1875,84,0
15123.0,4656.17,5,2524,25.443551912568307,2010-03-16 09:49:00,2011-12-02 13:12:00,626,20.866666666666667,0.2396166134185303,1.844758320126783,504.8,6,0
15124.0,450.82,4,462,14.54258064516129,2010-02-26 10:49:00,2011-11-17 10:09:00,628,20.933333333333334,0.1910828025477706,0.9758008658008658,115.5,22,0
15125.0,16124.33,36,8135,61.77904214559387,2010-03-31 13:29:00,2011-11-14 13:57:00,593,19.766666666666666,1.821247892074199,1.9820934234787952,225.97222222222223,24,0
15126.0,449.49,2,273,17.9796,2010-01-21 17:09:00,2010-06-21 12:31:00,150,5.0,0.4,1.6464835164835163,136.5,536,1
15127.0,711.5,2,464,25.410714285714285,2010-07-08 10:07:00,2011-10-05 10:30:00,454,15.133333333333333,0.13215859030837,1.5334051724137931,232.0,65,0
15128.0,1732.22,9,1566,13.122878787878788,2010-10-05 16:46:00,2011-10-10 13:54:00,369,12.3,0.7317073170731707,1.1061430395913154,174.0,59,0
15129.0,6860.18,23,4002,33.14096618357488,2010-04-08 17:15:00,2011-10-20 14:40:00,559,18.633333333333333,1.2343470483005368,1.714187906046977,174.0,49,0
15130.0,330.11,1,197,15.005,2011-06-23 10:15:00,2011-06-23 10:15:00,0,1.0,1.0,1.6756852791878174,197.0,169,1
15131.0,80.28,1,88,11.468571428571428,2010-11-10 12:07:00,2010-11-10 12:07:00,0,1.0,1.0,0.9122727272727272,88.0,394,1
15132.0,977.93,5,679,18.80634615384616,2011-03-22 12:02:00,2011-11-21 17:10:00,244,8.133333333333333,0.6147540983606558,1.4402503681885126,135.8,17,0
15133.0,1806.9,5,960,36.87551020408164,2010-07-07 12:31:00,2011-08-04 10:44:00,392,13.066666666666666,0.3826530612244898,1.8821875,192.0,127,1
15134.0,1596.29,10,1057,18.779882352941176,2010-10-13 12:44:00,2011-11-25 08:55:00,407,13.566666666666666,0.7371007371007371,1.5102081362346262,105.7,14,0
15135.0,293.78,3,82,13.989523809523808,2010-06-01 13:33:00,2011-04-20 15:58:00,323,10.766666666666667,0.2786377708978328,3.582682926829268,27.33333333333333,232,1
15136.0,1282.45,5,775,18.586231884057973,2011-09-04 16:05:00,2011-12-07 12:26:00,93,3.1,1.6129032258064515,1.654774193548387,155.0,2,0
15137.0,747.55,5,507,18.68875,2009-12-08 18:47:00,2010-07-07 09:41:00,210,7.0,0.7142857142857143,1.4744575936883628,101.4,520,1
15138.0,486.59,2,278,14.745151515151516,2010-11-11 09:16:00,2010-11-19 14:28:00,8,0.2666666666666666,7.5,1.7503237410071943,139.0,384,1
15139.0,178.96,2,208,13.766153846153848,2011-01-07 12:44:00,2011-04-14 11:39:00,96,3.2,0.625,0.8603846153846154,104.0,239,1
15140.0,3239.44,9,2005,28.667610619469027,2010-09-23 13:07:00,2011-10-18 14:07:00,390,13.0,0.6923076923076923,1.6156807980049877,222.77777777777777,51,0
15141.0,1378.31,9,1184,16.606144578313252,2010-03-28 15:58:00,2010-09-08 11:33:00,163,5.433333333333334,1.656441717791411,1.1641131756756755,131.55555555555554,457,1
15142.0,2608.97,7,2154,18.24454545454545,2010-07-27 09:05:00,2011-10-24 12:51:00,454,15.133333333333333,0.4625550660792952,1.2112209842154131,307.7142857142857,45,0
15143.0,563.63,2,320,18.181612903225805,2010-10-03 13:58:00,2011-04-28 12:03:00,206,6.866666666666666,0.2912621359223301,1.76134375,160.0,225,1
15144.0,12006.51,33,5205,34.012776203966006,2009-12-13 11:35:00,2011-12-01 15:12:00,718,23.933333333333334,1.3788300835654597,2.3067262247838616,157.72727272727272,7,0
15145.0,1194.73,4,756,17.83179104477612,2011-04-05 15:20:00,2011-12-05 17:21:00,244,8.133333333333333,0.4918032786885246,1.5803306878306878,189.0,3,0
15146.0,1313.66,3,1459,13.828,2011-02-21 13:07:00,2011-06-28 12:09:00,126,4.2,0.7142857142857143,0.9003838245373544,486.3333333333333,164,1
15147.0,608.65,2,363,20.98793103448276,2011-04-13 15:57:00,2011-05-05 11:20:00,21,0.7,2.857142857142857,1.6767217630853994,181.5,218,1
15148.0,301.29,1,187,15.0645,2011-11-29 08:21:00,2011-11-29 08:21:00,0,1.0,1.0,1.6111764705882354,187.0,10,0
15149.0,1554.61,5,380,22.530579710144927,2010-02-28 11:13:00,2011-07-29 10:58:00,515,17.166666666666668,0.2912621359223301,4.091078947368421,76.0,133,1
15150.0,8990.58,14,6158,15.608645833333334,2010-06-14 12:01:00,2011-11-22 12:52:00,526,17.533333333333335,0.7984790874524714,1.459983760961351,439.8571428571428,16,0
15151.0,2085.61,2,795,36.58964912280702,2010-07-18 12:19:00,2010-10-12 16:37:00,86,2.8666666666666667,0.6976744186046512,2.623408805031447,397.5,422,1
15152.0,5197.97,18,2983,16.876525974025974,2010-01-07 15:15:00,2011-11-30 12:32:00,691,23.03333333333333,0.7814761215629522,1.7425310090512909,165.72222222222223,9,0
15153.0,329.25,1,198,14.965909090909092,2011-11-08 17:09:00,2011-11-08 17:09:00,0,1.0,1.0,1.6628787878787878,198.0,30,0
15154.0,1332.26,4,342,6.832102564102564,2010-08-18 17:41:00,2011-09-26 16:43:00,403,13.433333333333334,0.2977667493796526,3.895497076023392,85.5,73,0
15155.0,383.97,1,192,15.99875,2010-11-21 12:59:00,2010-11-21 12:59:00,0,1.0,1.0,1.99984375,192.0,382,1
15156.0,961.49,3,597,17.481636363636365,2011-11-06 12:41:00,2011-12-08 18:22:00,32,1.0666666666666669,2.8125,1.610536013400335,199.0,0,0
15157.0,2587.54,7,3316,16.172125,2009-12-10 14:44:00,2011-12-06 11:28:00,725,24.166666666666668,0.289655172413793,0.7803196622436671,473.7142857142857,3,0
15158.0,437.66,3,210,33.66615384615385,2010-11-03 13:46:00,2011-10-25 13:53:00,356,11.866666666666667,0.2528089887640449,2.084095238095238,70.0,44,0
15159.0,22049.4,38,13465,26.889512195121952,2010-10-04 09:31:00,2011-12-08 12:05:00,430,14.333333333333334,2.6511627906976742,1.6375343483104343,354.3421052631579,1,0
15160.0,589.27,4,307,25.62043478260869,2010-10-14 15:26:00,2010-12-17 14:15:00,63,2.1,1.9047619047619049,1.9194462540716613,76.75,356,1
15161.0,119.92,1,144,3.633939393939394,2010-11-16 16:08:00,2010-11-16 16:08:00,0,1.0,1.0,0.8327777777777778,144.0,387,1
15162.0,241.5,2,66,15.09375,2009-12-08 13:14:00,2009-12-11 11:31:00,2,0.0666666666666666,30.0,3.659090909090909,33.0,728,1
15163.0,304.47,2,186,10.49896551724138,2011-05-31 15:22:00,2011-11-21 13:10:00,173,5.766666666666667,0.3468208092485549,1.636935483870968,93.0,17,0
15164.0,2052.02,10,929,5.652947658402204,2010-01-18 13:34:00,2011-10-02 12:05:00,621,20.7,0.4830917874396135,2.208848223896663,92.9,68,0
15165.0,975.5,1,320,18.064814814814813,2010-12-01 14:03:00,2010-12-01 14:03:00,0,1.0,1.0,3.0484375,320.0,372,1
15166.0,167.16,1,140,13.93,2010-08-29 12:31:00,2010-08-29 12:31:00,0,1.0,1.0,1.194,140.0,467,1
15167.0,1659.67,5,872,5.302460063897764,2010-02-04 14:13:00,2011-01-23 12:41:00,352,11.733333333333333,0.4261363636363636,1.9032912844036696,174.4,320,1
15168.0,106.56,1,52,21.312,2011-11-14 11:26:00,2011-11-14 11:26:00,0,1.0,1.0,2.0492307692307694,52.0,25,0
15169.0,569.22,2,356,9.647796610169491,2009-12-13 11:16:00,2010-11-22 13:04:00,344,11.466666666666669,0.1744186046511628,1.598932584269663,178.0,381,1
15170.0,81.15,1,33,20.2875,2010-10-29 10:34:00,2010-10-29 10:34:00,0,1.0,1.0,2.459090909090909,33.0,406,1
15171.0,1034.5,2,190,147.78571428571428,2011-01-12 15:36:00,2011-01-19 12:39:00,6,0.2,10.0,5.444736842105264,95.0,324,1
15172.0,1624.05,5,1611,14.764090909090909,2011-04-17 11:56:00,2011-12-01 11:51:00,227,7.566666666666666,0.6607929515418502,1.0081005586592178,322.2,8,0
15173.0,1399.26,8,828,15.900681818181818,2010-04-01 12:26:00,2010-11-24 10:21:00,236,7.866666666666666,1.0169491525423728,1.689927536231884,103.5,380,1
15174.0,481.46,2,382,14.16058823529412,2010-10-25 09:40:00,2011-01-21 09:06:00,87,2.9,0.6896551724137931,1.260366492146597,191.0,322,1
15175.0,224.14,1,454,9.745217391304347,2011-09-29 11:31:00,2011-09-29 11:31:00,0,1.0,1.0,0.4937004405286343,454.0,71,0
15176.0,985.09,2,447,18.586603773584905,2010-02-10 10:36:00,2010-04-22 11:40:00,71,2.3666666666666667,0.8450704225352113,2.2037807606263984,223.5,596,1
15177.0,948.93,1,485,36.49730769230769,2010-10-10 12:48:00,2010-10-10 12:48:00,0,1.0,1.0,1.956556701030928,485.0,425,1
15178.0,40.5,1,30,13.5,2011-03-24 15:12:00,2011-03-24 15:12:00,0,1.0,1.0,1.35,30.0,259,1
15179.0,7426.82,17,5363,23.064658385093168,2009-12-03 12:27:00,2011-11-21 12:53:00,718,23.933333333333334,0.7103064066852368,1.3848256572813724,315.47058823529414,17,0
15180.0,904.43,3,690,15.593620689655172,2010-04-29 15:27:00,2010-12-07 14:57:00,221,7.366666666666666,0.4072398190045249,1.310768115942029,230.0,366,1
15181.0,948.45,8,637,39.51875,2009-12-08 19:02:00,2011-10-04 13:58:00,664,22.133333333333333,0.3614457831325301,1.4889324960753532,79.625,65,0
15182.0,2942.752,14,1174,22.99025,2010-01-29 14:48:00,2011-07-08 13:37:00,524,17.466666666666665,0.801526717557252,2.506603066439523,83.85714285714286,153,1
15183.0,637.03,4,295,16.33410256410256,2010-05-04 11:31:00,2010-06-10 10:43:00,36,1.2,3.333333333333333,2.159423728813559,73.75,547,1
15184.0,689.95,4,486,8.117058823529412,2009-12-16 12:06:00,2011-11-10 13:41:00,694,23.133333333333333,0.1729106628242075,1.419650205761317,121.5,28,0
15185.0,310.62,1,666,14.791428571428572,2011-09-30 14:06:00,2011-09-30 14:06:00,0,1.0,1.0,0.4663963963963964,666.0,69,0
15186.0,1403.2,5,716,26.984615384615385,2010-01-12 10:14:00,2011-11-25 14:58:00,682,22.73333333333333,0.219941348973607,1.9597765363128488,143.2,13,0
15187.0,4670.08,18,1869,50.21591397849463,2011-05-11 13:49:00,2011-12-08 11:56:00,210,7.0,2.571428571428572,2.4987051899411448,103.83333333333331,1,0
15188.0,310.43,1,233,13.496956521739133,2009-12-14 13:30:00,2009-12-14 13:30:00,0,1.0,1.0,1.3323175965665237,233.0,724,1
15189.0,17101.13,58,6788,65.52157088122605,2010-07-18 13:37:00,2011-12-08 13:22:00,507,16.9,3.4319526627218937,2.519317913965822,117.03448275862068,0,0
15190.0,834.4399999999999,1,790,20.861,2010-10-01 13:09:00,2010-10-01 13:09:00,0,1.0,1.0,1.056253164556962,790.0,433,1
15191.0,588.05,3,287,16.80142857142857,2010-01-20 12:35:00,2010-09-02 15:37:00,225,7.5,0.4,2.048954703832752,95.66666666666669,462,1
15192.0,1981.39,5,1644,18.69235849056604,2010-01-29 10:13:00,2011-08-12 11:41:00,560,18.666666666666668,0.2678571428571428,1.2052250608272506,328.8,119,1
15193.0,499.32,1,144,26.28,2011-10-10 08:23:00,2011-10-10 08:23:00,0,1.0,1.0,3.4675,144.0,60,0
15194.0,12187.68,39,9080,23.483005780346826,2009-12-03 10:37:00,2011-12-06 15:10:00,733,24.433333333333334,1.5961800818553888,1.3422555066079296,232.8205128205128,2,0
15195.0,3861.0,1,1404,3861.0,2011-12-07 12:20:00,2011-12-07 12:20:00,0,1.0,1.0,2.75,1404.0,2,0
15196.0,316.25,2,131,7.354651162790698,2009-12-13 11:14:00,2010-10-03 10:50:00,293,9.766666666666667,0.204778156996587,2.41412213740458,65.5,432,1
15197.0,1427.84,10,1037,21.633939393939396,2009-12-11 12:56:00,2011-12-01 08:14:00,719,23.966666666666665,0.4172461752433936,1.3768948891031825,103.7,8,0
15198.0,559.45,6,325,17.4828125,2010-01-19 10:01:00,2011-09-08 14:42:00,597,19.9,0.3015075376884422,1.7213846153846155,54.16666666666666,91,1
15199.0,3122.4,10,894,61.22352941176471,2010-05-13 10:14:00,2011-10-11 15:12:00,516,17.2,0.5813953488372093,3.4926174496644298,89.4,58,0
15200.0,549.05,1,195,18.301666666666662,2010-08-02 09:38:00,2010-08-02 09:38:00,0,1.0,1.0,2.8156410256410256,195.0,494,1
15201.0,1525.9,14,1409,11.648091603053436,2010-04-07 14:50:00,2011-09-22 09:53:00,532,17.733333333333334,0.7894736842105263,1.0829666430092264,100.64285714285714,78,0
15202.0,-2570.1800000000003,8,-2,-321.27250000000004,2010-10-13 12:55:00,2010-10-15 13:09:00,2,0.0666666666666666,120.0,1285.09,-0.25,419,1
15203.0,4400.18,15,4182,12.828513119533527,2009-12-08 18:06:00,2011-11-14 08:16:00,705,23.5,0.6382978723404256,1.0521712099473937,278.8,25,0
15204.0,316.58,1,258,35.175555555555555,2010-12-17 13:49:00,2010-12-17 13:49:00,0,1.0,1.0,1.2270542635658914,258.0,356,1
15205.0,648.83,3,377,17.074473684210528,2011-08-04 16:07:00,2011-09-15 19:36:00,42,1.4,2.142857142857143,1.7210344827586208,125.66666666666669,84,0
15206.0,420.3,4,162,46.7,2011-03-09 08:59:00,2011-11-29 13:41:00,265,8.833333333333334,0.4528301886792452,2.594444444444444,40.5,9,0
15207.0,653.77,5,398,24.213703703703704,2010-06-10 17:29:00,2010-10-26 11:11:00,137,4.566666666666666,1.094890510948905,1.6426381909547738,79.6,409,1
15208.0,968.02,7,354,19.75551020408163,2010-10-12 12:17:00,2011-12-08 17:24:00,422,14.066666666666666,0.4976303317535545,2.734519774011299,50.57142857142857,0,0
15209.0,178.98,1,94,13.767692307692307,2009-12-09 17:26:00,2009-12-09 17:26:00,0,1.0,1.0,1.9040425531914893,94.0,729,1
15210.0,1176.19,3,841,17.55507462686567,2010-05-13 14:42:00,2011-04-28 16:11:00,350,11.666666666666666,0.2571428571428572,1.3985612366230675,280.3333333333333,224,1
15211.0,1277.48,2,357,17.033066666666667,2010-12-09 16:08:00,2011-10-10 13:31:00,304,10.133333333333333,0.1973684210526315,3.578375350140056,178.5,59,0
15212.0,195.43,3,81,16.285833333333333,2010-11-28 10:45:00,2011-04-14 13:12:00,137,4.566666666666666,0.6569343065693432,2.412716049382716,27.0,238,1
15213.0,325.05,3,270,13.002,2011-01-14 11:05:00,2011-01-25 12:25:00,11,0.3666666666666666,8.181818181818182,1.203888888888889,90.0,318,1
15214.0,1661.44,8,1254,15.104,2011-04-11 09:46:00,2011-12-08 12:07:00,241,8.033333333333333,0.995850622406639,1.3249122807017544,156.75,1,0
15215.0,1496.46,11,470,9.411698113207548,2010-04-06 11:21:00,2011-10-26 12:28:00,568,18.933333333333334,0.5809859154929577,3.1839574468085106,42.72727272727273,44,0
15216.0,486.09,2,217,20.25375,2010-03-31 09:52:00,2011-09-13 11:41:00,531,17.7,0.1129943502824858,2.2400460829493087,108.5,87,0
15217.0,426.24,1,190,15.222857142857142,2010-05-25 13:51:00,2010-05-25 13:51:00,0,1.0,1.0,2.243368421052632,190.0,562,1
15218.0,11456.0,25,6520,27.941463414634143,2010-01-26 10:47:00,2011-11-29 11:48:00,672,22.4,1.1160714285714286,1.7570552147239265,260.8,10,0
15219.0,685.45,2,271,26.36346153846154,2010-03-01 11:33:00,2011-06-16 16:57:00,472,15.733333333333333,0.1271186440677966,2.5293357933579337,135.5,175,1
15220.0,1758.92,7,1377,14.780840336134457,2011-03-04 10:24:00,2011-10-19 12:39:00,229,7.633333333333334,0.9170305676855894,1.2773565722585332,196.7142857142857,51,0
15221.0,1816.1,7,239,36.322,2010-03-12 10:40:00,2010-12-08 13:08:00,271,9.033333333333331,0.7749077490774908,7.598744769874478,34.142857142857146,365,1
15222.0,3415.66,17,4141,21.75579617834395,2009-12-16 13:49:00,2011-01-25 08:03:00,404,13.466666666666669,1.2623762376237624,0.8248394107703453,243.58823529411765,318,1
15223.0,1117.1,6,270,24.28478260869565,2009-12-05 11:19:00,2011-04-28 11:31:00,509,16.966666666666665,0.3536345776031434,4.137407407407407,45.0,225,1
15224.0,837.26,8,423,20.9315,2010-01-15 16:14:00,2010-12-16 15:02:00,334,11.133333333333333,0.718562874251497,1.979338061465721,52.875,357,1
15225.0,409.4,1,226,17.8,2011-04-19 14:51:00,2011-04-19 14:51:00,0,1.0,1.0,1.8115044247787613,226.0,233,1
15226.0,154.41,1,71,19.30125,2011-02-02 11:41:00,2011-02-02 11:41:00,0,1.0,1.0,2.174788732394366,71.0,310,1
15227.0,2488.49,9,1217,20.737416666666668,2010-03-16 08:23:00,2011-11-03 11:59:00,597,19.9,0.4522613065326633,2.044774034511093,135.22222222222223,36,0
15228.0,5570.52,7,3372,23.704340425531917,2010-07-28 10:21:00,2011-10-04 13:56:00,433,14.433333333333334,0.4849884526558891,1.6519928825622774,481.7142857142857,65,0
15229.0,160.5,1,114,17.833333333333332,2010-05-02 13:50:00,2010-05-02 13:50:00,0,1.0,1.0,1.4078947368421053,114.0,585,1
15230.0,429.6,2,351,18.678260869565214,2011-04-13 11:04:00,2011-04-14 14:39:00,1,0.0333333333333333,60.0,1.223931623931624,175.5,238,1
15231.0,228.36,2,182,13.432941176470589,2010-03-28 15:12:00,2010-04-22 18:12:00,25,0.8333333333333334,2.4,1.2547252747252746,91.0,595,1
15232.0,612.06,2,686,19.74387096774193,2011-07-22 12:21:00,2011-08-18 16:27:00,27,0.9,2.2222222222222223,0.8922157434402331,343.0,112,1
15233.0,59.400000000000006,1,12,59.400000000000006,2010-11-03 13:36:00,2010-11-03 13:36:00,0,1.0,1.0,4.95,12.0,400,1
15234.0,197.0,1,196,14.071428571428571,2011-03-08 08:53:00,2011-03-08 08:53:00,0,1.0,1.0,1.0051020408163265,196.0,276,1
15235.0,2937.81,16,1735,15.710213903743314,2010-11-16 12:48:00,2011-05-06 09:44:00,170,5.666666666666667,2.8235294117647056,1.6932622478386168,108.4375,217,1
15236.0,321.05,1,269,21.40333333333333,2011-02-14 10:52:00,2011-02-14 10:52:00,0,1.0,1.0,1.1934944237918217,269.0,298,1
15237.0,1412.32,4,1071,14.265858585858584,2011-04-26 15:04:00,2011-12-08 09:46:00,225,7.5,0.5333333333333333,1.3186928104575162,267.75,1,0
15238.0,1056.54,5,689,20.318076923076923,2011-06-08 16:00:00,2011-11-10 14:28:00,154,5.133333333333334,0.974025974025974,1.5334397677793905,137.8,28,0
15239.0,764.34,3,591,14.698846153846157,2011-09-22 09:53:00,2011-11-29 14:14:00,68,2.2666666666666666,1.3235294117647058,1.2932994923857868,197.0,9,0
15240.0,4315.0,20,3152,17.612244897959183,2009-12-05 14:57:00,2011-10-26 09:50:00,689,22.966666666666665,0.8708272859216256,1.3689720812182742,157.6,44,0
15241.0,3032.31,12,3325,16.390864864864863,2010-02-23 13:59:00,2011-10-04 09:05:00,587,19.566666666666663,0.6132879045996593,0.9119729323308272,277.0833333333333,66,0
15242.0,302.04,1,196,75.51,2010-10-13 15:33:00,2010-10-13 15:33:00,0,1.0,1.0,1.5410204081632657,196.0,421,1
15243.0,927.28,2,543,15.201311475409836,2010-09-30 17:28:00,2011-09-26 14:12:00,360,12.0,0.1666666666666666,1.7076979742173113,271.5,73,0
15244.0,850.1800000000001,4,470,17.003600000000002,2010-02-11 14:48:00,2011-10-05 13:19:00,600,20.0,0.2,1.8088936170212768,117.5,64,0
15245.0,4610.84,8,3021,31.154324324324325,2010-04-23 14:23:00,2011-07-28 18:56:00,461,15.366666666666667,0.5206073752711496,1.526262826878517,377.625,133,1
15246.0,780.4,3,359,15.301960784313724,2010-06-02 11:28:00,2011-04-15 14:45:00,317,10.566666666666666,0.2839116719242902,2.173816155988858,119.66666666666669,237,1
15247.0,967.11,4,513,53.72833333333333,2010-06-20 14:08:00,2011-08-09 12:52:00,414,13.8,0.2898550724637681,1.885204678362573,128.25,121,1
15248.0,1865.03,4,1057,16.80207207207207,2010-06-23 14:34:00,2010-10-24 13:09:00,122,4.066666666666666,0.9836065573770492,1.7644560075685902,264.25,410,1
15249.0,9147.15,21,4947,17.79601167315175,2010-03-26 14:51:00,2011-11-08 11:45:00,591,19.7,1.065989847715736,1.8490297149787749,235.57142857142856,31,0
15250.0,60.0,1,48,20.0,2010-03-09 07:35:00,2010-03-09 07:35:00,0,1.0,1.0,1.25,48.0,640,1
15251.0,20095.6,31,11980,81.68943089430894,2010-01-29 12:42:00,2011-11-30 15:02:00,670,22.33333333333333,1.388059701492537,1.6774290484140233,386.4516129032258,8,0
15252.0,2053.06,7,1415,16.967438016528924,2010-04-07 10:24:00,2011-11-03 13:30:00,575,19.166666666666668,0.3652173913043478,1.4509257950530037,202.14285714285717,35,0
15253.0,2033.29,12,1577,16.80404958677686,2010-05-02 11:17:00,2011-11-23 16:22:00,570,19.0,0.631578947368421,1.2893405199746353,131.41666666666666,15,0
15254.0,1073.4,4,710,15.78529411764706,2009-12-01 14:20:00,2011-08-04 15:04:00,611,20.366666666666667,0.1963993453355155,1.511830985915493,177.5,126,1
15255.0,3670.77,11,2207,19.01953367875648,2009-12-03 09:10:00,2011-10-04 12:43:00,670,22.33333333333333,0.4925373134328358,1.6632396918894428,200.63636363636363,66,0
15256.0,170.4,2,92,17.04,2010-05-27 11:41:00,2011-07-14 11:47:00,413,13.766666666666667,0.1452784503631961,1.8521739130434784,46.0,148,1
15257.0,600.9,3,70,46.22307692307693,2010-10-21 14:03:00,2011-03-03 13:57:00,132,4.4,0.6818181818181818,8.584285714285715,23.33333333333333,280,1
15258.0,623.16,2,142,18.328235294117647,2011-05-06 14:16:00,2011-06-24 12:30:00,48,1.6,1.25,4.388450704225352,71.0,168,1
15259.0,1182.38,4,631,20.743508771929825,2010-01-26 09:41:00,2010-07-15 08:47:00,169,5.633333333333334,0.7100591715976331,1.8738193343898573,157.75,512,1
15260.0,9098.38,30,4685,22.52074257425743,2009-12-06 11:45:00,2011-08-31 13:55:00,633,21.1,1.4218009478672984,1.942023479188901,156.16666666666666,99,1
15261.0,1508.0,4,806,16.391304347826086,2010-10-01 11:59:00,2011-07-27 15:20:00,299,9.966666666666669,0.4013377926421405,1.870967741935484,201.5,134,1
15262.0,418.82,3,218,16.108461538461537,2010-08-08 15:55:00,2011-01-20 12:16:00,164,5.466666666666667,0.5487804878048781,1.9211926605504588,72.66666666666667,323,1
15263.0,156.51,1,89,13.0425,2011-08-25 10:26:00,2011-08-25 10:26:00,0,1.0,1.0,1.7585393258426965,89.0,106,1
15264.0,844.2,3,441,14.810526315789474,2010-06-27 13:29:00,2011-10-06 13:49:00,466,15.533333333333331,0.1931330472103004,1.9142857142857144,147.0,63,0
15265.0,3345.64,4,1570,17.334922279792746,2009-12-01 17:08:00,2011-07-11 14:46:00,586,19.53333333333333,0.204778156996587,2.1309808917197453,392.5,150,1
15266.0,841.7,6,235,18.297826086956523,2010-01-07 12:19:00,2011-01-05 13:40:00,363,12.1,0.4958677685950413,3.581702127659575,39.16666666666666,337,1
15267.0,1717.36,5,944,156.12363636363636,2011-06-10 10:24:00,2011-11-17 15:59:00,160,5.333333333333333,0.9375,1.8192372881355927,188.8,21,0
15268.0,941.25,4,422,34.861111111111114,2010-04-13 11:27:00,2010-08-18 10:33:00,126,4.2,0.9523809523809524,2.2304502369668247,105.5,478,1
15269.0,1225.36,3,372,35.010285714285715,2010-11-14 12:58:00,2011-11-16 09:32:00,366,12.2,0.2459016393442623,3.2939784946236563,124.0,23,0
15270.0,7193.99,31,3632,36.51771573604061,2009-12-17 15:02:00,2011-11-24 09:24:00,706,23.53333333333333,1.3172804532577902,1.9807241189427311,117.16129032258064,15,0
15271.0,4639.29,26,2488,7.387404458598726,2010-08-05 14:57:00,2011-12-02 14:11:00,483,16.1,1.6149068322981366,1.8646663987138263,95.6923076923077,6,0
15272.0,2085.48,6,687,6.793094462540717,2010-02-14 13:39:00,2011-10-13 12:59:00,605,20.166666666666668,0.2975206611570248,3.035633187772926,114.5,56,0
15273.0,228.96,1,216,228.96,2010-04-19 11:31:00,2010-04-19 11:31:00,0,1.0,1.0,1.06,216.0,599,1
15274.0,716.57,2,619,15.24617021276596,2011-11-21 14:17:00,2011-12-05 16:57:00,14,0.4666666666666667,4.285714285714286,1.1576252019386108,309.5,3,0
15275.0,609.19,2,497,14.50452380952381,2011-11-02 11:20:00,2011-11-08 17:54:00,6,0.2,10.0,1.225734406438632,248.5,30,0
15276.0,631.03,5,327,3.2527319587628867,2010-10-01 12:24:00,2011-10-04 16:39:00,368,12.266666666666667,0.4076086956521739,1.929755351681957,65.4,65,0
15277.0,476.34,2,373,18.32076923076923,2010-10-10 16:02:00,2011-10-24 10:08:00,378,12.6,0.1587301587301587,1.2770509383378017,186.5,46,0
15278.0,496.16,4,458,17.10896551724138,2010-02-12 14:53:00,2010-05-27 10:03:00,103,3.433333333333333,1.1650485436893203,1.0833187772925763,114.5,561,1
15279.0,1541.74,7,734,15.573131313131311,2010-02-02 10:15:00,2010-12-20 10:48:00,321,10.7,0.6542056074766356,2.100463215258856,104.85714285714286,354,1
15280.0,406.22,3,513,6.659344262295082,2010-05-17 14:17:00,2011-06-20 17:14:00,399,13.3,0.225563909774436,0.7918518518518518,171.0,171,1
15281.0,8317.62,22,5181,15.289742647058825,2010-10-08 12:14:00,2011-10-12 09:10:00,368,12.266666666666667,1.7934782608695652,1.6054082223508976,235.5,58,0
15282.0,348.59,1,395,12.91074074074074,2010-05-18 16:27:00,2010-05-18 16:27:00,0,1.0,1.0,0.882506329113924,395.0,569,1
15283.0,135.43,4,25,13.543,2010-07-09 15:46:00,2010-11-14 14:54:00,127,4.233333333333333,0.9448818897637796,5.4172,6.25,389,1
15284.0,24.75,1,5,24.75,2010-07-27 13:25:00,2010-07-27 13:25:00,0,1.0,1.0,4.95,5.0,499,1
15285.0,94.92,1,120,15.82,2010-10-28 09:46:00,2010-10-28 09:46:00,0,1.0,1.0,0.791,120.0,407,1
15286.0,240.55,1,55,80.18333333333334,2011-10-21 11:08:00,2011-10-21 11:08:00,0,1.0,1.0,4.373636363636364,55.0,49,0
15287.0,854.58,6,1009,23.09675675675676,2009-12-02 12:13:00,2011-11-17 15:34:00,715,23.83333333333333,0.2517482517482518,0.8469573835480675,168.16666666666666,21,0
15288.0,3883.13,10,1404,21.45375690607735,2010-02-12 15:27:00,2011-10-27 16:58:00,622,20.73333333333333,0.4823151125401929,2.765762108262108,140.4,42,0
15289.0,1570.71,7,1609,15.865757575757575,2010-03-28 11:45:00,2011-11-10 13:49:00,592,19.73333333333333,0.3547297297297297,0.9762026103169672,229.8571428571429,28,0
15290.0,10355.58,30,6496,34.403920265780734,2010-02-24 10:15:00,2011-12-05 11:39:00,649,21.633333333333333,1.386748844375963,1.5941471674876848,216.53333333333333,4,0
15291.0,13451.24,53,4668,50.379176029962544,2009-12-03 11:09:00,2011-11-14 11:02:00,710,23.666666666666668,2.239436619718309,2.881585261353899,88.0754716981132,25,0
15292.0,180.94,1,56,7.2376,2011-05-22 15:00:00,2011-05-22 15:00:00,0,1.0,1.0,3.2310714285714286,56.0,200,1
15293.0,247.5,1,178,13.026315789473683,2010-02-12 11:54:00,2010-02-12 11:54:00,0,1.0,1.0,1.3904494382022472,178.0,665,1
15294.0,222.3,2,95,13.076470588235296,2010-10-25 11:45:00,2010-11-04 17:45:00,10,0.3333333333333333,6.0,2.3400000000000003,47.5,399,1
15295.0,217.24,1,151,4.098867924528301,2010-02-23 13:03:00,2010-02-23 13:03:00,0,1.0,1.0,1.4386754966887416,151.0,653,1
15296.0,10223.93,20,5438,18.69091407678245,2010-01-21 13:48:00,2011-10-26 16:33:00,643,21.433333333333334,0.9331259720062208,1.8800901066568592,271.9,43,0
15297.0,635.04,4,290,15.488780487804878,2011-10-07 09:42:00,2011-11-29 16:32:00,53,1.7666666666666666,2.2641509433962264,2.189793103448276,72.5,9,0
15298.0,8356.03,29,5894,18.44598233995585,2009-12-08 17:04:00,2011-12-07 17:17:00,729,24.3,1.1934156378600822,1.4177180183237192,203.24137931034485,1,0
15299.0,7243.62,15,5443,362.181,2009-12-01 12:11:00,2011-10-03 14:19:00,671,22.366666666666667,0.6706408345752608,1.3308138893992283,362.8666666666667,66,0
15300.0,496.44,1,292,17.73,2011-10-06 17:08:00,2011-10-06 17:08:00,0,1.0,1.0,1.7001369863013698,292.0,63,0
15301.0,7561.21,19,4283,19.690651041666666,2010-09-15 15:41:00,2011-10-20 09:57:00,399,13.3,1.4285714285714286,1.7654004202661686,225.42105263157896,50,0
15302.0,291.05,2,101,18.190625,2009-12-09 13:11:00,2009-12-17 17:39:00,8,0.2666666666666666,7.5,2.881683168316832,50.5,721,1
15303.0,1178.78,4,510,16.602535211267604,2010-01-25 09:42:00,2011-02-22 13:59:00,393,13.1,0.3053435114503817,2.311333333333333,127.5,289,1
15304.0,905.45,11,129,28.2953125,2010-10-14 10:24:00,2011-10-10 10:23:00,360,12.0,0.9166666666666666,7.018992248062016,11.727272727272728,60,0
15305.0,93.6,1,40,18.72,2010-06-02 13:50:00,2010-06-02 13:50:00,0,1.0,1.0,2.34,40.0,554,1
15306.0,3480.98,10,3073,21.35570552147239,2010-02-18 17:12:00,2011-10-06 12:56:00,594,19.8,0.5050505050505051,1.132762772534982,307.3,63,0
15307.0,205.3,1,37,17.108333333333334,2011-09-05 11:38:00,2011-09-05 11:38:00,0,1.0,1.0,5.548648648648649,37.0,95,1
15308.0,302.27,2,173,14.393809523809525,2011-03-10 13:08:00,2011-03-14 12:24:00,3,0.1,20.0,1.7472254335260116,86.5,270,1
15309.0,715.53,10,417,11.73,2009-12-04 13:01:00,2010-04-08 11:11:00,124,4.133333333333334,2.419354838709677,1.7158992805755395,41.7,610,1
15310.0,1634.64,1,1476,36.32533333333333,2010-08-18 11:38:00,2010-08-18 11:38:00,0,1.0,1.0,1.107479674796748,1476.0,478,1
15311.0,113513.07,270,69727,24.06467458130168,2009-12-01 11:21:00,2011-12-09 12:00:00,738,24.6,10.97560975609756,1.6279643466662843,258.2481481481482,0,0
15312.0,2916.49,14,1689,17.675696969696972,2009-12-16 09:23:00,2011-09-25 13:10:00,648,21.6,0.6481481481481481,1.7267554766133808,120.64285714285714,74,0
15313.0,52.0,1,25,52.0,2011-08-21 16:02:00,2011-08-21 16:02:00,0,1.0,1.0,2.08,25.0,109,1
15314.0,800.65,4,738,15.699019607843136,2010-10-07 15:41:00,2011-05-24 14:39:00,228,7.6,0.5263157894736842,1.084891598915989,184.5,198,1
15315.0,551.54,3,838,14.514210526315788,2011-08-15 15:17:00,2011-10-06 12:51:00,51,1.7,1.7647058823529411,0.658162291169451,279.3333333333333,63,0
15316.0,165.0,1,100,165.0,2011-01-17 11:34:00,2011-01-17 11:34:00,0,1.0,1.0,1.65,100.0,326,1
15317.0,112.05,2,39,18.675,2009-12-08 16:43:00,2010-01-31 15:55:00,53,1.7666666666666666,1.1320754716981132,2.8730769230769235,19.5,676,1
15318.0,312.62,1,642,9.473333333333333,2011-12-06 11:30:00,2011-12-06 11:30:00,0,1.0,1.0,0.4869470404984424,642.0,3,0
15319.0,204.5,1,175,12.78125,2011-03-01 12:48:00,2011-03-01 12:48:00,0,1.0,1.0,1.1685714285714286,175.0,283,1
15320.0,267.13,1,326,7.420277777777778,2011-10-26 13:27:00,2011-10-26 13:27:00,0,1.0,1.0,0.8194171779141104,326.0,43,0
15321.0,6560.650000000001,18,3614,19.94118541033435,2009-12-17 18:46:00,2011-10-21 13:58:00,672,22.4,0.8035714285714286,1.815343110127283,200.77777777777777,48,0
15322.0,1314.15,3,920,14.601666666666668,2010-08-20 13:10:00,2011-10-06 20:38:00,412,13.733333333333333,0.2184466019417476,1.4284239130434784,306.6666666666667,63,0
15323.0,320.90000000000003,4,139,8.672972972972975,2010-02-16 09:21:00,2010-06-24 15:49:00,128,4.266666666666667,0.9375,2.30863309352518,34.75,532,1
15324.0,140.22000000000003,1,74,17.527500000000003,2010-01-07 14:37:00,2010-01-07 14:37:00,0,1.0,1.0,1.8948648648648647,74.0,700,1
15325.0,1596.81,9,1375,7.065530973451327,2010-02-16 13:30:00,2011-08-28 11:55:00,557,18.566666666666663,0.4847396768402154,1.1613163636363637,152.77777777777777,103,1
15326.0,1529.82,10,1320,10.478219178082192,2009-12-01 13:19:00,2011-01-10 11:38:00,404,13.466666666666669,0.7425742574257426,1.1589545454545451,132.0,333,1
15327.0,208.75,1,116,20.875,2011-10-18 11:55:00,2011-10-18 11:55:00,0,1.0,1.0,1.799568965517241,116.0,52,0
15328.0,107.24,1,88,13.405,2010-10-28 09:05:00,2010-10-28 09:05:00,0,1.0,1.0,1.2186363636363635,88.0,407,1
15329.0,2742.98,20,1155,15.41,2009-12-14 12:18:00,2011-11-04 12:56:00,690,23.0,0.8695652173913043,2.374874458874459,57.75,34,0
15330.0,714.96,2,1312,54.99692307692308,2011-10-10 12:30:00,2011-11-07 17:50:00,28,0.9333333333333332,2.142857142857143,0.5449390243902439,656.0,31,0
15331.0,755.41,4,697,16.42195652173913,2010-04-09 14:26:00,2010-07-28 09:42:00,109,3.633333333333333,1.1009174311926606,1.083802008608321,174.25,499,1
15332.0,6553.74,6,2958,34.675873015873016,2010-07-14 13:01:00,2010-12-08 14:43:00,147,4.9,1.2244897959183672,2.215598377281947,493.0,365,1
15333.0,1028.56,1,344,64.285,2011-05-15 13:27:00,2011-05-15 13:27:00,0,1.0,1.0,2.99,344.0,207,1
15334.0,351.67,3,274,3.5522222222222224,2011-06-19 13:51:00,2011-07-06 11:22:00,16,0.5333333333333333,5.625,1.2834671532846715,91.33333333333331,156,1
15335.0,173.97,1,80,4.8325,2011-10-17 12:50:00,2011-10-17 12:50:00,0,1.0,1.0,2.174625,80.0,53,0
15336.0,240.5,1,84,16.033333333333335,2010-11-03 12:39:00,2010-11-03 12:39:00,0,1.0,1.0,2.863095238095238,84.0,401,1
15337.0,344.72,2,192,14.363333333333337,2010-10-24 15:29:00,2010-11-02 10:34:00,8,0.2666666666666666,7.5,1.7954166666666669,96.0,402,1
15338.0,283.43,1,150,4.723833333333333,2010-01-31 14:25:00,2010-01-31 14:25:00,0,1.0,1.0,1.8895333333333333,150.0,676,1
15339.0,1634.09,11,1100,7.043491379310344,2010-02-08 13:38:00,2011-10-04 12:51:00,602,20.066666666666663,0.5481727574750831,1.4855363636363637,100.0,65,0
15340.0,105.5,1,76,15.071428571428571,2010-05-27 10:27:00,2010-05-27 10:27:00,0,1.0,1.0,1.388157894736842,76.0,561,1
15341.0,2401.02,3,1006,96.0408,2010-05-28 07:45:00,2011-09-20 09:40:00,480,16.0,0.1875,2.386699801192843,335.3333333333333,80,0
15342.0,391.76,2,276,15.067692307692308,2011-08-02 10:19:00,2011-08-15 16:20:00,13,0.4333333333333333,4.615384615384615,1.4194202898550723,138.0,115,1
15343.0,364.5,1,84,17.357142857142858,2011-09-13 13:55:00,2011-09-13 13:55:00,0,1.0,1.0,4.339285714285714,84.0,86,0
15344.0,476.58,5,106,14.893125,2011-09-26 14:48:00,2011-12-09 10:45:00,73,2.433333333333333,2.054794520547945,4.496037735849057,21.2,0,0
15345.0,367.69,2,78,15.986521739130437,2011-10-25 11:28:00,2011-11-04 13:24:00,10,0.3333333333333333,6.0,4.713974358974359,39.0,34,0
15346.0,591.65,4,257,15.569736842105264,2010-10-04 15:11:00,2011-01-11 11:18:00,98,3.2666666666666666,1.2244897959183674,2.3021400778210115,64.25,332,1
15347.0,1333.9,6,666,31.020930232558143,2010-09-28 12:50:00,2010-12-08 15:25:00,71,2.3666666666666667,2.535211267605634,2.002852852852853,111.0,365,1
15348.0,158.04,1,84,17.56,2011-09-28 13:17:00,2011-09-28 13:17:00,0,1.0,1.0,1.8814285714285712,84.0,71,0
15349.0,473.81,2,327,6.580694444444444,2011-06-05 15:46:00,2011-07-04 16:06:00,29,0.9666666666666668,2.0689655172413794,1.448960244648318,163.5,157,1
15350.0,663.25,2,323,18.95,2010-11-21 15:14:00,2010-12-01 13:33:00,9,0.3,6.666666666666667,2.053405572755418,161.5,372,1
15351.0,3615.18,15,1458,9.365751295336787,2010-10-03 12:18:00,2011-11-27 12:52:00,420,14.0,1.0714285714285714,2.4795473251028803,97.2,11,0
15352.0,114.95,1,43,3.1067567567567567,2010-06-09 11:28:00,2010-06-09 11:28:00,0,1.0,1.0,2.6732558139534883,43.0,548,1
15353.0,3154.05,8,1549,8.128994845360825,2009-12-02 10:46:00,2011-03-30 12:15:00,483,16.1,0.4968944099378881,2.0361846352485475,193.625,254,1
15354.0,-94.8,7,-1,-13.542857142857144,2010-04-15 16:12:00,2010-04-20 11:45:00,4,0.1333333333333333,52.5,94.8,-0.1428571428571428,598,1
15355.0,277.05,2,45,19.789285714285715,2011-10-17 15:22:00,2011-11-10 13:44:00,23,0.7666666666666667,2.608695652173913,6.156666666666667,22.5,28,0
15356.0,3464.95,13,2015,4.589337748344371,2010-10-13 13:12:00,2011-11-08 13:11:00,390,13.0,1.0,1.719578163771712,155.0,30,0
15357.0,-36.75,1,-1,-36.75,2010-01-26 16:49:00,2010-01-26 16:49:00,0,1.0,1.0,36.75,-1.0,681,1
15358.0,16837.35,55,15219,14.615755208333333,2009-12-07 12:19:00,2011-12-05 09:04:00,727,24.23333333333333,2.269601100412655,1.1063374728957225,276.7090909090909,4,0
15359.0,162.6,9,130,9.56470588235294,2010-01-15 11:30:00,2010-06-03 10:42:00,138,4.6,1.956521739130435,1.2507692307692306,14.444444444444445,554,1
15360.0,427.93,1,223,32.917692307692306,2011-10-31 09:35:00,2011-10-31 09:35:00,0,1.0,1.0,1.9189686098654708,223.0,39,0
15361.0,689.07,4,373,68.90700000000001,2010-06-14 13:27:00,2010-12-13 09:52:00,181,6.033333333333333,0.6629834254143646,1.847372654155496,93.25,361,1
15362.0,613.08,2,368,15.327000000000002,2009-12-01 09:08:00,2010-09-17 10:37:00,290,9.666666666666666,0.2068965517241379,1.6659782608695652,184.0,448,1
15363.0,996.16,3,526,19.156923076923075,2010-08-04 08:41:00,2011-04-12 15:48:00,251,8.366666666666667,0.3585657370517928,1.8938403041825091,175.33333333333334,240,1
15364.0,913.19,2,493,31.489310344827587,2011-03-30 13:39:00,2011-09-05 09:46:00,158,5.266666666666667,0.379746835443038,1.8523123732251523,246.5,95,1
15365.0,3573.26,15,1805,14.012784313725492,2010-02-04 16:43:00,2011-11-14 08:29:00,647,21.566666666666663,0.6955177743431221,1.979645429362881,120.33333333333331,25,0
15366.0,2389.08,7,2447,17.312173913043477,2010-02-26 10:10:00,2011-09-25 15:01:00,576,19.2,0.3645833333333333,0.976330200245198,349.57142857142856,74,0
15367.0,5005.7300000000005,13,2936,17.813985765124556,2009-12-10 14:20:00,2011-10-13 14:13:00,671,22.366666666666667,0.5812220566318926,1.704948910081744,225.84615384615384,56,0
15368.0,722.74,2,406,90.3425,2010-11-10 15:52:00,2011-11-18 14:42:00,372,12.4,0.1612903225806451,1.7801477832512316,203.0,20,0
15369.0,1713.39,13,1755,16.474903846153843,2009-12-08 07:43:00,2011-07-18 15:11:00,587,19.566666666666663,0.6643952299829642,0.9762905982905982,135.0,143,1
15370.0,3713.51,9,1395,25.61041379310345,2010-10-25 12:08:00,2011-10-30 10:58:00,369,12.3,0.7317073170731707,2.662014336917563,155.0,40,0
15371.0,59.400000000000006,1,12,59.400000000000006,2010-02-15 13:14:00,2010-02-15 13:14:00,0,1.0,1.0,4.95,12.0,661,1
15372.0,5954.42,10,6336,99.24033333333334,2010-02-14 11:24:00,2011-07-25 16:39:00,526,17.533333333333335,0.5703422053231939,0.9397758838383838,633.6,136,1
15373.0,3218.59,18,745,15.624223300970874,2010-05-02 11:57:00,2011-12-01 15:05:00,578,19.266666666666666,0.9342560553633218,4.320255033557047,41.388888888888886,7,0
15374.0,307.32,2,290,30.732,2010-03-25 12:03:00,2011-08-03 09:59:00,495,16.5,0.1212121212121212,1.0597241379310345,145.0,128,1
15375.0,60.96,1,84,10.16,2010-01-18 15:38:00,2010-01-18 15:38:00,0,1.0,1.0,0.7257142857142858,84.0,689,1
15376.0,1233.36,3,619,10.54153846153846,2011-05-01 13:45:00,2011-10-30 15:04:00,182,6.066666666666666,0.4945054945054945,1.992504038772213,206.33333333333331,39,0
15377.0,1179.95,5,249,53.63409090909091,2010-10-20 11:42:00,2010-11-22 08:55:00,32,1.0666666666666669,4.6875,4.738755020080322,49.8,382,1
15378.0,246.5,2,130,20.541666666666668,2010-07-26 08:47:00,2010-09-03 11:30:00,39,1.3,1.5384615384615383,1.896153846153846,65.0,462,1
15379.0,4806.4400000000005,9,2988,18.137509433962265,2010-11-04 11:59:00,2011-06-23 13:13:00,231,7.7,1.1688311688311688,1.6085809906291837,332.0,168,1
15380.0,3422.2000000000003,13,1014,61.11071428571429,2009-12-01 13:50:00,2011-12-01 12:13:00,729,24.3,0.5349794238683128,3.374950690335306,78.0,8,0
15381.0,1887.62,6,801,75.50479999999999,2010-05-05 14:35:00,2011-05-10 11:55:00,369,12.3,0.4878048780487805,2.3565792759051183,133.5,213,1
15382.0,13646.5,20,9130,21.256230529595012,2009-12-04 14:13:00,2011-11-25 10:58:00,720,24.0,0.8333333333333334,1.4946878422782035,456.5,14,0
15383.0,-10.5,1,-1,-10.5,2010-01-26 16:24:00,2010-01-26 16:24:00,0,1.0,1.0,10.5,-1.0,681,1
15384.0,2014.49,5,1761,16.512213114754097,2010-04-26 12:38:00,2011-06-23 10:57:00,422,14.066666666666666,0.3554502369668246,1.143946621237933,352.2,169,1
15385.0,942.08,3,428,44.860952380952384,2010-01-31 13:02:00,2011-10-30 15:11:00,637,21.23333333333333,0.1412872841444269,2.201121495327103,142.66666666666666,39,0
15386.0,394.14,1,446,12.714193548387096,2011-06-06 13:47:00,2011-06-06 13:47:00,0,1.0,1.0,0.8837219730941703,446.0,185,1
15387.0,468.65,1,335,23.4325,2010-08-04 16:05:00,2010-08-04 16:05:00,0,1.0,1.0,1.398955223880597,335.0,491,1
15388.0,140.54,1,88,14.053999999999998,2011-03-14 13:53:00,2011-03-14 13:53:00,0,1.0,1.0,1.5970454545454544,88.0,269,1
15389.0,2733.8,5,3940,455.6333333333334,2010-01-27 12:44:00,2011-06-20 16:18:00,509,16.966666666666665,0.2946954813359528,0.6938578680203046,788.0,171,1
15390.0,1216.66,2,894,15.80077922077922,2010-10-26 17:23:00,2010-11-08 15:19:00,12,0.4,5.0,1.3609172259507831,447.0,395,1
15391.0,282.92,2,108,21.763076923076923,2010-05-04 15:04:00,2010-05-18 12:11:00,13,0.4333333333333333,4.615384615384615,2.61962962962963,54.0,570,1
15392.0,2891.82,8,2132,19.94358620689655,2010-10-04 12:50:00,2011-12-05 11:01:00,426,14.2,0.5633802816901409,1.3563883677298312,266.5,4,0
15393.0,891.34,5,378,20.257727272727276,2009-12-15 17:56:00,2011-11-23 16:48:00,707,23.566666666666663,0.2121640735502121,2.358042328042328,75.6,15,0
15394.0,5251.4,13,2368,22.93187772925764,2009-12-15 19:05:00,2011-11-30 11:49:00,714,23.8,0.5462184873949579,2.217652027027027,182.15384615384616,9,0
15395.0,107.45,1,17,15.35,2011-01-18 12:40:00,2011-01-18 12:40:00,0,1.0,1.0,6.320588235294117,17.0,325,1
15396.0,796.38,2,278,49.77375,2010-05-05 09:04:00,2011-08-19 10:56:00,471,15.7,0.1273885350318471,2.8646762589928056,139.0,112,1
15397.0,94.0,1,20,15.666666666666666,2011-02-23 09:25:00,2011-02-23 09:25:00,0,1.0,1.0,4.7,20.0,289,1
15398.0,1339.63,3,767,18.10310810810811,2011-09-22 14:56:00,2011-11-23 16:47:00,62,2.066666666666667,1.4516129032258065,1.7465840938722297,255.66666666666663,15,0
15399.0,815.77,3,611,16.3154,2011-09-21 15:57:00,2011-12-08 13:04:00,77,2.566666666666667,1.1688311688311688,1.335139116202946,203.66666666666663,0,0
15400.0,1252.8,9,632,44.74285714285714,2010-05-28 08:33:00,2011-09-08 13:57:00,468,15.6,0.576923076923077,1.982278481012658,70.22222222222223,91,1
15401.0,216.95,2,93,15.496428571428572,2010-05-20 10:56:00,2010-09-13 13:42:00,116,3.8666666666666663,0.5172413793103449,2.332795698924732,46.5,451,1
15402.0,1816.64,7,2032,13.658947368421051,2010-04-27 12:12:00,2011-07-14 12:17:00,443,14.766666666666667,0.474040632054176,0.8940157480314961,290.2857142857143,148,1
15403.0,170.88,2,492,21.36,2009-12-09 12:45:00,2010-08-05 12:21:00,238,7.933333333333334,0.2521008403361344,0.3473170731707317,246.0,491,1
15404.0,257.06,1,334,16.06625,2010-11-29 11:03:00,2010-11-29 11:03:00,0,1.0,1.0,0.7696407185628743,334.0,375,1
15405.0,659.84,2,348,21.994666666666667,2010-05-12 15:56:00,2011-06-03 14:44:00,386,12.866666666666667,0.155440414507772,1.8960919540229888,174.0,188,1
15406.0,891.77,6,529,7.021811023622047,2010-09-12 13:06:00,2011-11-21 16:14:00,435,14.5,0.4137931034482758,1.685765595463138,88.16666666666667,17,0
15407.0,1056.44,4,558,6.90483660130719,2011-02-07 13:18:00,2011-11-06 11:55:00,271,9.033333333333331,0.4428044280442804,1.89326164874552,139.5,33,0
15408.0,267.18,1,106,7.858235294117647,2011-03-20 15:02:00,2011-03-20 15:02:00,0,1.0,1.0,2.520566037735849,106.0,263,1
15409.0,117.2,2,54,9.766666666666667,2009-12-18 15:35:00,2010-01-07 11:52:00,19,0.6333333333333333,3.1578947368421053,2.1703703703703705,27.0,701,1
15410.0,4685.72,10,1902,28.9241975308642,2010-04-19 08:57:00,2011-09-16 14:47:00,515,17.166666666666668,0.5825242718446602,2.4635751840168245,190.2,83,0
15411.0,1346.38,5,528,13.4638,2011-06-10 12:30:00,2011-11-13 15:19:00,156,5.2,0.9615384615384616,2.549962121212121,105.6,25,0
15412.0,190.53,1,108,19.053,2011-06-21 15:24:00,2011-06-21 15:24:00,0,1.0,1.0,1.7641666666666669,108.0,170,1
15413.0,-2531.38,7,2692,-93.7548148148148,2009-12-01 10:18:00,2010-10-05 15:15:00,308,10.266666666666667,0.6818181818181818,-0.940334323922734,384.57142857142856,429,1
15414.0,774.9,3,443,19.869230769230768,2011-04-11 13:45:00,2011-11-30 09:50:00,232,7.733333333333333,0.3879310344827586,1.7492099322799095,147.66666666666666,9,0
15415.0,572.8100000000001,1,575,11.933541666666668,2011-01-30 14:13:00,2011-01-30 14:13:00,0,1.0,1.0,0.9961913043478262,575.0,312,1
15416.0,4554.65,9,2418,19.80282608695652,2010-02-01 11:55:00,2011-10-06 09:38:00,611,20.366666666666667,0.4418985270049099,1.883643507030604,268.6666666666667,64,0
15417.0,508.8,1,284,18.17142857142857,2011-09-15 15:26:00,2011-09-15 15:26:00,0,1.0,1.0,1.791549295774648,284.0,84,0
15418.0,452.32,2,266,6.555362318840579,2010-05-02 11:31:00,2010-10-10 13:38:00,161,5.366666666666666,0.3726708074534162,1.7004511278195489,133.0,424,1
15419.0,135.86,1,230,16.982499999999998,2011-11-15 09:23:00,2011-11-15 09:23:00,0,1.0,1.0,0.590695652173913,230.0,24,0
15420.0,743.0,6,844,13.267857142857142,2009-12-05 13:29:00,2010-10-01 15:46:00,300,10.0,0.6,0.8803317535545023,140.66666666666666,433,1
15421.0,3805.34,10,1927,12.04221518987342,2009-12-07 15:10:00,2011-10-12 09:20:00,673,22.433333333333334,0.4457652303120356,1.9747483134405808,192.7,58,0
15422.0,1615.02,8,709,13.347272727272728,2010-02-07 11:52:00,2011-01-20 16:17:00,347,11.566666666666666,0.69164265129683,2.2778843441466856,88.625,322,1
15423.0,219.14,4,193,12.890588235294118,2010-03-28 13:42:00,2011-11-01 14:01:00,583,19.433333333333334,0.2058319039451115,1.135440414507772,48.25,37,0
15424.0,597.78,3,873,18.114545454545453,2010-09-02 17:17:00,2011-03-30 13:02:00,208,6.933333333333334,0.4326923076923076,0.6847422680412371,291.0,253,1
15425.0,1944.57,4,1042,13.503958333333332,2010-02-14 12:36:00,2010-11-04 18:13:00,263,8.766666666666667,0.4562737642585551,1.8661900191938576,260.5,399,1
15426.0,2592.95,11,1208,4.7752302025782685,2010-05-02 15:10:00,2011-11-20 15:36:00,567,18.9,0.5820105820105821,2.14648178807947,109.8181818181818,18,0
15427.0,1483.14,3,1013,4.84686274509804,2011-10-23 14:47:00,2011-11-06 14:29:00,13,0.4333333333333333,6.9230769230769225,1.4641066140177692,337.6666666666667,32,0
15428.0,762.75,4,347,17.335227272727273,2009-12-17 17:46:00,2011-11-24 16:54:00,706,23.53333333333333,0.1699716713881019,2.1981268011527377,86.75,14,0
15429.0,364.9,3,369,4.396385542168675,2011-09-25 13:42:00,2011-11-13 12:28:00,48,1.6,1.875,0.9888888888888888,123.0,26,0
15430.0,903.75,3,301,22.04268292682927,2010-06-29 15:04:00,2010-08-29 10:42:00,60,2.0,1.5,3.00249169435216,100.33333333333331,467,1
15431.0,153.24,1,84,76.62,2010-07-25 12:44:00,2010-07-25 12:44:00,0,1.0,1.0,1.8242857142857145,84.0,502,1
15432.0,301.26,4,90,16.736666666666665,2010-06-16 14:34:00,2011-11-16 16:30:00,518,17.266666666666666,0.2316602316602316,3.3473333333333333,22.5,22,0
15433.0,417.87,3,399,7.88433962264151,2011-03-17 14:12:00,2011-09-21 16:24:00,188,6.266666666666667,0.4787234042553192,1.0472932330827067,133.0,78,0
15434.0,2517.11,13,1413,18.108705035971223,2010-01-24 15:35:00,2011-12-01 13:33:00,675,22.5,0.5777777777777777,1.7813941967445153,108.6923076923077,7,0
15435.0,149.29,1,54,5.147931034482759,2011-11-17 16:39:00,2011-11-17 16:39:00,0,1.0,1.0,2.764629629629629,54.0,21,0
15436.0,1122.53,3,613,3.4119452887537998,2011-04-19 16:52:00,2011-11-27 16:05:00,221,7.366666666666666,0.4072398190045249,1.8312071778140293,204.33333333333331,11,0
15437.0,393.45,2,177,6.902631578947368,2010-03-09 10:45:00,2011-03-22 13:11:00,378,12.6,0.1587301587301587,2.222881355932204,88.5,261,1
15438.0,156.57999999999998,1,59,6.263199999999999,2011-07-31 14:19:00,2011-07-31 14:19:00,0,1.0,1.0,2.6538983050847453,59.0,130,1
15439.0,1269.05,4,572,22.264035087719297,2010-02-24 12:05:00,2010-10-31 10:38:00,248,8.266666666666667,0.4838709677419354,2.218618881118881,143.0,404,1
15440.0,383.68,3,197,6.188387096774194,2011-05-15 11:30:00,2011-10-16 12:16:00,154,5.133333333333334,0.5844155844155844,1.9476142131979697,65.66666666666667,54,0
15441.0,1254.21,3,587,22.00368421052632,2009-12-09 14:55:00,2010-11-08 15:50:00,334,11.133333333333333,0.2694610778443114,2.136643952299829,195.66666666666663,395,1
15442.0,594.0,1,120,297.0,2011-04-05 12:24:00,2011-04-05 12:24:00,0,1.0,1.0,4.95,120.0,248,1
15443.0,5116.14,16,2696,7.85889400921659,2010-03-07 12:10:00,2011-12-08 10:40:00,640,21.33333333333333,0.75,1.8976780415430268,168.5,1,0
15444.0,1418.26,2,764,6.476073059360731,2011-10-30 16:12:00,2011-11-30 17:37:00,31,1.0333333333333334,1.9354838709677415,1.856361256544503,382.0,8,0
15445.0,284.5,2,118,20.321428571428573,2010-04-28 15:00:00,2011-03-20 15:06:00,326,10.866666666666667,0.1840490797546012,2.4110169491525424,59.0,263,1
15446.0,398.85,5,263,3.438362068965517,2009-12-13 13:53:00,2010-11-28 11:59:00,349,11.633333333333333,0.4297994269340974,1.5165399239543726,52.6,376,1
15447.0,484.93,6,227,16.164333333333335,2010-03-24 14:40:00,2011-01-13 11:26:00,294,9.8,0.6122448979591836,2.1362555066079296,37.833333333333336,330,1
15448.0,788.81,2,487,16.09816326530612,2010-02-03 13:29:00,2011-01-31 10:42:00,361,12.033333333333331,0.1662049861495844,1.6197330595482544,243.5,312,1
15449.0,971.22,5,810,15.66483870967742,2011-03-23 10:43:00,2011-11-13 15:02:00,235,7.833333333333333,0.6382978723404256,1.1990370370370371,162.0,25,0
15450.0,429.84,1,376,14.328,2011-11-09 17:11:00,2011-11-09 17:11:00,0,1.0,1.0,1.143191489361702,376.0,29,0
15451.0,233.21,2,79,3.701746031746032,2010-04-19 14:08:00,2010-10-01 13:40:00,164,5.466666666666667,0.3658536585365853,2.952025316455696,39.5,433,1
15452.0,1799.11,6,1091,8.906485148514852,2010-07-16 14:23:00,2011-11-10 12:13:00,481,16.033333333333335,0.3742203742203742,1.649046746104491,181.83333333333331,29,0
15453.0,1388.37,7,845,4.854440559440559,2011-06-05 12:37:00,2011-12-08 10:59:00,185,6.166666666666667,1.135135135135135,1.643041420118343,120.71428571428572,1,0
15454.0,307.69,2,148,7.504634146341464,2010-03-31 13:15:00,2010-12-12 14:21:00,256,8.533333333333333,0.234375,2.0789864864864867,74.0,361,1
15455.0,38.25,1,3,19.125,2010-04-21 12:43:00,2010-04-21 12:43:00,0,1.0,1.0,12.75,3.0,597,1
15456.0,2119.27,10,2826,9.214217391304349,2009-12-08 12:54:00,2011-03-01 13:51:00,448,14.933333333333334,0.6696428571428571,0.7499186128803963,282.6,282,1
15457.0,237.07,1,132,4.087413793103448,2011-03-22 15:31:00,2011-03-22 15:31:00,0,1.0,1.0,1.7959848484848484,132.0,261,1
15458.0,370.44,2,300,28.49538461538461,2010-11-02 19:50:00,2011-11-14 13:08:00,376,12.533333333333331,0.1595744680851064,1.2348,150.0,24,0
15459.0,202.83,2,121,28.97571428571428,2010-07-30 14:31:00,2010-10-18 15:25:00,80,2.6666666666666665,0.75,1.676280991735537,60.5,416,1
15460.0,216.76,1,109,3.737241379310345,2010-12-20 16:08:00,2010-12-20 16:08:00,0,1.0,1.0,1.988623853211009,109.0,353,1
15461.0,391.3,3,226,78.25999999999999,2009-12-01 11:35:00,2010-09-05 12:31:00,278,9.266666666666667,0.3237410071942446,1.7314159292035396,75.33333333333333,460,1
15462.0,737.05,4,495,17.976829268292683,2010-09-20 10:23:00,2011-09-06 13:11:00,351,11.7,0.3418803418803419,1.4889898989898989,123.75,93,1
15463.0,126.14,1,106,18.02,2011-11-10 12:57:00,2011-11-10 12:57:00,0,1.0,1.0,1.19,106.0,28,0
15464.0,1048.85,1,350,6.680573248407643,2011-01-05 15:56:00,2011-01-05 15:56:00,0,1.0,1.0,2.996714285714285,350.0,337,1
15465.0,12226.15,39,2727,45.11494464944649,2009-12-10 09:42:00,2011-11-20 10:11:00,710,23.666666666666668,1.647887323943662,4.483370003667034,69.92307692307692,19,0
15466.0,1571.01,4,944,5.928339622641509,2009-12-03 12:28:00,2011-09-15 14:08:00,651,21.7,0.184331797235023,1.6642055084745762,236.0,84,0
15467.0,511.88,4,306,9.658113207547167,2011-07-10 14:42:00,2011-11-30 14:17:00,142,4.733333333333333,0.8450704225352113,1.6728104575163398,76.5,8,0
15468.0,1387.48,7,1390,15.766818181818184,2010-11-12 09:39:00,2011-11-04 13:11:00,357,11.9,0.5882352941176471,0.9981870503597122,198.57142857142856,34,0
15469.0,834.4,6,280,17.7531914893617,2010-09-27 10:09:00,2011-10-27 19:16:00,395,13.166666666666666,0.4556962025316456,2.98,46.66666666666666,42,0
15470.0,63.42,1,232,15.855,2010-05-13 09:35:00,2010-05-13 09:35:00,0,1.0,1.0,0.2733620689655172,232.0,575,1
15471.0,1316.56,3,683,8.126913580246914,2010-06-07 12:17:00,2011-12-07 14:12:00,548,18.266666666666666,0.1642335766423358,1.9276134699853589,227.66666666666663,1,0
15472.0,371.56,1,251,4.888947368421053,2011-08-18 15:17:00,2011-08-18 15:17:00,0,1.0,1.0,1.4803187250996015,251.0,112,1
15473.0,1740.0,11,656,102.3529411764706,2010-09-21 09:14:00,2011-11-25 15:15:00,430,14.333333333333334,0.7674418604651162,2.652439024390244,59.63636363636363,13,0
15474.0,163.10000000000002,1,56,8.155000000000001,2010-04-23 11:14:00,2010-04-23 11:14:00,0,1.0,1.0,2.9125000000000005,56.0,595,1
15475.0,454.11,1,319,15.658965517241375,2011-09-23 15:20:00,2011-09-23 15:20:00,0,1.0,1.0,1.423542319749216,319.0,76,0
15476.0,2180.28,5,1168,27.253500000000003,2010-09-23 14:00:00,2010-11-24 15:17:00,62,2.066666666666667,2.419354838709677,1.866678082191781,233.6,379,1
15477.0,368.4,1,216,184.2,2010-02-28 10:37:00,2010-02-28 10:37:00,0,1.0,1.0,1.7055555555555555,216.0,649,1
15478.0,2024.98,3,904,28.52084507042253,2010-05-13 18:49:00,2011-10-30 14:19:00,534,17.8,0.1685393258426966,2.240022123893805,301.3333333333333,39,0
15479.0,147.4,1,38,16.37777777777778,2009-12-06 15:08:00,2009-12-06 15:08:00,0,1.0,1.0,3.878947368421053,38.0,732,1
15480.0,3592.25,7,1850,16.554147465437786,2010-02-01 14:52:00,2011-08-15 14:32:00,559,18.633333333333333,0.3756708407871199,1.9417567567567569,264.2857142857143,115,1
15481.0,1993.34,1,1450,52.456315789473685,2010-11-03 14:52:00,2010-11-03 14:52:00,0,1.0,1.0,1.3747172413793105,1450.0,400,1
15482.0,8107.83,24,4509,45.29513966480447,2009-12-02 16:59:00,2011-11-24 10:46:00,721,24.03333333333333,0.9986130374479888,1.7981437125748505,187.875,15,0
15483.0,862.2,10,944,2.9731034482758623,2010-01-24 15:42:00,2011-07-01 13:07:00,522,17.4,0.574712643678161,0.9133474576271188,94.4,160,1
15484.0,4624.8,7,4060,19.11074380165289,2009-12-05 15:18:00,2011-12-08 15:03:00,732,24.4,0.2868852459016394,1.1391133004926108,580.0,0,0
15485.0,5624.51,8,2566,34.08793939393939,2009-12-01 17:31:00,2011-11-09 14:31:00,707,23.566666666666663,0.3394625176803394,2.191936866718628,320.75,29,0
15486.0,102.0,1,40,102.0,2010-06-30 13:15:00,2010-06-30 13:15:00,0,1.0,1.0,2.55,40.0,526,1
15487.0,231.32,1,144,16.52285714285714,2010-01-29 12:07:00,2010-01-29 12:07:00,0,1.0,1.0,1.6063888888888889,144.0,679,1
15488.0,431.92,5,251,39.26545454545455,2010-05-05 13:03:00,2011-09-08 10:11:00,490,16.333333333333332,0.3061224489795918,1.720796812749004,50.2,92,1
15489.0,2327.36,12,1225,18.921626016260163,2010-01-15 16:58:00,2011-11-17 08:53:00,670,22.33333333333333,0.5373134328358209,1.8998857142857144,102.08333333333331,22,0
15490.0,188.1,2,75,6.486206896551724,2010-10-05 13:11:00,2010-10-05 13:14:00,0,1.0,2.0,2.508,37.5,429,1
15491.0,3090.85,7,1624,19.940967741935484,2011-04-18 10:04:00,2011-09-05 15:56:00,140,4.666666666666667,1.5,1.9032327586206896,232.0,94,1
15492.0,659.4599999999999,2,483,18.84171428571428,2011-09-26 14:02:00,2011-11-11 14:53:00,46,1.5333333333333334,1.3043478260869563,1.365341614906832,241.5,27,0
15493.0,4280.43,11,1255,6.565076687116565,2010-02-23 11:14:00,2011-11-07 12:04:00,622,20.73333333333333,0.5305466237942122,3.4107011952191235,114.0909090909091,32,0
15494.0,3770.95,6,3096,9.923552631578946,2009-12-10 20:16:00,2011-11-18 14:51:00,707,23.566666666666663,0.2545968882602546,1.2180071059431523,516.0,20,0
15495.0,246.5,1,194,12.325,2010-11-25 13:46:00,2010-11-25 13:46:00,0,1.0,1.0,1.2706185567010309,194.0,378,1
15496.0,146.14,1,98,6.6427272727272735,2010-03-18 13:16:00,2010-03-18 13:16:00,0,1.0,1.0,1.4912244897959186,98.0,630,1
15497.0,8643.46,11,2932,70.2720325203252,2009-12-18 15:08:00,2011-11-22 11:51:00,703,23.433333333333334,0.4694167852062589,2.947974079126876,266.54545454545456,17,0
15498.0,23860.81,55,12573,24.15061740890689,2009-12-16 17:27:00,2011-12-09 10:28:00,722,24.066666666666663,2.285318559556787,1.897781754553408,228.6,0,0
15499.0,161.6,1,60,3.8476190476190473,2009-12-16 12:17:00,2009-12-16 12:17:00,0,1.0,1.0,2.6933333333333334,60.0,723,1
15500.0,1131.56,4,572,16.640588235294118,2011-09-19 13:47:00,2011-12-01 13:47:00,73,2.433333333333333,1.6438356164383563,1.978251748251748,143.0,7,0
15501.0,402.5,2,206,5.75,2010-10-20 12:47:00,2010-10-31 11:15:00,10,0.3333333333333333,6.0,1.953883495145631,103.0,404,1
15502.0,8673.53,27,5366,20.75007177033493,2010-06-03 11:12:00,2011-11-24 12:48:00,539,17.966666666666665,1.50278293135436,1.616386507640701,198.74074074074076,15,0
15503.0,267.15,2,136,2.171951219512195,2009-12-13 11:34:00,2010-12-12 10:57:00,363,12.1,0.1652892561983471,1.9643382352941172,68.0,362,1
15504.0,413.9,5,147,5.912857142857143,2010-02-12 12:34:00,2011-09-19 13:45:00,584,19.466666666666665,0.2568493150684932,2.815646258503401,29.4,80,0
15505.0,3497.14,7,2348,35.32464646464646,2011-07-07 13:33:00,2011-10-18 07:56:00,102,3.4,2.058823529411765,1.489412265758092,335.42857142857144,52,0
15506.0,2040.03,6,1647,7.338237410071942,2010-08-19 12:38:00,2011-11-17 12:11:00,454,15.133333333333333,0.3964757709251101,1.2386338797814207,274.5,22,0
15507.0,492.36,1,162,10.703478260869565,2011-06-21 11:19:00,2011-06-21 11:19:00,0,1.0,1.0,3.0392592592592598,162.0,171,1
15508.0,1000.27,6,440,10.8725,2011-04-18 15:31:00,2011-06-03 15:43:00,46,1.5333333333333334,3.913043478260869,2.273340909090909,73.33333333333333,188,1
15509.0,166.51,1,72,5.741724137931034,2010-11-24 14:48:00,2010-11-24 14:48:00,0,1.0,1.0,2.312638888888889,72.0,379,1
15510.0,250.0,1,2,250.0,2011-01-13 12:10:00,2011-01-13 12:10:00,0,1.0,1.0,125.0,2.0,330,1
15511.0,909.23,5,271,5.6826875,2011-09-15 15:05:00,2011-11-28 09:43:00,73,2.433333333333333,2.054794520547945,3.3550922509225094,54.2,11,0
15512.0,331.58,4,235,10.361875,2010-02-01 13:23:00,2011-07-07 10:20:00,520,17.333333333333332,0.2307692307692307,1.4109787234042552,58.75,155,1
15513.0,27264.45,41,10615,47.4164347826087,2010-01-13 14:59:00,2011-11-08 16:21:00,664,22.133333333333333,1.8524096385542168,2.5684832783796514,258.9024390243902,30,0
15514.0,5422.28,20,3877,14.26915789473684,2009-12-04 16:37:00,2011-11-27 14:40:00,722,24.066666666666663,0.8310249307479225,1.3985762187258188,193.85,11,0
15515.0,171.81,1,131,24.544285714285717,2010-11-17 13:39:00,2010-11-17 13:39:00,0,1.0,1.0,1.311526717557252,131.0,386,1
15516.0,62.43,3,27,4.162,2011-10-24 11:33:00,2011-10-26 10:51:00,1,0.0333333333333333,90.0,2.312222222222222,9.0,44,0
15517.0,267.03,1,293,9.89,2011-04-20 14:02:00,2011-04-20 14:02:00,0,1.0,1.0,0.9113651877133104,293.0,232,1
15518.0,4103.78,23,2772,8.84435344827586,2009-12-20 12:21:00,2011-10-06 13:05:00,655,21.83333333333333,1.0534351145038168,1.4804401154401154,120.52173913043478,63,0
15519.0,344.61,2,116,9.313783783783784,2010-09-19 13:57:00,2010-11-21 14:35:00,63,2.1,0.9523809523809524,2.9707758620689657,58.0,382,1
15520.0,343.5,1,314,19.08333333333333,2011-12-08 10:58:00,2011-12-08 10:58:00,0,1.0,1.0,1.0939490445859872,314.0,1,0
15521.0,6674.44,24,4350,15.778817966903071,2010-01-05 10:19:00,2011-11-03 13:52:00,667,22.23333333333333,1.0794602698650675,1.5343540229885058,181.25,35,0
15522.0,398.84,2,573,6.99719298245614,2011-09-13 12:26:00,2011-11-07 11:26:00,54,1.8,1.1111111111111112,0.6960558464223385,286.5,32,0
15523.0,17220.04,18,15850,77.56774774774775,2009-12-02 15:16:00,2011-09-16 16:29:00,653,21.766666666666666,0.8269525267993875,1.08643785488959,880.5555555555555,83,0
15524.0,591.4,2,28,65.71111111111111,2010-04-12 09:19:00,2011-11-15 12:09:00,582,19.4,0.1030927835051546,21.12142857142857,14.0,24,0
15525.0,1280.8,5,678,4.90727969348659,2010-11-22 12:10:00,2011-12-07 15:39:00,380,12.666666666666666,0.3947368421052631,1.8890855457227136,135.6,1,0
15526.0,148.44,2,24,37.11,2011-11-06 15:01:00,2011-11-06 15:04:00,0,1.0,2.0,6.185,12.0,32,0
15527.0,5041.78,31,2095,14.20219718309859,2009-12-15 17:31:00,2011-11-21 12:17:00,705,23.5,1.319148936170213,2.406577565632458,67.58064516129032,18,0
15528.0,229.33,1,123,8.820384615384615,2011-03-30 16:14:00,2011-03-30 16:14:00,0,1.0,1.0,1.8644715447154472,123.0,253,1
15529.0,5084.5,13,4481,6.261699507389163,2010-11-10 14:26:00,2011-11-17 11:29:00,371,12.366666666666667,1.0512129380053907,1.13467975898237,344.6923076923077,22,0
15530.0,1813.72,5,1340,12.683356643356644,2010-07-15 11:10:00,2011-11-18 12:25:00,491,16.366666666666667,0.305498981670061,1.3535223880597016,268.0,21,0
15531.0,2007.44,2,1105,8.804561403508773,2011-11-09 17:47:00,2011-12-01 18:43:00,22,0.7333333333333333,2.7272727272727275,1.81668778280543,552.5,7,0
15532.0,3708.05,12,1336,5.848659305993691,2010-06-08 14:52:00,2011-11-14 14:51:00,523,17.433333333333334,0.6883365200764818,2.775486526946108,111.33333333333331,24,0
15533.0,746.92,5,256,8.685116279069767,2011-09-11 15:41:00,2011-11-20 15:35:00,69,2.3,2.173913043478261,2.91765625,51.2,18,0
15534.0,162.25,1,63,20.28125,2009-12-14 12:48:00,2009-12-14 12:48:00,0,1.0,1.0,2.5753968253968256,63.0,725,1
15535.0,985.82,10,307,7.092230215827339,2010-09-16 20:04:00,2011-06-19 16:02:00,275,9.166666666666666,1.090909090909091,3.21114006514658,30.7,172,1
15536.0,259.09,1,242,16.193125,2010-10-26 16:31:00,2010-10-26 16:31:00,0,1.0,1.0,1.0706198347107436,242.0,408,1
15537.0,110.92,1,29,4.621666666666667,2011-06-29 13:10:00,2011-06-29 13:10:00,0,1.0,1.0,3.824827586206897,29.0,162,1
15538.0,3027.15,11,988,91.73181818181818,2010-02-14 12:38:00,2010-06-20 10:49:00,125,4.166666666666667,2.64,3.0639170040485832,89.81818181818181,537,1
15539.0,538.46,1,410,13.13317073170732,2011-12-02 13:36:00,2011-12-02 13:36:00,0,1.0,1.0,1.3133170731707318,410.0,6,0
15540.0,460.68,2,444,14.860645161290323,2010-11-29 11:10:00,2011-11-28 13:51:00,364,12.133333333333333,0.1648351648351648,1.0375675675675675,222.0,10,0
15541.0,85.13000000000001,1,49,2.9355172413793107,2011-08-17 14:58:00,2011-08-17 14:58:00,0,1.0,1.0,1.7373469387755105,49.0,113,1
15542.0,895.9,4,452,3.5271653543307084,2009-12-02 11:53:00,2010-07-15 13:42:00,225,7.5,0.5333333333333333,1.982079646017699,113.0,511,1
15543.0,242.84,2,169,4.186896551724138,2010-09-06 11:28:00,2011-02-24 15:26:00,171,5.7,0.3508771929824561,1.436923076923077,84.5,287,1
15544.0,8134.12,26,7006,14.447815275310834,2010-01-28 14:39:00,2011-12-01 09:16:00,671,22.366666666666667,1.1624441132637853,1.1610219811590066,269.46153846153845,8,0
15545.0,428.05,2,238,3.821875,2010-12-03 17:28:00,2011-10-16 13:24:00,316,10.533333333333331,0.189873417721519,1.798529411764706,119.0,53,0
15546.0,539.5500000000001,3,99,29.975000000000005,2010-04-12 11:45:00,2010-04-12 11:55:00,0,1.0,3.0,5.450000000000001,33.0,606,1
15547.0,10140.89,28,7360,7.456536764705882,2009-12-06 13:40:00,2011-12-02 12:52:00,725,24.166666666666668,1.1586206896551725,1.3778383152173912,262.85714285714283,6,0
15548.0,158.09,1,64,6.8734782608695655,2010-04-23 12:20:00,2010-04-23 12:20:00,0,1.0,1.0,2.47015625,64.0,595,1
15549.0,2308.46,9,930,14.16233128834356,2010-01-11 13:16:00,2011-09-23 16:22:00,620,20.666666666666668,0.4354838709677419,2.482215053763441,103.33333333333331,76,0
15550.0,1995.6,14,1136,8.212345679012346,2009-12-03 15:15:00,2011-12-05 15:38:00,732,24.4,0.5737704918032788,1.7566901408450706,81.14285714285714,3,0
15551.0,1659.28,9,806,10.844967320261436,2010-06-07 15:05:00,2011-11-03 12:37:00,513,17.1,0.5263157894736842,2.058660049627792,89.55555555555556,36,0
15552.0,252.52,2,166,8.417333333333334,2010-03-26 16:17:00,2011-05-06 14:47:00,405,13.5,0.1481481481481481,1.5212048192771086,83.0,216,1
15553.0,437.23,1,451,7.807678571428572,2011-10-10 14:02:00,2011-10-10 14:02:00,0,1.0,1.0,0.9694678492239468,451.0,59,0
15554.0,217.2,1,74,15.514285714285714,2011-03-07 09:00:00,2011-03-07 09:00:00,0,1.0,1.0,2.935135135135135,74.0,277,1
15555.0,11744.08,46,8732,6.780646651270208,2009-12-06 11:58:00,2011-11-27 16:19:00,721,24.03333333333333,1.914008321775312,1.3449473202015574,189.82608695652172,11,0
15556.0,279.77,1,236,9.024838709677418,2011-11-15 16:08:00,2011-11-15 16:08:00,0,1.0,1.0,1.1854661016949153,236.0,23,0
15557.0,473.65,1,219,23.6825,2011-11-11 12:46:00,2011-11-11 12:46:00,0,1.0,1.0,2.1627853881278543,219.0,28,0
15558.0,143.32999999999998,2,62,5.512692307692307,2010-03-10 15:25:00,2010-03-10 15:30:00,0,1.0,2.0,2.311774193548387,31.0,638,1
15559.0,1109.4,1,526,17.893548387096775,2010-05-20 14:06:00,2010-05-20 14:06:00,0,1.0,1.0,2.109125475285172,526.0,567,1
15560.0,153.52,2,72,15.352,2010-11-07 10:14:00,2010-11-07 10:15:00,0,1.0,2.0,2.1322222222222225,36.0,397,1
15561.0,1856.54,9,1323,19.33895833333333,2010-02-14 12:22:00,2011-11-28 11:07:00,651,21.7,0.4147465437788019,1.4032804232804232,147.0,11,0
15562.0,673.38,3,561,19.80529411764706,2009-12-13 15:17:00,2010-12-23 09:55:00,374,12.466666666666669,0.2406417112299465,1.2003208556149731,187.0,351,1
15563.0,2781.21,11,2966,10.534886363636364,2010-01-28 11:36:00,2011-12-01 09:36:00,671,22.366666666666667,0.4918032786885246,0.9376972353337828,269.6363636363636,8,0
15564.0,70.74000000000001,2,42,17.685000000000002,2010-02-01 15:58:00,2010-09-02 15:52:00,212,7.066666666666666,0.2830188679245283,1.6842857142857146,21.0,462,1
15565.0,173.16,2,60,21.645,2011-09-30 10:44:00,2011-10-20 14:33:00,20,0.6666666666666666,3.0,2.886,30.0,49,0
15566.0,227.87,2,153,18.989166666666662,2009-12-15 14:53:00,2010-11-12 12:11:00,331,11.033333333333331,0.1812688821752265,1.4893464052287582,76.5,392,1
15567.0,186.01,1,223,26.572857142857146,2011-11-21 10:48:00,2011-11-21 10:48:00,0,1.0,1.0,0.8341255605381166,223.0,18,0
15568.0,758.29,3,461,14.307358490566036,2011-09-27 14:37:00,2011-12-07 11:27:00,70,2.333333333333333,1.2857142857142856,1.6448806941431668,153.66666666666666,2,0
15569.0,3586.35,10,1736,25.25598591549296,2010-02-28 10:55:00,2011-08-28 10:15:00,545,18.166666666666668,0.5504587155963302,2.0658698156682025,173.6,103,1
15570.0,9246.99,27,4269,11.646083123425692,2010-03-28 14:04:00,2011-12-02 14:47:00,614,20.466666666666665,1.3192182410423454,2.166078706957133,158.11111111111111,6,0
15571.0,4051.63,14,2506,6.380519685039371,2009-12-06 12:10:00,2011-11-28 10:02:00,721,24.03333333333333,0.5825242718446602,1.6167717478052674,179.0,11,0
15572.0,4068.67,10,2148,11.42884831460674,2010-04-14 14:38:00,2011-12-05 10:09:00,599,19.966666666666665,0.5008347245409015,1.8941666666666668,214.8,4,0
15573.0,1207.18,5,780,5.487181818181819,2009-12-10 14:19:00,2011-11-08 11:38:00,697,23.23333333333333,0.2152080344332855,1.5476666666666667,156.0,31,0
15574.0,1476.7,7,849,3.948395721925134,2010-09-01 14:37:00,2011-06-15 12:01:00,286,9.533333333333331,0.7342657342657343,1.7393404004711426,121.28571428571428,177,1
15575.0,30.1,1,6,10.033333333333331,2010-03-30 12:50:00,2010-03-30 12:50:00,0,1.0,1.0,5.016666666666667,6.0,619,1
15576.0,940.67,1,404,20.90377777777778,2011-11-02 12:03:00,2011-11-02 12:03:00,0,1.0,1.0,2.3283910891089112,404.0,37,0
15577.0,397.98,5,121,6.633,2009-12-13 16:17:00,2011-07-11 17:03:00,575,19.166666666666668,0.2608695652173913,3.289090909090909,24.2,150,1
15578.0,127.1,1,52,9.776923076923076,2011-06-30 13:03:00,2011-06-30 13:03:00,0,1.0,1.0,2.444230769230769,52.0,161,1
15579.0,1267.25,7,647,7.241428571428571,2010-10-03 14:37:00,2011-10-02 12:45:00,363,12.1,0.578512396694215,1.9586553323029363,92.42857142857144,68,0
15580.0,1221.95,14,906,4.73624031007752,2010-02-07 11:21:00,2010-11-28 11:01:00,293,9.766666666666667,1.433447098976109,1.3487306843267108,64.71428571428571,376,1
15581.0,5797.78,43,3082,7.618633377135348,2009-12-02 12:19:00,2011-08-11 09:38:00,616,20.53333333333333,2.094155844155844,1.881174561972745,71.67441860465117,120,1
15582.0,682.9100000000001,3,453,15.52068181818182,2011-05-03 13:36:00,2011-11-15 09:55:00,195,6.5,0.4615384615384615,1.5075275938189847,151.0,24,0
15583.0,107.86,1,63,2.344782608695652,2010-11-28 15:04:00,2010-11-28 15:04:00,0,1.0,1.0,1.712063492063492,63.0,375,1
15584.0,1275.0,7,485,5.641592920353983,2010-02-07 12:16:00,2011-11-16 10:55:00,646,21.53333333333333,0.3250773993808049,2.6288659793814437,69.28571428571429,23,0
15585.0,455.3,1,320,14.687096774193549,2011-06-16 08:38:00,2011-06-16 08:38:00,0,1.0,1.0,1.4228125,320.0,176,1
15586.0,1128.66,4,1302,28.94,2010-01-08 10:02:00,2010-04-27 17:07:00,109,3.633333333333333,1.1009174311926606,0.8668663594470046,325.5,590,1
15587.0,1522.0800000000002,7,528,108.72,2010-08-05 08:44:00,2011-10-20 13:37:00,441,14.7,0.4761904761904762,2.882727272727273,75.42857142857143,49,0
15588.0,579.6,1,96,144.9,2010-01-31 12:19:00,2010-01-31 12:19:00,0,1.0,1.0,6.0375000000000005,96.0,677,1
15589.0,456.58,4,242,15.219333333333331,2011-02-02 10:46:00,2011-04-01 11:22:00,58,1.9333333333333331,2.0689655172413794,1.886694214876033,60.5,252,1
15590.0,1466.41,6,831,16.66375,2010-04-12 10:09:00,2011-02-23 16:36:00,317,10.566666666666666,0.5678233438485805,1.7646329723225032,138.5,288,1
15591.0,217.9,3,58,31.12857142857143,2010-02-04 09:20:00,2010-05-06 09:23:00,91,3.033333333333333,0.989010989010989,3.756896551724138,19.33333333333333,582,1
15592.0,388.58,1,354,16.190833333333334,2011-10-24 08:59:00,2011-10-24 08:59:00,0,1.0,1.0,1.097683615819209,354.0,46,0
15593.0,199.8,1,60,39.96,2011-09-30 11:46:00,2011-09-30 11:46:00,0,1.0,1.0,3.33,60.0,70,0
15594.0,1767.53,6,982,16.99548076923077,2011-04-19 10:08:00,2011-11-24 08:53:00,218,7.266666666666667,0.8256880733944955,1.799928716904277,163.66666666666666,15,0
15595.0,357.6,1,144,89.4,2010-08-09 12:27:00,2010-08-09 12:27:00,0,1.0,1.0,2.4833333333333334,144.0,487,1
15596.0,3023.59,16,1353,16.16893048128342,2010-07-28 11:46:00,2011-08-31 10:55:00,398,13.266666666666667,1.2060301507537687,2.234730229120473,84.5625,100,1
15597.0,554.52,3,390,14.592631578947367,2010-05-13 13:10:00,2011-11-10 11:46:00,545,18.166666666666668,0.165137614678899,1.4218461538461538,130.0,29,0
15598.0,543.02,4,400,14.29,2010-10-08 09:20:00,2011-11-04 13:14:00,392,13.066666666666666,0.3061224489795918,1.35755,100.0,34,0
15599.0,1250.06,3,1098,15.060963855421686,2010-09-20 10:15:00,2011-11-13 11:44:00,419,13.966666666666669,0.2147971360381861,1.138488160291439,366.0,26,0
15600.0,1178.71,5,651,15.928513513513511,2010-04-25 11:50:00,2010-10-07 14:30:00,165,5.5,0.9090909090909092,1.8106144393241168,130.2,427,1
15601.0,14919.22,35,11050,16.953659090909092,2009-12-01 14:53:00,2011-11-28 15:15:00,727,24.23333333333333,1.4442916093535074,1.3501556561085972,315.7142857142857,10,0
15602.0,2975.9700000000003,25,2197,21.10617021276596,2009-12-02 09:35:00,2011-12-01 14:14:00,729,24.3,1.02880658436214,1.354560764679108,87.88,7,0
15603.0,74.73,3,117,14.946000000000002,2010-03-01 16:02:00,2011-09-22 10:04:00,569,18.966666666666665,0.1581722319859402,0.6387179487179487,39.0,78,0
15604.0,216.39,1,159,12.728823529411764,2011-10-18 14:47:00,2011-10-18 14:47:00,0,1.0,1.0,1.360943396226415,159.0,51,0
15605.0,1933.4,10,708,17.2625,2010-01-14 14:03:00,2011-11-03 14:17:00,658,21.933333333333334,0.4559270516717325,2.7307909604519773,70.8,35,0
15606.0,4733.47,19,1443,29.770251572327044,2010-03-02 14:48:00,2011-10-13 13:32:00,589,19.633333333333333,0.967741935483871,3.2802979902979903,75.94736842105263,56,0
15607.0,1578.57,13,1434,13.726695652173913,2010-01-08 12:16:00,2011-01-07 12:44:00,364,12.133333333333333,1.0714285714285714,1.10081589958159,110.3076923076923,336,1
15608.0,1785.98,5,1262,17.009333333333334,2010-10-20 10:10:00,2011-11-11 13:20:00,387,12.9,0.3875968992248061,1.4151980982567354,252.4,27,0
15609.0,270.03000000000003,2,145,15.001666666666669,2011-06-08 13:00:00,2011-06-10 09:55:00,1,0.0333333333333333,60.0,1.8622758620689657,72.5,182,1
15610.0,112.46,1,66,18.743333333333336,2011-10-19 10:36:00,2011-10-19 10:36:00,0,1.0,1.0,1.703939393939394,66.0,51,0
15611.0,2858.37,32,722,28.5837,2010-01-25 14:50:00,2011-11-30 12:36:00,673,22.433333333333334,1.4264487369985142,3.958961218836565,22.5625,9,0
15612.0,195.15,2,52,32.525,2011-10-09 12:49:00,2011-11-03 14:52:00,25,0.8333333333333334,2.4,3.752884615384616,26.0,35,0
15613.0,433.72,1,700,16.063703703703702,2010-04-08 12:51:00,2010-04-08 12:51:00,0,1.0,1.0,0.6195999999999999,700.0,609,1
15614.0,3008.86,7,1606,35.39835294117647,2009-12-01 11:48:00,2010-10-07 17:23:00,310,10.333333333333334,0.6774193548387096,1.8735118306351184,229.42857142857144,427,1
15615.0,21282.07,54,12055,23.28454048140044,2009-12-02 15:28:00,2011-11-29 14:42:00,726,24.2,2.231404958677686,1.765414350891746,223.24074074074076,9,0
15616.0,317.11,1,137,24.39307692307693,2010-09-27 13:10:00,2010-09-27 13:10:00,0,1.0,1.0,2.314671532846716,137.0,437,1
15617.0,828.5500000000001,3,485,19.727380952380955,2010-07-20 13:16:00,2010-11-08 16:07:00,111,3.7,0.8108108108108107,1.7083505154639176,161.66666666666666,395,1
15618.0,747.031,5,428,15.245530612244895,2011-07-26 10:13:00,2011-11-07 08:34:00,103,3.433333333333333,1.4563106796116505,1.7453995327102805,85.6,32,0
15619.0,336.40000000000003,1,136,112.13333333333334,2011-11-29 08:14:00,2011-11-29 08:14:00,0,1.0,1.0,2.473529411764706,136.0,10,0
15620.0,1909.93,8,1228,14.043602941176472,2010-10-26 11:32:00,2011-10-20 19:17:00,359,11.966666666666669,0.6685236768802229,1.5553175895765472,153.5,49,0
15621.0,1158.77,6,463,64.37611111111111,2011-11-18 11:49:00,2011-12-05 14:01:00,17,0.5666666666666667,10.588235294117649,2.502742980561555,77.16666666666667,3,0
15622.0,7318.08,30,3961,15.84,2010-01-07 13:24:00,2011-12-06 14:57:00,698,23.266666666666666,1.2893982808022924,1.8475334511487,132.03333333333333,2,0
15623.0,2437.05,8,1087,22.56527777777778,2009-12-10 14:46:00,2011-07-21 17:26:00,588,19.6,0.4081632653061224,2.2419963201471944,135.875,140,1
15624.0,588.13,4,357,17.297941176470587,2011-03-28 13:32:00,2011-08-15 11:38:00,139,4.633333333333334,0.8633093525179856,1.6474229691876752,89.25,116,1
15625.0,3203.25,14,2993,18.097457627118644,2010-06-15 15:23:00,2011-08-31 16:13:00,442,14.733333333333333,0.9502262443438916,1.070247243568326,213.78571428571428,99,1
15626.0,1049.37,4,1133,12.797195121951216,2010-10-14 17:16:00,2011-09-26 10:03:00,346,11.533333333333331,0.3468208092485549,0.9261871138570168,283.25,74,0
15627.0,566.9,2,344,23.620833333333334,2010-07-05 11:56:00,2010-09-08 14:14:00,65,2.1666666666666665,0.9230769230769232,1.6479651162790696,172.0,456,1
15628.0,5603.360000000001,21,3797,17.294320987654324,2009-12-13 13:39:00,2011-12-05 10:24:00,721,24.03333333333333,0.8737864077669902,1.4757334737951016,180.8095238095238,4,0
15629.0,2240.9,4,1518,29.102597402597404,2010-06-25 11:39:00,2010-09-15 13:46:00,82,2.7333333333333334,1.4634146341463414,1.4762187088274046,379.5,449,1
15630.0,1475.45,4,986,18.215432098765437,2010-03-05 14:30:00,2011-10-25 15:36:00,599,19.966666666666665,0.2003338898163606,1.4963995943204869,246.5,44,0
15631.0,596.67,1,525,15.299230769230768,2010-03-07 14:52:00,2010-03-07 14:52:00,0,1.0,1.0,1.1365142857142856,525.0,641,1
15632.0,3147.31,10,2049,17.78141242937853,2011-03-10 08:29:00,2011-11-24 09:51:00,259,8.633333333333333,1.1583011583011584,1.536022449975598,204.9,15,0
15633.0,4173.41,18,2024,22.55897297297297,2009-12-08 17:51:00,2010-07-18 13:54:00,221,7.366666666666666,2.443438914027149,2.0619614624505926,112.44444444444444,508,1
15634.0,554.65,2,227,16.313235294117646,2010-11-21 15:30:00,2011-11-22 16:28:00,366,12.2,0.1639344262295082,2.443392070484581,113.5,16,0
15635.0,100.35,1,5,50.175,2010-11-09 08:58:00,2010-11-09 08:58:00,0,1.0,1.0,20.07,5.0,395,1
15636.0,1444.58,4,560,25.343508771929823,2010-05-19 11:37:00,2011-09-11 11:17:00,479,15.966666666666669,0.2505219206680584,2.5796071428571428,140.0,89,0
15637.0,797.59,5,651,19.45341463414634,2009-12-15 17:54:00,2011-10-18 08:28:00,671,22.366666666666667,0.2235469448584202,1.2251766513056837,130.2,52,0
15638.0,2137.2,9,1078,73.69655172413792,2010-01-27 11:44:00,2011-02-11 15:12:00,380,12.666666666666666,0.7105263157894737,1.982560296846011,119.77777777777776,300,1
15639.0,1028.33,5,832,14.28236111111111,2010-04-13 13:11:00,2011-07-28 14:30:00,471,15.7,0.3184713375796179,1.2359735576923077,166.4,133,1
15640.0,23835.41,34,12336,30.40230867346939,2009-12-14 16:36:00,2011-12-05 14:35:00,720,24.0,1.4166666666666667,1.93218304150454,362.8235294117647,3,0
15641.0,5345.55,12,4422,17.188263665594857,2009-12-06 15:31:00,2011-08-26 14:04:00,627,20.9,0.5741626794258373,1.208853459972863,368.5,104,1
15642.0,105.78000000000002,1,270,17.630000000000003,2009-12-10 11:51:00,2009-12-10 11:51:00,0,1.0,1.0,0.3917777777777778,270.0,729,1
15643.0,647.4,6,242,17.983333333333334,2011-03-02 14:34:00,2011-06-13 17:19:00,103,3.433333333333333,1.7475728155339807,2.675206611570248,40.333333333333336,178,1
15644.0,813.0,4,557,3.4159663865546217,2011-03-23 15:37:00,2011-06-26 14:54:00,94,3.1333333333333333,1.2765957446808511,1.459605026929982,139.25,165,1
15645.0,1042.57,4,390,15.109710144927536,2010-10-10 12:51:00,2011-11-21 11:55:00,406,13.533333333333331,0.2955665024630542,2.67325641025641,97.5,18,0
15646.0,952.11,6,1045,11.071046511627909,2010-10-25 13:06:00,2011-07-05 09:53:00,252,8.4,0.7142857142857143,0.91111004784689,174.16666666666666,157,1
15647.0,169.0,1,124,15.363636363636363,2010-10-20 15:09:00,2010-10-20 15:09:00,0,1.0,1.0,1.3629032258064515,124.0,414,1
15648.0,599.9,4,213,21.425,2011-03-17 18:59:00,2011-05-19 15:53:00,62,2.066666666666667,1.9354838709677415,2.816431924882629,53.25,203,1
15649.0,2170.35,4,485,180.8625,2010-11-17 16:22:00,2011-01-07 13:34:00,50,1.6666666666666667,2.4,4.474948453608247,121.25,335,1
15650.0,539.03,3,207,14.568378378378378,2010-03-21 11:46:00,2010-07-12 16:02:00,113,3.7666666666666666,0.7964601769911505,2.6040096618357484,69.0,514,1
15651.0,1259.06,5,871,20.98433333333333,2010-04-22 13:26:00,2011-11-03 08:41:00,559,18.633333333333333,0.2683363148479427,1.4455338691159587,174.2,36,0
15652.0,1411.84,6,657,13.446095238095236,2010-08-11 16:58:00,2011-09-09 14:22:00,393,13.1,0.4580152671755725,2.148919330289193,109.5,90,0
15653.0,877.4399999999999,2,1200,146.23999999999998,2011-08-16 09:50:00,2011-09-08 10:49:00,23,0.7666666666666667,2.608695652173913,0.7312,600.0,92,1
15654.0,922.53,2,475,43.93,2011-11-13 15:15:00,2011-11-30 13:08:00,16,0.5333333333333333,3.75,1.9421684210526315,237.5,8,0
15655.0,511.32,2,319,13.81945945945946,2011-04-10 15:25:00,2011-04-20 16:28:00,10,0.3333333333333333,6.0,1.602884012539185,159.5,232,1
15656.0,748.5,4,343,15.925531914893616,2011-02-28 15:32:00,2011-10-25 14:56:00,238,7.933333333333334,0.5042016806722689,2.182215743440233,85.75,44,0
15657.0,30.0,1,24,30.0,2011-11-17 12:19:00,2011-11-17 12:19:00,0,1.0,1.0,1.25,24.0,22,0
15658.0,2270.34,13,664,17.070225563909776,2009-12-03 11:19:00,2011-06-02 15:22:00,546,18.2,0.7142857142857143,3.419186746987952,51.07692307692308,189,1
15659.0,532.49,3,161,25.356666666666666,2010-02-24 13:32:00,2011-10-27 09:23:00,609,20.3,0.147783251231527,3.307391304347826,53.66666666666666,43,0
15660.0,2764.14,18,1880,16.752363636363636,2010-02-05 16:01:00,2011-11-14 16:58:00,647,21.566666666666663,0.8346213292117465,1.470287234042553,104.44444444444444,24,0
15661.0,1215.95,8,779,27.635227272727278,2010-05-10 07:59:00,2011-01-26 13:56:00,261,8.7,0.9195402298850576,1.5609114249037228,97.375,316,1
15662.0,283.73,2,145,23.644166666666667,2009-12-01 13:49:00,2010-02-16 16:47:00,77,2.566666666666667,0.7792207792207791,1.9567586206896552,72.5,660,1
15663.0,138.14,1,106,15.348888888888888,2011-08-25 15:50:00,2011-08-25 15:50:00,0,1.0,1.0,1.3032075471698112,106.0,105,1
15664.0,1212.35,7,511,16.383108108108107,2010-02-28 12:50:00,2011-10-20 10:57:00,598,19.933333333333334,0.3511705685618729,2.372504892367906,73.0,50,0
15665.0,4015.12,5,2794,13.941388888888888,2010-03-14 15:07:00,2011-06-24 14:57:00,466,15.533333333333331,0.3218884120171674,1.4370508231925554,558.8,167,1
15666.0,632.9399999999999,2,469,9.44686567164179,2010-08-01 15:41:00,2010-08-24 16:14:00,23,0.7666666666666667,2.608695652173913,1.34955223880597,234.5,471,1
15667.0,301.32,1,240,23.178461538461537,2011-10-31 10:56:00,2011-10-31 10:56:00,0,1.0,1.0,1.2555,240.0,39,0
15668.0,76.32000000000001,1,72,76.32000000000001,2011-05-06 10:39:00,2011-05-06 10:39:00,0,1.0,1.0,1.06,72.0,217,1
15669.0,677.69,5,339,19.36257142857143,2011-03-21 09:13:00,2011-10-30 16:03:00,223,7.433333333333334,0.6726457399103138,1.999085545722714,67.8,39,0
15670.0,315.2,3,124,15.76,2010-06-01 15:34:00,2011-02-16 10:50:00,259,8.633333333333333,0.3474903474903475,2.541935483870968,41.333333333333336,296,1
15671.0,2635.49,10,1681,32.53691358024692,2011-03-14 09:37:00,2011-11-21 12:43:00,252,8.4,1.1904761904761905,1.5678108268887567,168.1,18,0
15672.0,45.3,1,10,15.1,2009-12-14 16:52:00,2009-12-14 16:52:00,0,1.0,1.0,4.53,10.0,724,1
15673.0,6409.84,10,3360,22.25638888888889,2010-02-22 14:28:00,2011-09-12 16:12:00,567,18.9,0.5291005291005292,1.9076904761904765,336.0,87,0
15674.0,6217.85,18,3444,16.625267379679144,2009-12-08 17:08:00,2011-09-27 15:17:00,657,21.9,0.8219178082191781,1.8054152148664344,191.33333333333331,72,0
15675.0,542.04,4,624,15.486857142857142,2010-10-31 14:14:00,2011-09-19 13:48:00,322,10.733333333333333,0.3726708074534162,0.8686538461538461,156.0,80,0
15676.0,3324.09,5,2231,15.389305555555556,2011-03-01 10:19:00,2011-11-30 17:39:00,274,9.133333333333333,0.5474452554744526,1.48995517705065,446.2,8,0
15677.0,1305.63,3,675,18.13375,2010-09-02 12:08:00,2011-10-21 15:36:00,414,13.8,0.217391304347826,1.9342666666666664,225.0,48,0
15678.0,1893.89,3,1067,19.52463917525773,2010-07-05 12:49:00,2011-10-18 09:25:00,469,15.633333333333333,0.1918976545842217,1.774967197750703,355.6666666666667,52,0
15679.0,781.28,4,1170,7.102545454545455,2011-06-10 08:24:00,2011-11-15 16:19:00,158,5.266666666666667,0.759493670886076,0.6677606837606838,292.5,23,0
15680.0,4464.4800000000005,12,3064,16.65850746268657,2009-12-02 12:15:00,2011-11-30 13:46:00,728,24.266666666666666,0.4945054945054945,1.457075718015666,255.33333333333331,8,0
15681.0,2480.2,16,1126,24.07961165048544,2010-05-24 14:18:00,2011-11-21 13:25:00,545,18.166666666666668,0.8807339449541284,2.202664298401421,70.375,17,0
15682.0,316.99,3,221,12.191923076923077,2010-01-21 14:37:00,2010-04-19 15:30:00,88,2.933333333333333,1.0227272727272727,1.434343891402715,73.66666666666667,598,1
15683.0,524.54,2,332,20.174615384615382,2010-08-23 12:01:00,2011-08-14 12:56:00,356,11.866666666666667,0.1685393258426966,1.5799397590361444,166.0,116,1
15684.0,147.8,6,72,10.55714285714286,2009-12-04 16:13:00,2010-06-10 18:51:00,188,6.266666666666667,0.9574468085106383,2.052777777777778,12.0,546,1
15685.0,55.98,1,36,3.2929411764705883,2010-09-15 13:43:00,2010-09-15 13:43:00,0,1.0,1.0,1.5550000000000002,36.0,449,1
15686.0,90.0,1,72,90.0,2010-10-15 13:50:00,2010-10-15 13:50:00,0,1.0,1.0,1.25,72.0,419,1
15687.0,2981.5,11,1308,17.74702380952381,2011-01-13 15:13:00,2011-12-01 08:33:00,321,10.7,1.0280373831775702,2.279434250764526,118.9090909090909,8,0
15688.0,190.57,1,95,7.058148148148148,2010-10-17 12:06:00,2010-10-17 12:06:00,0,1.0,1.0,2.006,95.0,418,1
15689.0,521.03,3,207,21.70958333333333,2010-04-01 09:53:00,2011-08-12 09:37:00,497,16.566666666666666,0.1810865191146881,2.517053140096618,69.0,119,1
15690.0,239.76,2,408,12.618947368421052,2011-08-31 11:40:00,2011-12-05 15:59:00,96,3.2,0.625,0.5876470588235294,204.0,3,0
15691.0,511.8,5,202,34.12,2009-12-06 16:01:00,2011-04-01 15:13:00,480,16.0,0.3125,2.5336633663366337,40.4,251,1
15692.0,191.04,1,138,15.92,2011-11-11 14:12:00,2011-11-11 14:12:00,0,1.0,1.0,1.3843478260869564,138.0,27,0
15693.0,37.5,1,30,37.5,2010-02-18 14:37:00,2010-02-18 14:37:00,0,1.0,1.0,1.25,30.0,658,1
15694.0,10566.46,29,2615,64.82490797546012,2009-12-07 15:43:00,2011-12-09 09:44:00,731,24.366666666666667,1.1901504787961696,4.040711281070745,90.17241379310344,0,0
15695.0,1131.04,4,484,19.170169491525424,2010-01-27 10:56:00,2011-03-18 08:32:00,414,13.8,0.2898550724637681,2.3368595041322315,121.0,266,1
15696.0,3757.47,21,1383,15.656125,2010-01-24 14:36:00,2011-11-06 14:02:00,650,21.666666666666668,0.9692307692307692,2.716898047722343,65.85714285714286,32,0
15697.0,246.75,1,127,17.625,2010-01-19 09:10:00,2010-01-19 09:10:00,0,1.0,1.0,1.942913385826772,127.0,689,1
15698.0,46.2,1,60,23.1,2010-03-25 17:38:00,2010-03-25 17:38:00,0,1.0,1.0,0.77,60.0,623,1
15699.0,309.65,1,113,17.202777777777776,2011-11-22 08:26:00,2011-11-22 08:26:00,0,1.0,1.0,2.740265486725664,113.0,17,0
15700.0,664.03,3,328,7.461011235955055,2011-06-19 15:36:00,2011-06-20 16:53:00,1,0.0333333333333333,90.0,2.024481707317073,109.33333333333331,171,1
15701.0,1542.14,4,923,6.506919831223629,2011-08-21 12:36:00,2011-12-07 14:39:00,108,3.6,1.1111111111111112,1.6707908992416036,230.75,1,0
15702.0,140.39,2,103,4.679666666666666,2010-01-26 17:23:00,2010-08-20 14:50:00,205,6.833333333333333,0.2926829268292683,1.363009708737864,51.5,475,1
15703.0,211.5,1,66,42.3,2011-03-20 10:51:00,2011-03-20 10:51:00,0,1.0,1.0,3.2045454545454546,66.0,264,1
15704.0,3744.18,8,1698,17.914736842105263,2010-05-05 14:51:00,2011-07-22 13:35:00,442,14.733333333333333,0.5429864253393666,2.205053003533569,212.25,139,1
15705.0,143.1,1,62,23.85,2011-05-22 15:37:00,2011-05-22 15:37:00,0,1.0,1.0,2.3080645161290323,62.0,200,1
15706.0,1001.81,7,305,16.979830508474578,2011-08-15 14:32:00,2011-10-11 10:14:00,56,1.8666666666666667,3.75,3.2846229508196725,43.57142857142857,59,0
15707.0,945.58,4,605,4.418598130841121,2011-09-14 14:19:00,2011-11-04 14:35:00,51,1.7,2.3529411764705883,1.5629421487603306,151.25,34,0
15708.0,4323.9800000000005,14,1661,10.597990196078433,2010-10-10 11:33:00,2011-10-30 10:54:00,384,12.8,1.09375,2.6032390126429865,118.64285714285714,40,0
15709.0,327.85,2,169,12.142592592592594,2010-04-29 18:31:00,2011-03-01 10:38:00,305,10.166666666666666,0.1967213114754098,1.939940828402367,84.5,283,1
15710.0,898.87,1,641,8.171545454545454,2010-10-18 17:05:00,2010-10-18 17:05:00,0,1.0,1.0,1.4022932917316693,641.0,416,1
15711.0,420.25,2,199,16.81,2010-01-24 12:13:00,2010-06-01 12:14:00,128,4.266666666666667,0.46875,2.1118090452261304,99.5,556,1
15712.0,3467.46,13,1276,20.76323353293413,2009-12-01 11:17:00,2011-11-30 14:09:00,729,24.3,0.5349794238683128,2.7174451410658307,98.15384615384616,8,0
15713.0,985.99,6,506,15.65063492063492,2009-12-16 09:41:00,2011-07-19 13:34:00,580,19.33333333333333,0.3103448275862069,1.948596837944664,84.33333333333333,142,1
15714.0,784.8100000000001,5,362,16.0165306122449,2010-06-02 12:08:00,2011-11-28 11:26:00,543,18.1,0.2762430939226519,2.1679834254143646,72.4,11,0
15715.0,658.02,5,246,17.316315789473684,2010-03-30 12:17:00,2010-06-02 09:56:00,63,2.1,2.380952380952381,2.674878048780488,49.2,555,1
15716.0,3056.81,11,1821,9.376717791411044,2009-12-07 12:42:00,2011-07-17 11:59:00,586,19.53333333333333,0.5631399317406143,1.6786436024162548,165.54545454545453,145,1
15717.0,607.0,5,224,25.291666666666668,2010-04-26 10:41:00,2011-04-19 13:21:00,358,11.933333333333334,0.4189944134078212,2.7098214285714284,44.8,233,1
15718.0,293.79,1,95,16.32166666666667,2010-06-17 16:20:00,2010-06-17 16:20:00,0,1.0,1.0,3.092526315789474,95.0,539,1
15719.0,10134.36,39,5353,5.649030100334448,2009-12-01 12:47:00,2011-11-07 12:29:00,705,23.5,1.6595744680851063,1.8932112833924903,137.25641025641025,32,0
15720.0,741.92,2,329,4.78658064516129,2010-06-07 15:40:00,2011-11-15 14:48:00,525,17.5,0.1142857142857142,2.2550759878419453,164.5,23,0
15721.0,507.08,1,409,5.572307692307692,2011-11-28 12:14:00,2011-11-28 12:14:00,0,1.0,1.0,1.2398044009779952,409.0,11,0
15722.0,5120.05,15,2263,25.99010152284264,2010-03-09 13:58:00,2011-11-04 11:43:00,604,20.133333333333333,0.7450331125827815,2.262505523641184,150.86666666666667,35,0
15723.0,947.65,4,444,7.346124031007752,2010-05-14 12:55:00,2010-12-10 11:12:00,209,6.966666666666667,0.5741626794258373,2.1343468468468467,111.0,364,1
15724.0,299.8,5,114,14.99,2010-11-04 10:22:00,2011-05-22 14:40:00,199,6.633333333333334,0.7537688442211055,2.6298245614035087,22.8,200,1
15725.0,415.25,1,221,12.9765625,2011-11-24 14:51:00,2011-11-24 14:51:00,0,1.0,1.0,1.8789592760180995,221.0,14,0
15726.0,321.91,1,123,13.99608695652174,2010-11-14 16:12:00,2010-11-14 16:12:00,0,1.0,1.0,2.6171544715447155,123.0,389,1
15727.0,9445.51,15,5942,13.610244956772334,2010-01-24 12:12:00,2011-11-23 12:36:00,668,22.266666666666666,0.6736526946107785,1.5896179737462135,396.1333333333333,16,0
15728.0,409.80000000000007,3,98,25.612500000000004,2010-09-21 14:46:00,2011-10-21 14:03:00,394,13.133333333333333,0.2284263959390863,4.181632653061225,32.666666666666664,48,0
15729.0,154.70000000000002,5,40,11.900000000000002,2010-11-01 13:44:00,2011-05-25 16:43:00,205,6.833333333333333,0.7317073170731707,3.8675000000000006,8.0,197,1
15730.0,1708.18,7,1053,14.853739130434784,2010-10-04 14:15:00,2011-10-05 12:31:00,365,12.166666666666666,0.5753424657534247,1.6222032288698955,150.42857142857142,65,0
15731.0,125.3,1,122,15.6625,2010-06-04 10:10:00,2010-06-04 10:10:00,0,1.0,1.0,1.0270491803278687,122.0,553,1
15732.0,1637.52,12,1352,15.30392523364486,2010-02-04 10:10:00,2011-05-11 14:24:00,461,15.366666666666667,0.7809110629067245,1.2111834319526626,112.66666666666669,211,1
15733.0,162.3,1,62,16.23,2011-03-02 09:05:00,2011-03-02 09:05:00,0,1.0,1.0,2.617741935483872,62.0,282,1
15734.0,2263.3,4,516,52.63488372093024,2010-06-10 14:25:00,2011-08-17 10:50:00,432,14.4,0.2777777777777778,4.38624031007752,129.0,114,1
15735.0,327.68,1,206,17.246315789473684,2010-10-14 13:38:00,2010-10-14 13:38:00,0,1.0,1.0,1.5906796116504855,206.0,420,1
15736.0,1717.27,3,1259,16.200660377358492,2010-09-30 14:19:00,2010-10-05 19:59:00,5,0.1666666666666666,18.0,1.363995234312947,419.6666666666667,429,1
15737.0,1121.21,12,584,13.8420987654321,2011-04-11 10:01:00,2011-11-25 11:21:00,228,7.6,1.5789473684210529,1.9198801369863012,48.66666666666666,14,0
15738.0,13342.12,45,9264,26.630978043912176,2009-12-10 15:52:00,2011-11-21 08:26:00,710,23.666666666666668,1.9014084507042253,1.4402115716753023,205.86666666666667,18,0
15739.0,449.12,1,472,56.14,2011-10-04 13:42:00,2011-10-04 13:42:00,0,1.0,1.0,0.9515254237288135,472.0,65,0
15740.0,154.88,1,152,17.20888888888889,2011-10-21 14:29:00,2011-10-21 14:29:00,0,1.0,1.0,1.0189473684210526,152.0,48,0
15741.0,208.62,2,70,17.385,2010-03-31 11:55:00,2010-09-07 16:21:00,160,5.333333333333333,0.375,2.9802857142857144,35.0,457,1
15742.0,156.87,1,51,3.82609756097561,2010-03-30 15:25:00,2010-03-30 15:25:00,0,1.0,1.0,3.0758823529411767,51.0,618,1
15743.0,784.46,4,216,8.914318181818182,2011-06-08 10:14:00,2011-11-23 17:19:00,168,5.6,0.7142857142857143,3.63175925925926,54.0,15,0
15744.0,34.8,1,120,11.6,2011-09-23 09:52:00,2011-09-23 09:52:00,0,1.0,1.0,0.29,120.0,77,0
15745.0,1071.24,6,412,16.480615384615383,2011-04-17 13:04:00,2011-12-01 11:18:00,227,7.566666666666666,0.7929515418502203,2.6000970873786406,68.66666666666667,8,0
15746.0,182.96,2,130,6.308965517241379,2011-07-28 15:21:00,2011-07-28 15:27:00,0,1.0,2.0,1.4073846153846157,65.0,133,1
15747.0,2560.66,10,1369,11.586696832579184,2010-01-18 11:21:00,2011-11-27 12:26:00,678,22.6,0.4424778761061946,1.8704601899196491,136.9,12,0
15748.0,614.76,3,262,16.615135135135134,2010-09-16 16:52:00,2011-10-30 12:51:00,408,13.6,0.2205882352941176,2.346412213740458,87.33333333333333,39,0
15749.0,21535.9,4,9014,1435.7266666666667,2011-01-11 12:55:00,2011-04-18 13:20:00,97,3.2333333333333334,1.2371134020618555,2.389161304637231,2253.5,234,1
15750.0,6692.551,24,4565,10.048875375375376,2009-12-01 16:26:00,2011-12-07 12:34:00,735,24.5,0.979591836734694,1.46605717415115,190.20833333333331,2,0
15751.0,1318.84,14,437,9.842089552238804,2009-12-06 13:08:00,2010-09-05 12:44:00,272,9.066666666666666,1.5441176470588236,3.017940503432494,31.214285714285715,460,1
15752.0,4199.09,10,2962,6.872487725040917,2010-09-08 11:56:00,2011-10-31 11:37:00,417,13.9,0.7194244604316546,1.4176536124240378,296.2,39,0
15753.0,79.2,1,144,79.2,2011-02-08 12:41:00,2011-02-08 12:41:00,0,1.0,1.0,0.55,144.0,304,1
15754.0,3001.86,12,1755,22.236,2010-02-22 13:31:00,2011-10-20 11:44:00,604,20.133333333333333,0.5960264900662252,1.7104615384615385,146.25,50,0
15755.0,5936.95,20,3999,15.54175392670157,2009-12-04 08:24:00,2011-12-08 18:59:00,734,24.466666666666665,0.8174386920980927,1.4846086521630406,199.95,0,0
15756.0,532.96,4,242,2.7758333333333334,2011-04-04 14:00:00,2011-10-09 13:30:00,187,6.233333333333333,0.6417112299465241,2.202314049586777,60.5,60,0
15757.0,2940.36,6,1757,15.235025906735752,2010-06-10 13:47:00,2011-10-05 12:14:00,481,16.033333333333335,0.3742203742203742,1.6735116676152533,292.8333333333333,65,0
15758.0,205.25,1,47,22.80555555555556,2011-11-15 10:48:00,2011-11-15 10:48:00,0,1.0,1.0,4.367021276595745,47.0,24,0
15759.0,810.98,10,518,40.549,2009-12-02 10:08:00,2011-05-05 15:13:00,519,17.3,0.5780346820809248,1.5655984555984557,51.8,217,1
15760.0,-5795.87,5,-1,-1159.174,2010-03-19 11:30:00,2010-03-19 11:53:00,0,1.0,5.0,5795.87,-0.2,630,1
15761.0,143.05,1,31,28.610000000000003,2010-09-23 09:33:00,2010-09-23 09:33:00,0,1.0,1.0,4.614516129032259,31.0,442,1
15762.0,583.75,2,251,15.777027027027026,2011-09-23 15:17:00,2011-10-05 16:15:00,12,0.4,5.0,2.3256972111553784,125.5,64,0
15763.0,1048.67,3,268,16.645555555555557,2011-09-23 12:10:00,2011-11-08 09:44:00,45,1.5,2.0,3.91294776119403,89.33333333333333,31,0
15764.0,4453.28,14,2925,17.194131274131273,2010-08-18 13:58:00,2011-09-19 16:16:00,397,13.233333333333333,1.057934508816121,1.5224888888888888,208.92857142857144,80,0
15765.0,370.63,1,335,14.8252,2010-02-11 10:25:00,2010-02-11 10:25:00,0,1.0,1.0,1.106358208955224,335.0,666,1
15766.0,799.66,4,330,28.559285714285718,2010-01-26 15:55:00,2011-10-06 17:03:00,618,20.6,0.1941747572815534,2.423212121212121,82.5,63,0
15767.0,-242.7,2,-50,-26.96666666666667,2009-12-04 14:56:00,2010-03-08 15:48:00,94,3.1333333333333333,0.6382978723404256,4.854,-25.0,640,1
15768.0,15559.46,36,4256,12.537840451248991,2009-12-03 12:10:00,2011-08-16 10:48:00,620,20.666666666666668,1.7419354838709675,3.655888157894736,118.22222222222224,115,1
15769.0,84269.38,51,47090,346.7875720164609,2009-12-11 09:58:00,2011-12-02 13:52:00,721,24.03333333333333,2.1220527045769764,1.789538755574432,923.3333333333334,6,0
15770.0,321.45,1,67,17.858333333333334,2010-04-06 11:47:00,2010-04-06 11:47:00,0,1.0,1.0,4.79776119402985,67.0,612,1
15771.0,1006.54,3,512,35.94785714285714,2010-01-15 12:14:00,2010-04-14 13:56:00,89,2.966666666666667,1.0112359550561798,1.9658984375,170.66666666666666,603,1
15772.0,280.88,1,110,17.555,2010-10-17 13:33:00,2010-10-17 13:33:00,0,1.0,1.0,2.5534545454545454,110.0,417,1
15773.0,774.52,2,410,16.479148936170212,2010-10-26 15:27:00,2011-12-04 12:48:00,403,13.433333333333334,0.1488833746898263,1.8890731707317072,205.0,5,0
15774.0,1324.2,7,472,11.615789473684211,2010-02-21 12:57:00,2011-10-02 12:04:00,587,19.566666666666663,0.3577512776831346,2.8055084745762717,67.42857142857143,68,0
15775.0,150.5,2,260,16.72222222222222,2010-03-18 07:32:00,2011-04-08 12:56:00,386,12.866666666666667,0.155440414507772,0.5788461538461539,130.0,244,1
15776.0,241.62,1,138,13.423333333333334,2011-07-29 13:46:00,2011-07-29 13:46:00,0,1.0,1.0,1.7508695652173911,138.0,132,1
15777.0,1732.16,9,595,42.247804878048775,2010-05-20 10:37:00,2011-04-12 16:43:00,327,10.9,0.8256880733944953,2.911193277310924,66.11111111111111,240,1
15778.0,307.95,1,101,18.11470588235294,2010-10-04 15:10:00,2010-10-04 15:10:00,0,1.0,1.0,3.049009900990099,101.0,430,1
15779.0,124.08,2,20,15.510000000000002,2010-06-25 15:55:00,2010-09-02 16:40:00,69,2.3,0.8695652173913044,6.204000000000001,10.0,462,1
15780.0,475.28,3,220,16.38896551724138,2010-12-17 11:43:00,2011-06-09 12:01:00,174,5.8,0.5172413793103449,2.1603636363636367,73.33333333333333,183,1
15781.0,333.56,4,178,15.883809523809523,2011-02-07 09:15:00,2011-11-14 14:57:00,280,9.333333333333334,0.4285714285714285,1.873932584269663,44.5,24,0
15782.0,3985.65,6,1842,63.26428571428571,2009-12-17 17:50:00,2011-11-30 10:49:00,712,23.73333333333333,0.2528089887640449,2.163762214983713,307.0,9,0
15783.0,246.3,1,212,17.592857142857145,2011-11-29 09:50:00,2011-11-29 09:50:00,0,1.0,1.0,1.1617924528301888,212.0,10,0
15784.0,848.33,2,381,19.72860465116279,2010-02-05 14:42:00,2010-08-29 10:38:00,204,6.8,0.2941176470588235,2.2265879265091866,190.5,467,1
15785.0,5825.33,26,4427,23.87430327868853,2009-12-15 16:28:00,2011-11-10 12:08:00,694,23.133333333333333,1.1239193083573489,1.3158640162638355,170.26923076923077,29,0
15786.0,8392.85,9,5893,17.412551867219918,2010-06-21 10:13:00,2011-10-27 10:53:00,493,16.433333333333334,0.5476673427991886,1.4242066858985238,654.7777777777778,43,0
15787.0,948.05,3,540,4.602184466019417,2011-10-09 13:11:00,2011-11-13 14:55:00,35,1.1666666666666667,2.571428571428571,1.755648148148148,180.0,25,0
15788.0,215.53,2,112,14.368666666666666,2010-07-19 12:48:00,2010-07-27 12:31:00,7,0.2333333333333333,8.571428571428571,1.924375,56.0,500,1
15789.0,1932.01,7,2475,13.800071428571428,2010-03-26 11:21:00,2010-12-16 14:35:00,265,8.833333333333334,0.7924528301886792,0.780610101010101,353.57142857142856,357,1
15790.0,220.85,1,114,6.31,2011-11-29 14:53:00,2011-11-29 14:53:00,0,1.0,1.0,1.9372807017543856,114.0,9,0
15791.0,3541.79,9,1949,19.67661111111111,2010-03-08 09:41:00,2011-10-27 10:14:00,598,19.933333333333334,0.451505016722408,1.817234479220113,216.55555555555557,43,0
15792.0,933.84,2,606,16.383157894736843,2010-03-31 09:42:00,2010-11-05 08:21:00,218,7.266666666666667,0.2752293577981651,1.540990099009901,303.0,399,1
15793.0,2382.92,9,1684,76.8683870967742,2009-12-01 12:54:00,2011-11-30 15:08:00,729,24.3,0.3703703703703703,1.4150356294536817,187.11111111111111,8,0
15794.0,777.0,2,288,51.8,2009-12-02 15:10:00,2009-12-03 13:04:00,0,1.0,2.0,2.6979166666666665,144.0,735,1
15795.0,1979.87,8,1411,15.11351145038168,2010-01-18 11:31:00,2011-07-13 10:43:00,540,18.0,0.4444444444444444,1.4031679659815737,176.375,149,1
15796.0,5019.95,22,1715,16.622350993377484,2009-12-01 12:18:00,2011-12-08 19:55:00,737,24.566666666666663,0.8955223880597015,2.9270845481049563,77.95454545454545,0,0
15797.0,2821.08,6,1281,235.09,2010-01-27 13:12:00,2011-08-18 17:04:00,568,18.933333333333334,0.3169014084507042,2.202248243559719,213.5,112,1
15798.0,1535.37,3,915,18.49843373493976,2010-01-27 11:55:00,2010-08-04 09:13:00,188,6.266666666666667,0.4787234042553192,1.678,305.0,492,1
15799.0,1424.29,4,1342,9.188967741935484,2010-10-17 14:26:00,2011-09-25 12:46:00,342,11.4,0.3508771929824561,1.0613189269746646,335.5,75,0
15800.0,1242.58,7,588,5.092540983606557,2010-03-31 13:17:00,2011-08-24 14:23:00,511,17.033333333333335,0.410958904109589,2.1132312925170065,84.0,106,1
15801.0,1042.19,4,562,15.104202898550726,2011-08-22 09:53:00,2011-10-24 13:52:00,63,2.1,1.9047619047619049,1.8544306049822064,140.5,45,0
15802.0,-451.42,3,-1,-150.47333333333333,2011-07-20 11:23:00,2011-07-20 11:40:00,0,1.0,3.0,451.42,-0.3333333333333333,142,1
15803.0,1929.66,4,1030,37.836470588235294,2010-02-01 16:29:00,2011-10-19 14:56:00,624,20.8,0.1923076923076923,1.873456310679612,257.5,50,0
15804.0,3848.55,19,2515,14.04580291970803,2011-05-25 10:12:00,2011-12-09 12:31:00,198,6.6,2.878787878787879,1.5302385685884692,132.3684210526316,0,0
15805.0,9708.92,40,6107,17.399498207885305,2009-12-10 12:57:00,2011-11-16 16:32:00,706,23.53333333333333,1.6997167138810196,1.5898018667103324,152.675,22,0
15806.0,784.58,3,602,25.30903225806452,2011-03-08 09:24:00,2011-10-24 14:35:00,230,7.666666666666667,0.3913043478260869,1.3032890365448506,200.66666666666663,45,0
15807.0,1807.57,6,1531,20.30977528089888,2010-02-11 15:32:00,2011-10-20 14:10:00,615,20.5,0.2926829268292683,1.1806466361854997,255.16666666666663,49,0
15808.0,18248.83,24,7198,20.879668192219683,2009-12-01 16:30:00,2011-02-06 14:33:00,431,14.366666666666667,1.6705336426914152,2.535263962211726,299.9166666666667,305,1
15809.0,862.88,9,649,12.878805970149251,2010-06-22 14:23:00,2011-11-04 12:05:00,499,16.633333333333333,0.5410821643286573,1.329553158705701,72.11111111111111,35,0
15810.0,2724.8,13,1510,14.118134715025908,2009-12-22 10:24:00,2011-09-22 09:38:00,638,21.266666666666666,0.6112852664576803,1.8045033112582785,116.15384615384616,78,0
15811.0,3843.22,10,1912,12.162088607594937,2010-11-16 16:46:00,2011-11-22 15:29:00,370,12.333333333333334,0.8108108108108107,2.01005230125523,191.2,16,0
15812.0,5186.17,13,3432,41.16007936507937,2009-12-15 13:40:00,2011-08-24 14:19:00,617,20.566666666666663,0.6320907617504052,1.511121794871795,264.0,106,1
15813.0,1303.91,2,603,32.59775,2011-04-14 09:09:00,2011-05-16 08:13:00,31,1.0333333333333334,1.9354838709677415,2.1623714759535653,301.5,207,1
15814.0,2531.84,8,1704,25.3184,2010-04-15 14:31:00,2011-12-06 15:01:00,600,20.0,0.4,1.4858215962441317,213.0,2,0
15815.0,2100.6,5,1856,42.86938775510204,2011-03-25 08:43:00,2011-10-07 12:42:00,196,6.533333333333333,0.7653061224489796,1.1317887931034485,371.2,63,0
15816.0,93.3,3,51,7.774999999999999,2010-06-15 12:54:00,2010-06-15 13:36:00,0,1.0,3.0,1.8294117647058823,17.0,541,1
15817.0,2766.4,3,1596,18.2,2010-06-14 13:31:00,2010-10-15 11:07:00,122,4.066666666666666,0.7377049180327869,1.7333333333333334,532.0,420,1
15818.0,340.5,1,284,30.954545454545453,2010-04-30 12:58:00,2010-04-30 12:58:00,0,1.0,1.0,1.198943661971831,284.0,587,1
15819.0,3911.28,11,2913,14.815454545454546,2010-03-18 11:08:00,2011-10-21 14:50:00,582,19.4,0.5670103092783506,1.3426982492276005,264.8181818181818,48,0
15820.0,206.98,1,128,12.17529411764706,2011-01-24 12:00:00,2011-01-24 12:00:00,0,1.0,1.0,1.61703125,128.0,319,1
15821.0,570.96,2,202,9.209032258064516,2011-10-09 13:28:00,2011-10-26 15:48:00,17,0.5666666666666667,3.5294117647058822,2.826534653465347,101.0,43,0
15822.0,1777.91,8,938,24.693194444444444,2009-12-06 14:34:00,2011-12-06 14:50:00,730,24.33333333333333,0.3287671232876712,1.8954264392324092,117.25,2,0
15823.0,3033.86,6,1487,17.336342857142856,2009-12-08 15:12:00,2011-01-06 12:58:00,393,13.1,0.4580152671755725,2.040255548083389,247.83333333333331,336,1
15824.0,890.94,2,478,34.26692307692308,2010-06-25 15:10:00,2010-09-12 13:20:00,78,2.6,0.7692307692307692,1.8638912133891212,239.0,452,1
15825.0,532.94,1,220,26.647,2011-06-20 13:27:00,2011-06-20 13:27:00,0,1.0,1.0,2.4224545454545456,220.0,171,1
15826.0,2583.13,6,1811,21.348181818181818,2010-05-20 17:00:00,2011-10-19 13:24:00,516,17.2,0.3488372093023256,1.4263556046383217,301.8333333333333,50,0
15827.0,3430.96,42,1749,12.85003745318352,2010-01-08 11:25:00,2011-09-27 15:35:00,627,20.9,2.009569377990431,1.9616695254431105,41.642857142857146,72,0
15828.0,1108.82,1,367,14.984054054054052,2010-11-29 16:41:00,2010-11-29 16:41:00,0,1.0,1.0,3.021307901907357,367.0,374,1
15829.0,636.14,2,996,12.473333333333333,2011-07-22 10:23:00,2011-09-01 16:45:00,41,1.3666666666666667,1.4634146341463414,0.6386947791164659,498.0,98,1
15830.0,547.7,2,409,13.358536585365854,2011-11-02 10:40:00,2011-11-10 13:35:00,8,0.2666666666666666,7.5,1.339119804400978,204.5,28,0
15831.0,747.76,4,1097,10.837101449275362,2011-01-19 14:44:00,2011-10-12 13:14:00,265,8.833333333333334,0.4528301886792452,0.681640838650866,274.25,57,0
15832.0,836.79,1,465,15.49611111111111,2011-03-30 15:29:00,2011-03-30 15:29:00,0,1.0,1.0,1.799548387096774,465.0,253,1
15833.0,80.4,1,24,16.080000000000002,2009-12-02 11:59:00,2009-12-02 11:59:00,0,1.0,1.0,3.35,24.0,737,1
15834.0,3600.29,9,1812,9.40023498694517,2010-10-11 14:05:00,2011-09-30 14:41:00,354,11.8,0.7627118644067796,1.9869150110375275,201.33333333333331,69,0
15835.0,954.09,4,439,19.0818,2011-01-13 10:35:00,2011-10-26 15:47:00,286,9.533333333333331,0.4195804195804196,2.173325740318907,109.75,43,0
15836.0,117.47,2,24,9.789166666666668,2011-10-20 17:13:00,2011-10-25 15:37:00,4,0.1333333333333333,15.0,4.894583333333333,12.0,44,0
15837.0,777.01,2,405,14.9425,2010-08-11 10:16:00,2011-10-06 09:01:00,420,14.0,0.1428571428571428,1.9185432098765431,202.5,64,0
15838.0,73404.11,38,45824,343.0098598130841,2009-12-15 09:51:00,2011-11-28 14:00:00,713,23.766666666666666,1.5988779803646564,1.6018704172486034,1205.8947368421052,10,0
15839.0,1020.74,5,670,15.703692307692307,2011-07-14 16:35:00,2011-11-14 13:25:00,122,4.066666666666666,1.2295081967213115,1.523492537313433,134.0,24,0
15840.0,345.66,3,394,12.345,2011-06-20 11:42:00,2011-10-12 09:08:00,113,3.7666666666666666,0.7964601769911505,0.8773096446700508,131.33333333333334,58,0
15841.0,2716.5,12,2374,28.296875,2009-12-10 08:29:00,2011-10-06 18:31:00,665,22.166666666666668,0.5413533834586466,1.1442712721145745,197.83333333333331,63,0
15842.0,528.75,3,288,18.883928571428573,2010-06-30 09:06:00,2010-11-16 17:58:00,139,4.633333333333334,0.6474820143884892,1.8359375,96.0,387,1
15843.0,118.95000000000002,1,27,14.868750000000002,2011-02-09 10:19:00,2011-02-09 10:19:00,0,1.0,1.0,4.405555555555556,27.0,303,1
15844.0,130.73999999999998,1,134,11.885454545454545,2011-10-24 15:19:00,2011-10-24 15:19:00,0,1.0,1.0,0.9756716417910446,134.0,45,0
15845.0,4273.65,14,2085,23.10081081081081,2010-01-26 14:44:00,2011-11-22 09:42:00,664,22.133333333333333,0.6325301204819277,2.0497122302158277,148.92857142857142,17,0
15846.0,107.01,1,79,3.69,2010-11-19 14:40:00,2010-11-19 14:40:00,0,1.0,1.0,1.3545569620253166,79.0,384,1
15847.0,822.57,5,643,17.136875,2010-03-08 08:47:00,2011-11-01 14:41:00,603,20.1,0.2487562189054726,1.2792690513219285,128.6,37,0
15848.0,139.94,1,46,3.998285714285714,2010-03-28 10:54:00,2010-03-28 10:54:00,0,1.0,1.0,3.042173913043478,46.0,621,1
15849.0,-5876.34,1,-1,-5876.34,2010-04-22 12:55:00,2010-04-22 12:55:00,0,1.0,1.0,5876.34,-1.0,595,1
15850.0,1058.72,6,1379,3.169820359281437,2009-12-13 13:27:00,2011-11-20 14:14:00,707,23.566666666666663,0.2545968882602546,0.7677447425670776,229.83333333333331,18,0
15851.0,109.73,1,67,13.71625,2010-07-01 12:34:00,2010-07-01 12:34:00,0,1.0,1.0,1.6377611940298509,67.0,526,1
15852.0,257.26,3,60,7.795757575757576,2010-07-01 10:16:00,2011-06-06 11:22:00,340,11.333333333333334,0.2647058823529412,4.2876666666666665,20.0,186,1
15853.0,110.8,1,135,3.693333333333333,2011-10-19 10:38:00,2011-10-19 10:38:00,0,1.0,1.0,0.8207407407407408,135.0,51,0
15854.0,5583.81,21,1704,21.642674418604653,2009-12-10 12:08:00,2011-12-05 13:39:00,725,24.166666666666668,0.8689655172413793,3.2768838028169016,81.14285714285714,3,0
15855.0,1052.72,6,712,11.081263157894735,2010-08-20 17:15:00,2011-07-26 10:20:00,339,11.3,0.5309734513274336,1.4785393258426969,118.66666666666669,136,1
15856.0,33817.44,58,20332,28.854470989761094,2009-12-03 14:02:00,2011-12-05 17:09:00,732,24.4,2.377049180327869,1.663261853236278,350.55172413793105,3,0
15857.0,570.48,2,584,23.77,2010-10-05 16:43:00,2011-11-21 12:18:00,411,13.7,0.145985401459854,0.9768493150684932,292.0,18,0
15858.0,3917.87,15,2913,8.078082474226804,2009-12-10 11:42:00,2011-11-24 12:48:00,714,23.8,0.6302521008403361,1.3449605217988327,194.2,15,0
15859.0,438.46,1,174,19.93,2010-10-03 12:52:00,2010-10-03 12:52:00,0,1.0,1.0,2.519885057471264,174.0,431,1
15860.0,2505.21,17,1342,6.8076358695652175,2009-12-06 12:31:00,2011-10-30 11:25:00,692,23.066666666666663,0.7369942196531792,1.8667734724292104,78.94117647058823,40,0
15861.0,4217.99,15,3847,5.246256218905472,2010-01-28 19:41:00,2011-11-27 15:59:00,667,22.23333333333333,0.6746626686656672,1.0964361840395112,256.46666666666664,11,0
15862.0,2928.29,13,1680,5.040086058519793,2009-12-17 11:33:00,2011-12-01 13:28:00,714,23.8,0.5462184873949579,1.743029761904762,129.23076923076923,7,0
15863.0,358.7,5,164,4.540506329113924,2009-12-17 10:20:00,2011-11-14 12:49:00,697,23.23333333333333,0.2152080344332855,2.18719512195122,32.8,25,0
15864.0,2014.22,9,1338,74.60074074074075,2010-11-23 15:02:00,2011-11-17 13:32:00,358,11.933333333333334,0.7541899441340782,1.5053961136023917,148.66666666666666,21,0
15865.0,2248.92,5,1147,17.708031496062993,2010-01-05 13:58:00,2011-10-30 12:43:00,662,22.066666666666663,0.2265861027190332,1.9606974716652137,229.4,40,0
15866.0,230.53,1,126,5.122888888888889,2011-08-30 14:09:00,2011-08-30 14:09:00,0,1.0,1.0,1.829603174603175,126.0,100,1
15867.0,8974.85,35,5122,8.403417602996255,2009-12-14 15:16:00,2011-12-04 13:37:00,719,23.966666666666665,1.4603616133518778,1.752215931276845,146.34285714285716,4,0
15868.0,94.53,1,57,23.6325,2010-05-05 14:11:00,2010-05-05 14:11:00,0,1.0,1.0,1.658421052631579,57.0,582,1
15869.0,323.66,3,274,9.247428571428571,2010-03-23 16:50:00,2011-03-07 17:23:00,349,11.633333333333333,0.2578796561604584,1.181240875912409,91.33333333333331,276,1
15870.0,862.61,4,508,5.868095238095238,2010-09-19 16:22:00,2011-11-07 10:58:00,413,13.766666666666667,0.2905569007263922,1.6980511811023622,127.0,32,0
15871.0,33.099999999999994,1,5,6.619999999999999,2010-09-28 14:16:00,2010-09-28 14:16:00,0,1.0,1.0,6.619999999999999,5.0,436,1
15872.0,795.68,4,506,3.700837209302325,2010-06-07 14:53:00,2011-11-25 11:55:00,535,17.833333333333332,0.2242990654205607,1.572490118577075,126.5,14,0
15873.0,138.23999999999998,5,576,15.359999999999998,2010-07-27 11:58:00,2010-08-04 11:51:00,7,0.2333333333333333,21.428571428571427,0.2399999999999999,115.2,492,1
15874.0,11135.0,25,5054,30.094594594594597,2010-01-07 13:56:00,2011-10-07 12:58:00,637,21.23333333333333,1.1773940345368916,2.2032053818757418,202.16,62,0
15875.0,111.72,1,76,4.4688,2010-03-03 16:51:00,2010-03-03 16:51:00,0,1.0,1.0,1.47,76.0,645,1
15876.0,1449.14,2,886,131.73999999999998,2010-09-17 15:26:00,2010-10-26 18:58:00,39,1.3,1.5384615384615383,1.6355981941309254,443.0,408,1
15877.0,440.78,3,246,3.364732824427481,2011-11-22 11:18:00,2011-12-08 11:57:00,16,0.5333333333333333,5.625,1.7917886178861788,82.0,1,0
15878.0,330.77,2,243,6.485686274509804,2009-12-06 12:28:00,2010-05-27 12:17:00,171,5.7,0.3508771929824561,1.36119341563786,121.5,561,1
15879.0,1157.3,4,643,6.324043715846995,2009-12-17 19:54:00,2010-10-31 16:21:00,317,10.566666666666666,0.3785488958990536,1.7998444790046657,160.75,403,1
15880.0,626.56,2,374,2.9554716981132074,2010-12-05 13:00:00,2010-12-05 13:09:00,0,1.0,2.0,1.6752941176470586,187.0,368,1
15881.0,438.24,8,199,13.695,2010-12-10 13:32:00,2011-01-31 16:59:00,52,1.7333333333333334,4.615384615384615,2.202211055276382,24.875,311,1
15882.0,1448.91,10,791,18.575769230769232,2009-12-10 15:33:00,2011-05-25 11:35:00,530,17.666666666666668,0.5660377358490566,1.8317446270543616,79.1,198,1
15883.0,396.48,2,223,8.091428571428573,2011-11-06 14:50:00,2011-12-07 17:05:00,31,1.0333333333333334,1.9354838709677415,1.7779372197309418,111.5,1,0
15884.0,243.75000000000003,3,157,15.234375000000002,2009-12-03 18:12:00,2010-10-03 15:55:00,303,10.1,0.297029702970297,1.5525477707006372,52.333333333333336,431,1
15885.0,1737.57,20,597,14.242377049180329,2010-01-21 12:47:00,2011-09-08 10:43:00,594,19.8,1.0101010101010102,2.910502512562814,29.85,92,1
15886.0,1052.87,4,667,16.98177419354839,2010-04-20 15:03:00,2011-10-10 14:25:00,537,17.9,0.223463687150838,1.5785157421289358,166.75,59,0
15887.0,1027.15,3,605,27.760810810810813,2010-06-02 11:53:00,2010-10-29 08:36:00,148,4.933333333333334,0.6081081081081081,1.6977685950413224,201.66666666666663,406,1
15888.0,402.12,4,123,9.80780487804878,2010-07-01 11:51:00,2011-09-21 09:44:00,446,14.866666666666667,0.2690582959641255,3.269268292682927,30.75,79,0
15889.0,1795.83,9,982,4.478379052369077,2009-12-10 12:21:00,2011-07-06 11:10:00,572,19.066666666666663,0.472027972027972,1.8287474541751527,109.11111111111111,156,1
15890.0,535.65,5,119,53.565,2010-04-14 08:43:00,2010-11-10 12:46:00,210,7.0,0.7142857142857143,4.501260504201681,23.8,394,1
15891.0,524.52,1,442,8.459999999999999,2011-04-27 12:35:00,2011-04-27 12:35:00,0,1.0,1.0,1.1866968325791856,442.0,226,1
15892.0,128.2,1,46,3.3736842105263154,2010-02-08 16:23:00,2010-02-08 16:23:00,0,1.0,1.0,2.78695652173913,46.0,668,1
15893.0,305.28000000000003,1,288,305.28000000000003,2010-08-15 11:12:00,2010-08-15 11:12:00,0,1.0,1.0,1.06,288.0,481,1
15894.0,420.29,2,283,5.320126582278482,2010-12-05 14:06:00,2011-03-31 13:50:00,115,3.8333333333333335,0.5217391304347826,1.4851236749116608,141.5,252,1
15895.0,179.17,1,94,16.288181818181815,2011-07-13 10:27:00,2011-07-13 10:27:00,0,1.0,1.0,1.9060638297872337,94.0,149,1
15896.0,-1899.67,1,-1,-1899.67,2010-03-25 12:23:00,2010-03-25 12:23:00,0,1.0,1.0,1899.67,-1.0,624,1
15897.0,222.05,2,261,9.252083333333331,2011-05-29 13:32:00,2011-05-29 13:50:00,0,1.0,2.0,0.8507662835249042,130.5,193,1
15898.0,5534.36,29,2401,7.872489331436699,2009-12-11 16:11:00,2011-12-08 15:23:00,726,24.2,1.1983471074380163,2.3050229071220323,82.79310344827586,0,0
15899.0,112.5,1,78,14.0625,2010-12-06 10:36:00,2010-12-06 10:36:00,0,1.0,1.0,1.4423076923076923,78.0,368,1
15900.0,890.5,5,659,6.797709923664122,2010-05-26 11:27:00,2011-11-16 12:19:00,539,17.966666666666665,0.2782931354359926,1.3512898330804248,131.8,23,0
15901.0,684.23,9,700,3.955086705202312,2010-06-14 12:39:00,2011-11-23 12:43:00,527,17.566666666666666,0.5123339658444023,0.9774714285714284,77.77777777777777,16,0
15902.0,145.01,1,124,8.056111111111111,2010-11-24 16:57:00,2010-11-24 16:57:00,0,1.0,1.0,1.1694354838709675,124.0,379,1
15903.0,8859.82,15,3917,74.45226890756302,2009-12-08 17:04:00,2011-11-30 08:08:00,721,24.03333333333333,0.624133148404993,2.2618892009190708,261.1333333333333,9,0
15904.0,164.68,1,84,5.489333333333334,2011-12-01 14:50:00,2011-12-01 14:50:00,0,1.0,1.0,1.9604761904761905,84.0,7,0
15905.0,114.69,1,82,5.213181818181818,2010-06-14 16:00:00,2010-06-14 16:00:00,0,1.0,1.0,1.398658536585366,82.0,542,1
15906.0,2467.89,12,742,11.922173913043478,2010-09-15 12:17:00,2011-11-20 12:24:00,431,14.366666666666667,0.8352668213457076,3.32599730458221,61.833333333333336,19,0
15907.0,967.45,3,509,3.885341365461848,2011-05-13 13:01:00,2011-12-06 12:21:00,206,6.866666666666666,0.4368932038834952,1.900687622789784,169.66666666666666,3,0
15908.0,764.57,2,174,18.648048780487805,2010-07-15 19:21:00,2010-08-06 11:56:00,21,0.7,2.857142857142857,4.394080459770115,87.0,490,1
15909.0,191.94,1,98,27.42,2011-06-19 10:38:00,2011-06-19 10:38:00,0,1.0,1.0,1.9585714285714289,98.0,173,1
15910.0,2681.8,15,2171,4.270382165605096,2010-01-21 11:51:00,2011-12-09 10:51:00,686,22.866666666666667,0.6559766763848396,1.235283279594657,144.73333333333332,0,0
15911.0,1401.55,10,809,5.369923371647509,2009-12-09 13:26:00,2010-09-17 13:57:00,282,9.4,1.0638297872340423,1.7324474660074165,80.9,447,1
15912.0,1074.7,9,759,11.31263157894737,2009-12-10 12:58:00,2011-06-14 14:29:00,551,18.366666666666667,0.4900181488203267,1.4159420289855074,84.33333333333333,177,1
15913.0,6.300000000000001,1,3,6.300000000000001,2010-06-23 16:31:00,2010-06-23 16:31:00,0,1.0,1.0,2.1,3.0,533,1
15914.0,205.99,2,149,15.845384615384615,2010-11-26 16:09:00,2010-11-26 16:10:00,0,1.0,2.0,1.38248322147651,74.5,377,1
15915.0,429.21,1,451,2.939794520547945,2010-11-03 11:13:00,2010-11-03 11:13:00,0,1.0,1.0,0.9516851441241684,451.0,401,1
15916.0,3277.67,17,1683,9.583830409356723,2009-12-10 15:01:00,2011-11-23 13:46:00,712,23.73333333333333,0.7162921348314606,1.9475163398692807,99.0,15,0
15917.0,560.63,5,263,3.616967741935484,2009-12-02 14:55:00,2011-04-06 10:40:00,489,16.3,0.3067484662576687,2.1316730038022813,52.6,247,1
15918.0,582.88,3,240,9.555409836065571,2010-03-18 11:40:00,2011-06-02 11:42:00,441,14.7,0.2040816326530612,2.4286666666666665,80.0,190,1
15919.0,910.61,2,787,4.742760416666667,2010-12-06 11:26:00,2011-11-20 11:28:00,349,11.633333333333333,0.1719197707736389,1.1570648030495554,393.5,19,0
15920.0,571.64,9,240,5.292962962962963,2009-12-14 13:09:00,2011-07-08 15:31:00,571,19.03333333333333,0.4728546409807355,2.381833333333333,26.666666666666668,153,1
15921.0,802.11,4,342,9.66397590361446,2010-03-09 11:03:00,2011-06-20 11:03:00,468,15.6,0.2564102564102564,2.3453508771929825,85.5,172,1
15922.0,727.2,2,272,30.3,2010-12-01 13:51:00,2010-12-02 13:05:00,0,1.0,2.0,2.673529411764706,136.0,371,1
15923.0,254.16,1,244,6.051428571428572,2010-12-02 12:16:00,2010-12-02 12:16:00,0,1.0,1.0,1.041639344262295,244.0,372,1
15924.0,102.82,1,103,6.854666666666666,2009-12-08 15:00:00,2009-12-08 15:00:00,0,1.0,1.0,0.998252427184466,103.0,730,1
15925.0,207.15,1,93,17.2625,2011-05-29 15:35:00,2011-05-29 15:35:00,0,1.0,1.0,2.22741935483871,93.0,193,1
15926.0,134.44,1,155,19.205714285714286,2010-06-15 15:23:00,2010-06-15 15:23:00,0,1.0,1.0,0.8673548387096774,155.0,541,1
15927.0,123.39,1,69,7.258235294117647,2010-03-02 13:25:00,2010-03-02 13:25:00,0,1.0,1.0,1.7882608695652171,69.0,646,1
15928.0,293.53,1,164,26.684545454545454,2010-02-21 15:16:00,2010-02-21 15:16:00,0,1.0,1.0,1.7898170731707317,164.0,655,1
15929.0,594.0,1,120,594.0,2010-03-05 14:56:00,2010-03-05 14:56:00,0,1.0,1.0,4.95,120.0,643,1
15930.0,426.63000000000005,1,139,20.31571428571429,2011-10-03 14:52:00,2011-10-03 14:52:00,0,1.0,1.0,3.069280575539569,139.0,66,0
15931.0,239.9,1,118,17.135714285714286,2010-10-07 16:46:00,2010-10-07 16:46:00,0,1.0,1.0,2.033050847457627,118.0,427,1
15932.0,2461.85,11,2311,20.68781512605042,2011-02-23 14:50:00,2011-12-05 17:13:00,285,9.5,1.1578947368421053,1.065274772825617,210.0909090909091,3,0
15933.0,1107.46,3,885,14.965675675675676,2011-09-14 12:05:00,2011-11-18 13:14:00,65,2.1666666666666665,1.3846153846153848,1.251367231638418,295.0,20,0
15934.0,2190.66,2,2166,75.53999999999999,2010-10-06 12:08:00,2010-10-18 10:13:00,11,0.3666666666666666,5.454545454545455,1.0113850415512464,1083.0,417,1
15935.0,108.04,3,-171,3.177647058823529,2009-12-08 17:23:00,2011-04-14 13:27:00,491,16.366666666666667,0.1832993890020366,-0.631812865497076,-57.0,238,1
15936.0,282.79,2,211,14.883684210526315,2010-08-29 11:42:00,2010-11-25 16:39:00,88,2.933333333333333,0.6818181818181819,1.3402369668246443,105.5,378,1
15937.0,145.35,1,73,20.764285714285712,2011-10-06 15:48:00,2011-10-06 15:48:00,0,1.0,1.0,1.9910958904109588,73.0,63,0
15938.0,734.81,9,449,18.84128205128205,2010-06-01 09:42:00,2011-08-19 12:56:00,444,14.8,0.6081081081081081,1.6365478841870822,49.888888888888886,111,1
15939.0,9047.64,17,6257,55.849629629629625,2010-11-30 12:07:00,2011-09-11 11:30:00,284,9.466666666666669,1.795774647887324,1.4460028767780084,368.05882352941177,89,0
15940.0,-3.552713678800501e-15,3,-1,-1.1842378929335002e-15,2010-10-26 18:17:00,2011-02-01 16:21:00,97,3.2333333333333334,0.9278350515463918,3.552713678800501e-15,-0.3333333333333333,310,1
15941.0,230.6,2,28,23.06,2010-03-12 14:45:00,2010-07-14 16:01:00,124,4.133333333333334,0.4838709677419354,8.235714285714286,14.0,512,1
15942.0,337.44,1,232,24.102857142857143,2011-07-29 09:01:00,2011-07-29 09:01:00,0,1.0,1.0,1.4544827586206897,232.0,133,1
15943.0,271.29,2,183,22.6075,2010-01-31 11:04:00,2010-02-28 12:49:00,28,0.9333333333333332,2.142857142857143,1.4824590163934424,91.5,649,1
15944.0,2164.24,4,859,56.95368421052631,2009-12-13 12:57:00,2011-03-08 10:33:00,449,14.966666666666669,0.2672605790645879,2.519487776484284,214.75,276,1
15945.0,827.27,4,397,27.575666666666667,2009-12-01 13:47:00,2010-12-09 13:14:00,372,12.4,0.3225806451612903,2.0838035264483628,99.25,364,1
15946.0,2304.18,3,1614,88.62230769230769,2010-03-16 10:49:00,2010-07-25 12:18:00,131,4.366666666666666,0.6870229007633588,1.427620817843866,538.0,502,1
15947.0,1708.24,1,898,58.9048275862069,2011-09-18 10:46:00,2011-09-18 10:46:00,0,1.0,1.0,1.902271714922049,898.0,82,0
15948.0,1509.09,3,852,15.885157894736844,2010-10-11 12:16:00,2011-12-01 15:32:00,416,13.866666666666667,0.2163461538461538,1.7712323943661974,284.0,7,0
15949.0,364.72,2,284,19.19578947368421,2011-09-29 17:34:00,2011-11-23 09:09:00,54,1.8,1.1111111111111112,1.284225352112676,142.0,16,0
15950.0,6938.51,13,3330,17.25997512437811,2010-01-26 10:54:00,2011-12-08 10:34:00,680,22.666666666666668,0.5735294117647058,2.083636636636637,256.15384615384613,1,0
15951.0,974.52,4,413,15.975737704918032,2010-11-23 18:20:00,2011-12-08 18:57:00,380,12.666666666666666,0.3157894736842105,2.3596125907990317,103.25,0,0
15952.0,806.57,4,399,8.863406593406594,2011-04-28 12:55:00,2011-11-06 11:18:00,191,6.366666666666666,0.6282722513089005,2.0214786967418545,99.75,33,0
15953.0,3524.7,21,1749,18.3578125,2009-12-03 14:00:00,2011-11-24 15:32:00,721,24.03333333333333,0.8737864077669902,2.0152658662092624,83.28571428571429,14,0
15954.0,190.75,1,119,9.5375,2010-04-29 13:35:00,2010-04-29 13:35:00,0,1.0,1.0,1.6029411764705883,119.0,588,1
15955.0,8622.61,25,4198,23.43100543478261,2010-02-23 16:36:00,2011-11-15 14:15:00,629,20.966666666666665,1.192368839427663,2.0539804668889947,167.92,23,0
15956.0,617.6,2,278,34.31111111111111,2009-12-13 11:16:00,2010-06-06 13:06:00,175,5.833333333333333,0.3428571428571428,2.2215827338129497,139.0,550,1
15957.0,930.1,3,458,6.159602649006622,2010-10-15 12:11:00,2011-11-08 12:14:00,389,12.966666666666669,0.2313624678663239,2.030786026200873,152.66666666666666,31,0
15958.0,492.99,4,164,6.662027027027027,2010-06-07 10:59:00,2011-09-26 13:41:00,476,15.866666666666667,0.2521008403361344,3.006036585365853,41.0,73,0
15959.0,579.49,3,282,7.4293589743589745,2010-01-26 16:19:00,2010-01-26 16:38:00,0,1.0,3.0,2.0549290780141845,94.0,681,1
15960.0,394.0,5,257,14.592592592592592,2010-09-30 15:50:00,2010-11-30 15:57:00,61,2.033333333333333,2.459016393442623,1.5330739299610896,51.4,373,1
15961.0,451.29,1,154,10.745,2010-11-25 15:59:00,2010-11-25 15:59:00,0,1.0,1.0,2.9304545454545456,154.0,378,1
15962.0,295.83,1,235,5.10051724137931,2010-09-16 13:48:00,2010-09-16 13:48:00,0,1.0,1.0,1.2588510638297872,235.0,448,1
15963.0,470.76,2,298,16.812857142857144,2011-10-25 13:05:00,2011-11-20 11:33:00,25,0.8333333333333334,2.4,1.579731543624161,149.0,19,0
15964.0,272.96,1,94,12.998095238095235,2010-02-14 15:30:00,2010-02-14 15:30:00,0,1.0,1.0,2.9038297872340424,94.0,662,1
15965.0,2999.34,14,1428,8.106324324324325,2009-12-03 11:45:00,2011-11-22 16:44:00,719,23.966666666666665,0.5841446453407511,2.100378151260504,102.0,16,0
15966.0,399.58,2,268,12.486875,2010-09-15 10:44:00,2010-09-21 19:40:00,6,0.2,10.0,1.4909701492537313,134.0,443,1
15967.0,3019.2,13,1200,6.014342629482071,2009-12-01 13:28:00,2011-11-16 15:41:00,715,23.83333333333333,0.5454545454545455,2.516,92.3076923076923,22,0
15968.0,418.05,1,253,4.918235294117647,2010-11-16 13:04:00,2010-11-16 13:04:00,0,1.0,1.0,1.6523715415019764,253.0,387,1
15969.0,1043.85,6,219,28.99583333333333,2010-07-05 13:10:00,2011-12-07 11:06:00,519,17.3,0.3468208092485549,4.766438356164383,36.5,2,0
15970.0,1017.32,2,498,42.38833333333333,2010-04-20 11:30:00,2011-02-09 12:08:00,295,9.833333333333334,0.2033898305084745,2.0428112449799194,249.0,303,1
15971.0,4930.43,20,1955,109.56511111111112,2009-12-08 09:46:00,2011-11-22 12:50:00,714,23.8,0.8403361344537815,2.521959079283888,97.75,17,0
15972.0,1810.27,5,480,12.484620689655172,2010-04-18 14:06:00,2010-09-09 13:20:00,143,4.766666666666667,1.048951048951049,3.7713958333333335,96.0,455,1
15973.0,780.39,5,282,45.90529411764706,2010-10-06 15:00:00,2011-04-18 09:39:00,193,6.433333333333334,0.7772020725388601,2.767340425531915,56.4,235,1
15974.0,3429.55,8,2256,19.37598870056497,2011-02-24 10:10:00,2011-10-31 13:13:00,249,8.3,0.9638554216867468,1.5201906028368797,282.0,38,0
15975.0,371.01,1,243,15.45875,2011-09-16 13:33:00,2011-09-16 13:33:00,0,1.0,1.0,1.52679012345679,243.0,83,0
15976.0,1746.64,6,1078,4.38854271356784,2010-06-06 14:01:00,2011-06-27 13:00:00,385,12.833333333333334,0.4675324675324675,1.6202597402597405,179.66666666666666,164,1
15977.0,1054.73,2,1016,16.226615384615386,2011-10-31 16:24:00,2011-11-22 13:29:00,21,0.7,2.857142857142857,1.0381200787401574,508.0,16,0
15978.0,3272.62,5,2440,24.9818320610687,2010-03-05 14:39:00,2011-09-23 15:21:00,567,18.9,0.2645502645502646,1.3412377049180328,488.0,76,0
15979.0,329.22,1,450,14.964545454545457,2010-04-16 11:35:00,2010-04-16 11:35:00,0,1.0,1.0,0.7316,450.0,602,1
15980.0,6546.28,9,4826,55.01075630252101,2010-06-01 14:40:00,2011-09-12 09:41:00,467,15.566666666666666,0.5781584582441114,1.3564608371322004,536.2222222222222,88,0
15981.0,9268.07,27,4778,31.41718644067797,2010-03-29 10:07:00,2011-11-15 08:00:00,595,19.83333333333333,1.361344537815126,1.939738384261197,176.96296296296296,24,0
15982.0,324.51,1,131,7.211333333333333,2010-04-13 15:47:00,2010-04-13 15:47:00,0,1.0,1.0,2.477175572519084,131.0,604,1
15983.0,3958.82,8,2450,12.527911392405064,2009-12-06 12:52:00,2011-11-17 17:34:00,711,23.7,0.3375527426160337,1.6158448979591835,306.25,21,0
15984.0,8671.12,32,6064,11.515431606905713,2009-12-01 13:38:00,2011-12-07 12:16:00,735,24.5,1.3061224489795915,1.429934036939314,189.5,2,0
15985.0,2610.28,8,2500,24.859809523809524,2010-05-27 15:51:00,2011-08-08 16:31:00,438,14.6,0.547945205479452,1.0441120000000002,312.5,122,1
15986.0,354.42,2,368,14.1768,2010-11-23 10:02:00,2011-11-09 15:17:00,351,11.7,0.1709401709401709,0.9630978260869566,184.0,29,0
15987.0,1682.13,8,1715,8.582295918367347,2010-11-25 12:56:00,2011-11-27 15:38:00,367,12.233333333333333,0.6539509536784741,0.9808338192419824,214.375,11,0
15988.0,770.09,3,486,5.969689922480621,2010-02-21 11:36:00,2011-11-20 13:23:00,637,21.23333333333333,0.1412872841444269,1.5845473251028808,162.0,18,0
15989.0,372.51,2,171,4.233068181818182,2009-12-02 15:51:00,2010-11-29 12:03:00,361,12.033333333333331,0.1662049861495844,2.178421052631579,85.5,375,1
15990.0,2010.05,7,1090,11.166944444444445,2010-02-28 12:30:00,2011-10-26 15:58:00,605,20.166666666666668,0.3471074380165289,1.8440825688073397,155.71428571428572,43,0
15991.0,150.55,1,41,25.09166666666667,2010-06-23 15:50:00,2010-06-23 15:50:00,0,1.0,1.0,3.671951219512196,41.0,533,1
15992.0,896.6,3,514,16.603703703703705,2010-09-12 11:52:00,2011-12-06 11:00:00,449,14.966666666666669,0.2004454342984409,1.7443579766536963,171.33333333333334,3,0
15993.0,2756.82,10,2042,4.922892857142857,2011-10-26 16:21:00,2011-12-01 10:45:00,35,1.1666666666666667,8.571428571428571,1.350058765915769,204.2,8,0
15994.0,1198.84,5,467,10.334827586206895,2010-03-14 11:55:00,2011-10-16 12:28:00,581,19.366666666666667,0.2581755593803786,2.56710920770878,93.4,54,0
15995.0,696.19,1,353,6.271981981981982,2010-10-21 13:57:00,2010-10-21 13:57:00,0,1.0,1.0,1.9722096317280453,353.0,413,1
15996.0,1671.0,8,745,7.845070422535211,2010-11-07 15:49:00,2011-09-12 15:14:00,308,10.266666666666667,0.7792207792207791,2.242953020134228,93.125,87,0
15997.0,-23.4,1,-12,-23.4,2010-04-01 13:04:00,2010-04-01 13:04:00,0,1.0,1.0,1.95,-12.0,616,1
15998.0,8220.39,21,5353,5.684917012448133,2009-12-01 11:45:00,2011-11-03 12:45:00,702,23.4,0.8974358974358975,1.5356603773584905,254.9047619047619,36,0
15999.0,20.4,1,24,20.4,2009-12-04 12:31:00,2009-12-04 12:31:00,0,1.0,1.0,0.85,24.0,735,1
16000.0,12393.7,3,5110,1377.0777777777778,2011-12-07 12:14:00,2011-12-07 12:17:00,0,1.0,3.0,2.4253816046966734,1703.3333333333333,2,0
16001.0,519.0600000000001,2,305,13.309230769230773,2010-06-15 09:51:00,2010-11-23 17:10:00,161,5.366666666666666,0.3726708074534162,1.7018360655737708,152.5,380,1
16002.0,169.21,1,70,4.028809523809524,2010-03-24 13:08:00,2010-03-24 13:08:00,0,1.0,1.0,2.4172857142857143,70.0,624,1
16003.0,5613.83,10,2210,27.65433497536946,2009-12-03 18:51:00,2011-11-10 09:57:00,706,23.53333333333333,0.4249291784702549,2.5401945701357467,221.0,29,0
16004.0,2146.39,5,1076,23.848777777777777,2010-01-25 13:56:00,2010-08-22 11:48:00,208,6.933333333333334,0.7211538461538461,1.99478624535316,215.2,474,1
16005.0,2403.77,11,1299,4.6675145631067965,2010-09-15 13:21:00,2011-11-27 13:47:00,438,14.6,0.7534246575342466,1.8504772902232487,118.0909090909091,11,0
16006.0,347.17,2,211,4.233780487804879,2010-11-17 12:03:00,2011-05-12 13:12:00,176,5.866666666666666,0.3409090909090909,1.645355450236967,105.5,210,1
16007.0,3075.14,7,2643,4.617327327327327,2010-06-14 13:18:00,2011-10-23 11:05:00,495,16.5,0.4242424242424242,1.1635035944003027,377.57142857142856,47,0
16008.0,5384.13,15,3273,21.19736220472441,2010-03-19 11:07:00,2011-11-16 10:32:00,606,20.2,0.7425742574257426,1.6450137488542622,218.2,23,0
16009.0,992.71,4,378,11.030111111111111,2011-07-03 11:26:00,2011-11-17 16:51:00,137,4.566666666666666,0.8759124087591241,2.6262169312169314,94.5,21,0
16010.0,1722.11,12,930,5.740366666666667,2010-10-24 10:54:00,2011-04-08 10:14:00,165,5.5,2.1818181818181817,1.8517311827956988,77.5,245,1
16011.0,5867.01,30,3468,12.838096280087528,2009-12-01 11:04:00,2011-12-01 16:31:00,730,24.33333333333333,1.2328767123287672,1.691756055363322,115.6,7,0
16012.0,2989.79,5,1766,12.405767634854772,2010-06-28 11:39:00,2011-11-04 13:25:00,494,16.466666666666665,0.3036437246963563,1.6929728199320495,353.2,34,0
16013.0,52788.92,94,23943,210.31442231075692,2009-12-08 10:24:00,2011-12-06 10:36:00,728,24.266666666666666,3.8736263736263736,2.2047746731821407,254.7127659574468,3,0
16014.0,1121.02,6,474,3.812993197278912,2010-01-31 12:43:00,2011-11-04 11:23:00,641,21.366666666666667,0.2808112324492979,2.3650210970464136,79.0,35,0
16015.0,690.54,4,906,3.752934782608696,2011-10-21 12:56:00,2011-12-06 10:58:00,45,1.5,2.6666666666666665,0.7621854304635761,226.5,3,0
16016.0,2495.04,14,1053,6.447131782945736,2010-11-02 13:27:00,2011-12-06 14:35:00,399,13.3,1.0526315789473684,2.369458689458689,75.21428571428571,2,0
16017.0,1553.83,5,640,11.861297709923663,2010-01-05 12:06:00,2011-10-23 12:56:00,656,21.866666666666667,0.2286585365853658,2.427859375,128.0,46,0
16018.0,698.13,4,503,12.466607142857145,2009-12-07 13:57:00,2011-10-31 14:13:00,693,23.1,0.1731601731601731,1.3879324055666005,125.75,38,0
16019.0,16640.15,35,6627,39.61940476190477,2009-12-14 14:12:00,2011-12-08 10:06:00,723,24.1,1.4522821576763485,2.5109627282329865,189.3428571428572,1,0
16020.0,851.01,3,487,18.500217391304343,2011-10-05 13:54:00,2011-11-23 11:18:00,48,1.6,1.875,1.747453798767967,162.33333333333334,16,0
16021.0,532.25,2,297,3.670689655172414,2010-06-13 11:05:00,2010-11-09 14:48:00,149,4.966666666666667,0.4026845637583892,1.7920875420875422,148.5,394,1
16022.0,628.28,1,261,8.266842105263157,2011-03-24 13:16:00,2011-03-24 13:16:00,0,1.0,1.0,2.4072030651340994,261.0,259,1
16023.0,719.81,3,358,7.126831683168317,2011-03-18 13:32:00,2011-10-24 16:34:00,220,7.333333333333333,0.4090909090909091,2.010642458100558,119.33333333333331,45,0
16024.0,484.2,3,505,5.630232558139535,2010-10-24 11:40:00,2011-11-27 13:26:00,399,13.3,0.225563909774436,0.9588118811881188,168.33333333333334,11,0
16025.0,439.66,1,338,15.702142857142857,2011-11-10 11:45:00,2011-11-10 11:45:00,0,1.0,1.0,1.300769230769231,338.0,29,0
16026.0,236.09,1,243,7.3778125,2011-10-27 13:53:00,2011-10-27 13:53:00,0,1.0,1.0,0.9715637860082303,243.0,42,0
16027.0,1799.84,18,2020,47.364210526315794,2010-01-08 13:21:00,2011-09-09 10:47:00,608,20.266666666666666,0.8881578947368421,0.8910099009900991,112.22222222222224,91,1
16028.0,82.2,1,18,16.44,2010-04-23 11:45:00,2010-04-23 11:45:00,0,1.0,1.0,4.566666666666666,18.0,595,1
16029.0,91800.91,125,48365,218.57359523809524,2009-12-08 11:23:00,2011-11-01 10:27:00,692,23.066666666666663,5.41907514450867,1.8980855990902512,386.92,38,0
16030.0,331.24,1,283,11.422068965517242,2011-02-03 11:28:00,2011-02-03 11:28:00,0,1.0,1.0,1.1704593639575973,283.0,309,1
16031.0,548.94,2,423,5.489400000000001,2011-04-06 14:23:00,2011-09-08 13:07:00,154,5.133333333333334,0.3896103896103896,1.297730496453901,211.5,91,1
16032.0,1970.45,6,1480,9.294575471698112,2010-07-04 13:31:00,2010-09-09 18:00:00,67,2.2333333333333334,2.686567164179104,1.3313851351351351,246.66666666666663,455,1
16033.0,10692.39,36,4252,7.535158562367864,2010-08-11 16:44:00,2011-12-04 12:44:00,479,15.966666666666669,2.2546972860125263,2.514673095014111,118.11111111111111,5,0
16034.0,925.77,7,596,15.96155172413793,2010-10-26 13:00:00,2011-05-27 16:17:00,213,7.1,0.9859154929577464,1.5533053691275167,85.14285714285714,195,1
16035.0,217.73,1,33,10.368095238095238,2010-05-28 15:09:00,2010-05-28 15:09:00,0,1.0,1.0,6.597878787878788,33.0,559,1
16036.0,2556.84,4,1369,18.263142857142856,2010-03-29 14:47:00,2011-09-13 14:53:00,533,17.766666666666666,0.225140712945591,1.8676698319941565,342.25,86,0
16037.0,1489.44,7,764,20.40328767123288,2010-03-01 12:31:00,2011-03-15 09:13:00,378,12.6,0.5555555555555556,1.9495287958115184,109.14285714285714,269,1
16038.0,454.33,4,241,16.22607142857143,2011-05-22 11:29:00,2011-12-02 12:40:00,194,6.466666666666667,0.6185567010309279,1.8851867219917011,60.25,7,0
16039.0,449.65,3,408,13.625757575757577,2010-03-21 15:17:00,2010-10-12 10:44:00,204,6.8,0.4411764705882353,1.1020833333333333,136.0,423,1
16040.0,2383.7000000000003,8,1161,18.62265625,2010-04-09 10:12:00,2011-10-05 13:47:00,544,18.133333333333333,0.4411764705882353,2.0531438415159347,145.125,64,0
16041.0,3166.4,3,1584,527.7333333333333,2011-07-21 16:27:00,2011-11-09 12:25:00,110,3.6666666666666665,0.8181818181818182,1.998989898989899,528.0,30,0
16042.0,2153.0,11,1419,15.26950354609929,2010-09-12 12:00:00,2011-11-17 17:50:00,431,14.366666666666667,0.765661252900232,1.5172656800563775,129.0,21,0
16043.0,1856.59,8,1011,25.4327397260274,2010-08-15 11:26:00,2011-11-02 12:50:00,444,14.8,0.5405405405405405,1.836389713155292,126.375,37,0
16044.0,340.84,1,170,17.93894736842105,2010-09-30 18:12:00,2010-09-30 18:12:00,0,1.0,1.0,2.004941176470588,170.0,434,1
16045.0,3187.03,9,1942,20.04421383647799,2010-07-29 12:50:00,2011-08-12 12:41:00,378,12.6,0.7142857142857143,1.64110710607621,215.77777777777777,119,1
16046.0,235.78,1,248,10.717272727272729,2010-05-26 13:18:00,2010-05-26 13:18:00,0,1.0,1.0,0.9507258064516128,248.0,561,1
16047.0,107.14,1,1,107.14,2010-01-26 16:34:00,2010-01-26 16:34:00,0,1.0,1.0,107.14,1.0,681,1
16048.0,1056.53,6,567,22.96804347826087,2010-06-08 12:36:00,2011-09-15 10:12:00,463,15.433333333333334,0.3887688984881209,1.86336860670194,94.5,85,0
16049.0,1899.68,6,1165,3.791776447105789,2010-07-11 13:53:00,2011-10-30 13:19:00,475,15.833333333333334,0.3789473684210526,1.63062660944206,194.16666666666663,39,0
16050.0,300.7,3,388,14.319047619047618,2010-11-03 15:55:00,2011-06-19 11:44:00,227,7.566666666666666,0.3964757709251101,0.775,129.33333333333334,173,1
16051.0,188.44,1,80,15.703333333333331,2010-01-27 09:38:00,2010-01-27 09:38:00,0,1.0,1.0,2.3555,80.0,681,1
16052.0,362.06,1,282,10.648823529411764,2011-10-16 15:13:00,2011-10-16 15:13:00,0,1.0,1.0,1.2839007092198582,282.0,53,0
16053.0,3606.14,8,3061,18.30527918781726,2010-04-08 11:11:00,2011-11-07 11:21:00,578,19.266666666666666,0.4152249134948097,1.178092126755962,382.625,32,0
16054.0,2090.68,7,779,16.462047244094485,2010-04-01 18:37:00,2011-07-17 13:08:00,471,15.7,0.445859872611465,2.6837997432605905,111.28571428571428,144,1
16055.0,134.8,1,22,16.85,2011-05-03 09:26:00,2011-05-03 09:26:00,0,1.0,1.0,6.127272727272728,22.0,220,1
16056.0,664.85,1,347,9.77720588235294,2011-10-25 15:19:00,2011-10-25 15:19:00,0,1.0,1.0,1.9159942363112392,347.0,44,0
16057.0,3202.07,17,1432,12.083283018867926,2009-12-10 12:38:00,2011-12-05 16:36:00,725,24.166666666666668,0.7034482758620689,2.236082402234637,84.23529411764706,3,0
16058.0,62.7,1,18,31.35,2010-10-29 16:48:00,2010-10-29 16:48:00,0,1.0,1.0,3.4833333333333334,18.0,405,1
16059.0,3217.77,12,1509,7.625047393364928,2010-05-19 13:04:00,2011-10-05 09:56:00,503,16.766666666666666,0.7157057654075547,2.132385685884692,125.75,65,0
16060.0,541.95,3,243,22.58125,2010-08-02 15:26:00,2010-11-04 12:10:00,93,3.1,0.9677419354838708,2.230246913580247,81.0,400,1
16061.0,44.95,3,13,8.99,2010-10-04 15:29:00,2011-03-15 14:41:00,161,5.366666666666666,0.5590062111801243,3.457692307692308,4.333333333333333,268,1
16062.0,2863.45,8,2035,15.478108108108108,2010-06-21 13:32:00,2011-11-30 12:15:00,526,17.533333333333335,0.4562737642585551,1.407100737100737,254.375,9,0
16063.0,335.32,1,262,14.57913043478261,2011-03-24 14:55:00,2011-03-24 14:56:00,0,1.0,1.0,1.2798473282442748,262.0,259,1
16064.0,111.0,1,56,6.166666666666667,2009-12-14 16:11:00,2009-12-14 16:11:00,0,1.0,1.0,1.9821428571428568,56.0,724,1
16065.0,2365.62,10,1445,5.438206896551724,2010-09-02 13:27:00,2010-12-09 13:03:00,97,3.2333333333333334,3.0927835051546397,1.637107266435986,144.5,364,1
16066.0,1521.87,5,936,14.920294117647058,2011-08-07 14:33:00,2011-11-23 11:54:00,107,3.566666666666667,1.4018691588785046,1.6259294871794872,187.2,16,0
16067.0,3026.19,6,1209,36.90475609756098,2010-02-02 18:01:00,2010-05-26 12:33:00,112,3.733333333333333,1.6071428571428572,2.5030521091811413,201.5,562,1
16068.0,122.93,1,52,3.152051282051282,2010-04-25 11:52:00,2010-04-25 11:52:00,0,1.0,1.0,2.364038461538461,52.0,593,1
16069.0,457.7000000000001,1,138,18.308000000000003,2010-10-18 10:32:00,2010-10-18 10:32:00,0,1.0,1.0,3.316666666666667,138.0,417,1
16070.0,852.15,2,457,25.82272727272727,2011-11-07 16:36:00,2011-11-17 15:50:00,9,0.3,6.666666666666667,1.8646608315098467,228.5,21,0
16071.0,1076.8,4,697,14.750684931506848,2010-02-22 14:48:00,2011-10-26 11:14:00,610,20.33333333333333,0.1967213114754098,1.544906743185079,174.25,44,0
16072.0,4328.89,4,1611,7.785773381294964,2010-06-08 16:47:00,2011-02-24 14:32:00,260,8.666666666666666,0.4615384615384615,2.687082557417753,402.75,287,1
16073.0,94.35,2,37,47.175,2011-02-15 15:41:00,2011-02-21 12:33:00,5,0.1666666666666666,12.0,2.55,18.5,291,1
16074.0,265.25,1,39,10.201923076923077,2010-11-14 13:19:00,2010-11-14 13:19:00,0,1.0,1.0,6.801282051282051,39.0,389,1
16075.0,726.98,3,270,17.309047619047618,2010-05-24 15:57:00,2010-07-25 11:31:00,61,2.033333333333333,1.475409836065574,2.6925185185185185,90.0,502,1
16076.0,2173.53,11,1363,16.591832061068704,2011-05-15 12:31:00,2011-12-06 14:59:00,205,6.833333333333333,1.6097560975609757,1.5946661775495232,123.9090909090909,2,0
16077.0,600.0,2,528,66.66666666666667,2010-03-24 10:42:00,2010-05-14 16:38:00,51,1.7,1.1764705882352942,1.1363636363636365,264.0,573,1
16078.0,362.99,2,200,9.307435897435898,2010-02-08 13:29:00,2011-03-01 09:47:00,385,12.833333333333334,0.1558441558441558,1.81495,100.0,283,1
16079.0,1352.0,3,864,64.38095238095238,2011-10-30 13:06:00,2011-11-23 12:48:00,23,0.7666666666666667,3.913043478260869,1.5648148148148149,288.0,16,0
16080.0,472.9,6,256,14.33030303030303,2010-09-15 14:19:00,2011-09-19 10:42:00,368,12.266666666666667,0.4891304347826086,1.847265625,42.66666666666666,81,0
16081.0,4460.18,8,2244,11.178395989974938,2010-02-03 12:46:00,2011-10-14 13:06:00,618,20.6,0.3883495145631068,1.987602495543672,280.5,55,0
16082.0,106.75,1,39,6.671875,2010-02-07 15:16:00,2010-02-07 15:16:00,0,1.0,1.0,2.7371794871794872,39.0,669,1
16083.0,2351.42,4,1514,33.11859154929578,2010-11-16 11:53:00,2011-08-31 10:47:00,287,9.566666666666666,0.4181184668989547,1.5531175693527082,378.5,100,1
16084.0,436.18,1,216,11.47842105263158,2011-02-13 16:05:00,2011-02-13 16:05:00,0,1.0,1.0,2.019351851851852,216.0,298,1
16085.0,2337.73,13,1382,6.1844708994709,2010-01-20 14:03:00,2011-11-16 13:24:00,664,22.133333333333333,0.5873493975903614,1.6915557163531114,106.3076923076923,22,0
16086.0,2862.91,11,1525,20.74572463768116,2009-12-02 13:20:00,2011-10-11 13:09:00,677,22.566666666666663,0.4874446085672083,1.8773180327868848,138.63636363636363,58,0
16087.0,1739.92,5,664,173.99200000000002,2010-01-19 12:30:00,2010-11-15 16:44:00,300,10.0,0.5,2.620361445783133,132.8,388,1
16088.0,1437.43,2,373,239.5716666666667,2010-04-27 10:56:00,2010-05-13 10:16:00,15,0.5,4.0,3.8536997319034856,186.5,575,1
16089.0,271.44,2,122,5.4288,2010-07-18 15:51:00,2010-11-18 13:51:00,122,4.066666666666666,0.4918032786885246,2.2249180327868854,61.0,385,1
16090.0,205.91,1,65,10.2955,2010-03-25 13:05:00,2010-03-25 13:05:00,0,1.0,1.0,3.167846153846154,65.0,623,1
16091.0,315.06,2,154,17.503333333333334,2011-05-25 09:18:00,2011-07-08 08:45:00,43,1.4333333333333331,1.3953488372093024,2.045844155844156,77.0,154,1
16092.0,1515.49,10,1151,16.122234042553192,2010-05-09 16:10:00,2011-09-02 11:46:00,480,16.0,0.625,1.3166724587315377,115.1,98,1
16093.0,17.0,1,20,17.0,2011-08-25 11:09:00,2011-08-25 11:09:00,0,1.0,1.0,0.85,20.0,106,1
16094.0,3599.16,19,1992,17.057630331753554,2009-12-11 13:33:00,2011-11-28 12:45:00,716,23.866666666666667,0.7960893854748603,1.8068072289156625,104.84210526315788,11,0
16095.0,447.05,1,265,14.901666666666667,2010-09-09 16:54:00,2010-09-09 16:54:00,0,1.0,1.0,1.6869811320754715,265.0,455,1
16096.0,1584.97,4,700,24.01469696969697,2010-03-04 15:44:00,2011-03-20 13:38:00,380,12.666666666666666,0.3157894736842105,2.264242857142857,175.0,263,1
16097.0,185.05,1,87,18.505,2011-04-13 13:47:00,2011-04-13 13:47:00,0,1.0,1.0,2.1270114942528733,87.0,239,1
16098.0,4448.1,14,2150,27.288957055214727,2009-12-15 09:40:00,2011-09-13 09:59:00,637,21.23333333333333,0.6593406593406593,2.068883720930233,153.57142857142858,87,0
16099.0,1568.25,8,959,22.40357142857143,2010-03-03 11:13:00,2011-10-20 13:13:00,596,19.866666666666667,0.4026845637583892,1.6352971845672577,119.875,49,0
16100.0,582.64,1,438,15.747027027027029,2010-09-03 11:39:00,2010-09-03 11:39:00,0,1.0,1.0,1.3302283105022832,438.0,462,1
16101.0,3167.42,7,1823,15.8371,2010-05-27 12:50:00,2011-11-30 16:54:00,552,18.4,0.3804347826086957,1.7374766867800329,260.42857142857144,8,0
16102.0,1842.14,3,942,32.31824561403509,2011-08-03 12:50:00,2011-10-28 13:19:00,86,2.8666666666666667,1.0465116279069768,1.9555626326963909,314.0,41,0
16103.0,6002.76,27,2606,28.998840579710144,2010-01-08 12:08:00,2011-12-02 14:16:00,693,23.1,1.1688311688311688,2.3034382194934766,96.51851851851852,6,0
16104.0,2515.36,11,1009,10.39404958677686,2009-12-06 10:41:00,2011-10-09 10:23:00,671,22.366666666666667,0.4918032786885246,2.4929236868186324,91.72727272727272,61,0
16105.0,2386.19,5,2125,21.692636363636364,2010-04-14 13:27:00,2011-04-05 10:13:00,355,11.833333333333334,0.4225352112676056,1.122912941176471,425.0,248,1
16106.0,108.38,1,74,18.063333333333333,2011-10-05 10:37:00,2011-10-05 10:37:00,0,1.0,1.0,1.4645945945945946,74.0,65,0
16107.0,3204.1600000000003,7,1176,103.36,2011-06-09 18:42:00,2011-11-22 09:40:00,165,5.5,1.2727272727272727,2.724625850340136,168.0,17,0
16108.0,2171.93,8,1446,15.188321678321676,2010-03-18 14:14:00,2011-09-16 11:51:00,546,18.2,0.4395604395604395,1.5020262793914243,180.75,84,0
16109.0,923.58,4,1090,28.861875,2010-01-10 10:37:00,2011-05-05 09:17:00,479,15.966666666666669,0.2505219206680584,0.8473211009174312,272.5,218,1
16110.0,1819.27,4,902,4.051826280623608,2010-07-05 13:04:00,2011-10-25 14:35:00,477,15.9,0.2515723270440251,2.016929046563193,225.5,44,0
16111.0,562.48,1,236,7.499733333333333,2010-10-07 19:51:00,2010-10-07 19:51:00,0,1.0,1.0,2.383389830508474,236.0,427,1
16112.0,195.74,4,574,12.23375,2011-01-05 11:47:00,2011-07-19 14:28:00,195,6.5,0.6153846153846154,0.3410104529616725,143.5,142,1
16113.0,161.38,1,176,5.379333333333333,2011-06-09 16:16:00,2011-06-09 16:16:00,0,1.0,1.0,0.916931818181818,176.0,182,1
16114.0,135.75000000000003,1,43,16.968750000000004,2011-06-22 10:13:00,2011-06-22 10:13:00,0,1.0,1.0,3.1569767441860472,43.0,170,1
16115.0,2575.14,12,1601,6.016682242990654,2010-05-14 11:59:00,2011-11-30 11:32:00,564,18.8,0.6382978723404255,1.608457214241099,133.41666666666666,9,0
16116.0,592.88,2,246,16.93942857142857,2011-05-12 12:01:00,2011-05-18 09:23:00,5,0.1666666666666666,12.0,2.410081300813008,123.0,205,1
16117.0,650.05,4,318,7.222777777777777,2010-04-27 11:50:00,2011-06-03 11:42:00,401,13.366666666666667,0.2992518703241895,2.0441823899371068,79.5,189,1
16118.0,4255.43,5,2822,90.54106382978723,2010-02-25 09:40:00,2010-11-11 19:54:00,259,8.633333333333333,0.5791505791505792,1.5079482636428063,564.4,392,1
16119.0,1720.8100000000002,8,811,31.86685185185185,2009-12-16 11:56:00,2011-12-01 15:11:00,715,23.83333333333333,0.3356643356643357,2.121837237977805,101.375,7,0
16120.0,3041.91,7,2193,31.35989690721649,2010-10-13 15:07:00,2011-10-11 14:22:00,362,12.066666666666666,0.580110497237569,1.3870998632010942,313.2857142857143,58,0
16121.0,1457.19,6,895,4.04775,2010-05-23 10:52:00,2011-10-13 12:59:00,508,16.933333333333334,0.3543307086614173,1.628145251396648,149.16666666666666,56,0
16122.0,1001.34,6,1398,15.6459375,2010-10-10 15:26:00,2011-09-27 15:34:00,352,11.733333333333333,0.5113636363636364,0.7162660944206009,233.0,72,0
16123.0,307.78,1,170,19.23625,2011-10-19 09:18:00,2011-10-19 09:18:00,0,1.0,1.0,1.810470588235294,170.0,51,0
16124.0,1709.39,6,789,19.424886363636364,2009-12-07 10:33:00,2011-01-27 16:05:00,416,13.866666666666667,0.4326923076923076,2.166527249683144,131.5,315,1
16125.0,4587.65,14,1944,15.241362126245846,2009-12-14 15:38:00,2010-12-07 15:48:00,358,11.933333333333334,1.1731843575418994,2.3599022633744853,138.85714285714286,366,1
16126.0,14646.8,15,6154,38.14270833333333,2009-12-02 13:34:00,2011-11-10 16:03:00,708,23.6,0.635593220338983,2.380045498862528,410.26666666666665,28,0
16127.0,801.31,2,391,10.684133333333332,2009-12-13 12:19:00,2011-10-31 13:58:00,687,22.9,0.0873362445414847,2.049386189258312,195.5,38,0
16128.0,3748.4,14,2419,20.04491978609626,2009-12-01 11:50:00,2011-11-22 11:14:00,720,24.0,0.5833333333333334,1.5495659363373295,172.78571428571428,17,0
16129.0,1396.05,3,1261,14.5421875,2010-07-20 12:32:00,2010-10-28 14:29:00,100,3.333333333333333,0.8999999999999999,1.1070975416336242,420.3333333333333,406,1
16130.0,987.48,4,296,17.95418181818182,2010-04-01 13:58:00,2010-10-13 15:14:00,195,6.5,0.6153846153846154,3.336081081081081,74.0,421,1
16131.0,9866.27,15,4753,43.85008888888889,2009-12-02 10:09:00,2011-10-19 11:53:00,686,22.866666666666667,0.6559766763848396,2.075798443088576,316.8666666666667,51,0
16132.0,664.1999999999999,2,280,39.07058823529411,2010-03-22 10:25:00,2010-06-13 13:49:00,83,2.7666666666666666,0.7228915662650602,2.372142857142857,140.0,543,1
16133.0,22228.88,78,13454,38.06315068493151,2010-03-31 12:21:00,2011-12-06 11:24:00,614,20.466666666666665,3.811074918566776,1.6522134681135725,172.48717948717947,3,0
16134.0,2119.99,7,1622,17.66658333333333,2010-06-17 09:48:00,2011-11-18 10:05:00,519,17.3,0.4046242774566473,1.3070221948212082,231.7142857142857,21,0
16135.0,819.45,2,395,21.011538461538464,2010-05-05 09:35:00,2011-03-22 12:30:00,321,10.7,0.1869158878504673,2.0745569620253166,197.5,262,1
16136.0,921.08,5,622,19.18916666666667,2010-02-14 12:49:00,2011-10-11 09:10:00,603,20.1,0.2487562189054726,1.4808360128617364,124.4,59,0
16137.0,422.7,1,210,15.096428571428572,2010-01-28 15:04:00,2010-01-28 15:04:00,0,1.0,1.0,2.012857142857143,210.0,679,1
16138.0,894.45,4,772,22.934615384615388,2010-04-28 09:51:00,2010-12-06 15:10:00,222,7.4,0.5405405405405405,1.1586139896373058,193.0,367,1
16139.0,1111.15,5,602,19.493859649122808,2009-12-03 13:51:00,2011-11-21 08:37:00,717,23.9,0.2092050209205021,1.845764119601329,120.4,18,0
16140.0,1536.19,5,1373,21.043698630136987,2010-09-24 12:03:00,2011-10-18 10:59:00,388,12.933333333333334,0.3865979381443299,1.118856518572469,274.6,52,0
16141.0,955.94,2,410,19.1188,2010-10-18 14:12:00,2011-09-12 13:11:00,328,10.933333333333334,0.1829268292682926,2.331560975609756,205.0,87,0
16142.0,535.34,1,422,14.46864864864865,2011-04-04 10:16:00,2011-04-04 10:16:00,0,1.0,1.0,1.2685781990521328,422.0,249,1
16143.0,4866.88,16,1994,19.946229508196723,2009-12-10 09:44:00,2011-12-06 14:13:00,726,24.2,0.6611570247933884,2.440762286860582,124.625,2,0
16144.0,175.2,1,16,175.2,2011-04-07 10:09:00,2011-04-07 10:09:00,0,1.0,1.0,10.95,16.0,246,1
16145.0,6693.6,29,5183,16.013397129186604,2010-05-04 13:31:00,2011-12-01 10:33:00,575,19.166666666666668,1.5130434782608695,1.2914528265483312,178.72413793103448,8,0
16146.0,946.38,4,544,23.082439024390244,2010-09-17 10:46:00,2011-07-05 14:20:00,291,9.7,0.4123711340206186,1.739669117647059,136.0,156,1
16147.0,2367.02,7,1322,16.907285714285713,2010-02-05 12:26:00,2011-07-29 09:57:00,538,17.933333333333334,0.3903345724907063,1.7904841149773072,188.8571428571429,133,1
16148.0,370.37,4,247,30.864166666666662,2009-12-17 19:06:00,2011-02-16 14:01:00,425,14.166666666666666,0.2823529411764706,1.4994736842105263,61.75,295,1
16149.0,422.22,3,598,14.074000000000002,2010-10-06 15:54:00,2011-12-05 11:29:00,424,14.133333333333333,0.2122641509433962,0.7060535117056856,199.33333333333331,4,0
16150.0,4154.69,20,2098,15.218644688644687,2009-12-01 14:02:00,2011-11-01 09:29:00,699,23.3,0.8583690987124464,1.980309818875119,104.9,38,0
16151.0,-4217.59,1,-1,-4217.59,2010-04-20 11:25:00,2010-04-20 11:25:00,0,1.0,1.0,4217.59,-1.0,598,1
16152.0,1829.04,1,642,63.07034482758621,2011-03-16 09:47:00,2011-03-16 09:47:00,0,1.0,1.0,2.8489719626168224,642.0,268,1
16153.0,5037.51,13,3656,21.997860262008736,2010-05-26 12:41:00,2011-10-21 10:50:00,512,17.066666666666666,0.76171875,1.377874726477024,281.2307692307692,49,0
16154.0,-10.5,1,-1,-10.5,2010-01-26 16:23:00,2010-01-26 16:23:00,0,1.0,1.0,10.5,-1.0,681,1
16155.0,781.05,6,482,15.621,2010-06-18 11:23:00,2010-11-23 12:03:00,158,5.266666666666667,1.139240506329114,1.620435684647303,80.33333333333333,381,1
16156.0,5933.59,26,3031,21.19139285714286,2009-12-02 17:06:00,2011-12-01 12:42:00,728,24.266666666666666,1.0714285714285714,1.957634444077862,116.57692307692308,8,0
16157.0,644.24,4,344,33.90736842105263,2011-09-28 11:48:00,2011-11-24 11:41:00,56,1.8666666666666667,2.142857142857143,1.8727906976744184,86.0,15,0
16158.0,611.32,10,180,16.98111111111111,2009-12-05 15:00:00,2010-07-05 13:55:00,211,7.033333333333333,1.4218009478672986,3.3962222222222227,18.0,521,1
16159.0,1230.29,5,633,23.21301886792453,2009-12-03 11:51:00,2011-03-03 12:27:00,455,15.166666666666666,0.3296703296703296,1.943586097946288,126.6,281,1
16160.0,1009.45,4,1153,45.88409090909091,2011-09-15 10:53:00,2011-10-06 18:30:00,21,0.7,5.714285714285714,0.875498699045967,288.25,63,0
16161.0,12448.96,57,6246,10.356871880199668,2010-02-08 11:06:00,2011-12-08 12:10:00,668,22.266666666666666,2.5598802395209583,1.9931091898815243,109.57894736842104,1,0
16162.0,37.4,1,4,18.7,2011-04-01 15:03:00,2011-04-01 15:03:00,0,1.0,1.0,9.35,4.0,251,1
16163.0,2263.63,14,641,26.63094117647059,2009-12-02 10:00:00,2011-04-28 19:43:00,512,17.066666666666666,0.8203125,3.5314040561622466,45.785714285714285,224,1
16164.0,802.53,4,432,22.92942857142857,2011-10-28 09:12:00,2011-11-22 15:04:00,25,0.8333333333333334,4.8,1.8577083333333333,108.0,16,0
16165.0,79.9,1,2,79.9,2010-07-22 14:17:00,2010-07-22 14:17:00,0,1.0,1.0,39.95,2.0,504,1
16166.0,327.48,4,156,12.595384615384615,2010-01-17 14:16:00,2010-10-07 15:44:00,263,8.766666666666667,0.4562737642585551,2.099230769230769,39.0,427,1
16167.0,1149.87,6,1459,16.19535211267606,2009-12-01 10:46:00,2010-10-21 15:33:00,324,10.8,0.5555555555555555,0.788122001370802,243.16666666666663,413,1
16168.0,10539.08,73,5079,32.73006211180124,2009-12-03 12:38:00,2011-11-29 12:45:00,726,24.2,3.0165289256198347,2.075030517818468,69.57534246575342,10,0
16169.0,1822.97,4,1325,21.44670588235294,2011-09-25 11:33:00,2011-12-01 15:28:00,67,2.2333333333333334,1.791044776119403,1.3758264150943396,331.25,7,0
16170.0,6813.67,25,6031,15.074491150442478,2010-02-18 13:50:00,2011-10-20 08:21:00,608,20.266666666666666,1.2335526315789471,1.1297744984248053,241.24,50,0
16171.0,73.2,1,24,24.4,2011-10-11 14:51:00,2011-10-11 14:51:00,0,1.0,1.0,3.0500000000000003,24.0,58,0
16172.0,1884.55,8,1419,16.677433628318585,2010-07-14 15:34:00,2011-09-05 13:22:00,417,13.9,0.5755395683453237,1.3280831571529246,177.375,94,1
16173.0,1406.57,7,571,16.167471264367816,2011-09-02 15:23:00,2011-11-24 10:53:00,82,2.7333333333333334,2.5609756097560976,2.463345008756568,81.57142857142857,15,0
16174.0,2246.75,7,1431,34.565384615384616,2010-04-15 15:12:00,2011-08-05 13:26:00,476,15.866666666666667,0.4411764705882353,1.5700559049615654,204.42857142857144,125,1
16175.0,1836.44,7,932,18.739183673469388,2010-05-25 12:01:00,2011-09-06 14:32:00,469,15.633333333333333,0.4477611940298507,1.970429184549356,133.14285714285714,93,1
16176.0,1964.04,7,913,24.247407407407408,2010-03-29 14:52:00,2010-10-14 13:54:00,198,6.6,1.0606060606060606,2.151193866374589,130.42857142857142,420,1
16177.0,2141.61,12,1001,16.731328125,2010-03-02 14:03:00,2011-10-20 12:57:00,596,19.866666666666667,0.6040268456375839,2.1394705294705294,83.41666666666667,49,0
16178.0,612.6,2,304,24.504,2010-11-03 14:46:00,2011-07-24 16:05:00,263,8.766666666666667,0.2281368821292775,2.0151315789473685,152.0,137,1
16179.0,215.83,1,99,19.62090909090909,2011-10-10 09:41:00,2011-10-10 09:41:00,0,1.0,1.0,2.1801010101010103,99.0,60,0
16180.0,16170.27,16,9785,46.60020172910663,2010-06-23 13:19:00,2011-08-31 16:28:00,434,14.466666666666669,1.1059907834101383,1.652556974961676,611.5625,99,1
16181.0,305.54,1,152,27.77636363636364,2011-09-27 13:38:00,2011-09-27 13:38:00,0,1.0,1.0,2.0101315789473686,152.0,72,0
16182.0,9971.65,9,5887,195.52254901960785,2010-03-09 09:34:00,2011-09-28 13:23:00,568,18.933333333333334,0.4753521126760563,1.6938423645320198,654.1111111111111,71,0
16183.0,1077.81,4,351,26.2880487804878,2010-10-28 14:43:00,2011-10-03 14:59:00,340,11.333333333333334,0.3529411764705882,3.0706837606837607,87.75,66,0
16184.0,1155.54,7,560,25.12043478260869,2011-05-12 13:33:00,2011-10-06 17:43:00,147,4.9,1.4285714285714284,2.0634642857142858,80.0,63,0
16185.0,644.72,3,321,16.118000000000002,2010-05-24 11:04:00,2011-11-23 09:41:00,547,18.23333333333333,0.1645338208409506,2.008473520249221,107.0,16,0
16186.0,8983.91,30,6797,16.88704887218045,2009-12-09 15:36:00,2011-11-17 12:43:00,707,23.566666666666663,1.272984441301273,1.3217463586876563,226.56666666666663,22,0
16187.0,6841.24,17,5004,23.034478114478112,2011-02-28 13:34:00,2011-11-08 09:50:00,252,8.4,2.023809523809524,1.367154276578737,294.3529411764706,31,0
16188.0,1077.71,6,837,14.369466666666668,2010-10-27 11:50:00,2011-10-26 12:19:00,364,12.133333333333333,0.4945054945054945,1.2875866188769416,139.5,44,0
16189.0,215.48,2,134,19.58909090909091,2011-09-15 15:21:00,2011-11-24 11:47:00,69,2.3,0.8695652173913044,1.6080597014925373,67.0,15,0
16190.0,2723.55,8,1231,22.886974789915968,2009-12-14 11:59:00,2011-10-30 15:59:00,685,22.83333333333333,0.3503649635036496,2.21246953696182,153.875,39,0
16191.0,15162.12,40,9154,59.22703125,2009-12-11 12:24:00,2011-12-07 11:26:00,725,24.166666666666668,1.6551724137931034,1.6563382128031463,228.85,2,0
16192.0,351.3,1,208,31.93636363636364,2009-12-04 12:28:00,2009-12-04 12:28:00,0,1.0,1.0,1.6889423076923078,208.0,735,1
16193.0,630.4300000000001,2,379,16.59026315789474,2010-10-25 10:25:00,2011-04-17 11:45:00,174,5.8,0.3448275862068966,1.6634036939313983,189.5,236,1
16194.0,308.6,1,140,38.575,2010-11-29 13:28:00,2010-11-29 13:28:00,0,1.0,1.0,2.204285714285714,140.0,374,1
16195.0,323.25,1,123,20.203125,2009-12-16 14:09:00,2009-12-16 14:09:00,0,1.0,1.0,2.6280487804878048,123.0,722,1
16196.0,93.3,1,26,23.325,2010-08-08 11:40:00,2010-08-08 11:40:00,0,1.0,1.0,3.588461538461538,26.0,488,1
16197.0,2016.71,9,1420,21.68505376344086,2009-12-16 11:44:00,2010-08-27 12:56:00,254,8.466666666666667,1.062992125984252,1.420218309859155,157.77777777777777,468,1
16198.0,1030.041,2,384,31.213363636363635,2010-09-28 13:59:00,2011-09-25 14:58:00,362,12.066666666666666,0.1657458563535911,2.6823984375,192.0,74,0
16199.0,942.75,7,321,94.275,2010-03-18 18:47:00,2010-11-12 12:55:00,238,7.933333333333334,0.8823529411764706,2.9369158878504678,45.85714285714285,391,1
16200.0,5629.95,13,3087,8.964888535031847,2009-12-02 15:04:00,2011-12-05 14:40:00,732,24.4,0.5327868852459017,1.8237609329446065,237.46153846153845,3,0
16201.0,2070.17,6,1402,16.173203125,2010-10-20 12:00:00,2011-12-06 16:02:00,412,13.733333333333333,0.4368932038834952,1.476583452211127,233.66666666666663,2,0
16202.0,2467.04,11,1282,19.57968253968254,2009-12-02 10:48:00,2010-12-14 10:43:00,376,12.533333333333331,0.8776595744680851,1.924368174726989,116.54545454545456,360,1
16203.0,1110.79,7,606,14.240897435897436,2010-07-23 13:09:00,2011-10-12 12:31:00,445,14.833333333333334,0.4719101123595505,1.832986798679868,86.57142857142857,58,0
16204.0,939.24,4,682,8.461621621621621,2009-12-08 17:44:00,2011-11-16 13:40:00,707,23.566666666666663,0.1697312588401697,1.3771847507331378,170.5,22,0
16205.0,1830.61,7,1455,9.15305,2010-06-15 11:58:00,2011-11-09 09:32:00,511,17.033333333333335,0.410958904109589,1.2581512027491408,207.8571428571429,30,0
16206.0,2597.37,14,1383,10.601510204081633,2009-12-14 13:50:00,2011-10-16 10:41:00,670,22.33333333333333,0.6268656716417911,1.8780694143167027,98.78571428571428,54,0
16207.0,394.38,1,140,20.75684210526316,2011-11-14 13:51:00,2011-11-14 13:51:00,0,1.0,1.0,2.817,140.0,24,0
16208.0,3440.45,10,1541,13.598616600790512,2010-02-24 14:24:00,2011-10-26 11:36:00,608,20.266666666666666,0.493421052631579,2.232608695652174,154.1,44,0
16209.0,4146.78,9,1895,61.89223880597015,2010-06-11 11:58:00,2011-09-12 11:58:00,458,15.266666666666667,0.5895196506550218,2.1882744063324537,210.55555555555557,88,0
16210.0,38304.06,37,14232,134.87345070422535,2009-12-02 12:54:00,2011-12-08 12:36:00,735,24.5,1.510204081632653,2.6914038785834737,384.6486486486487,1,0
16211.0,1086.34,4,518,29.360540540540537,2010-09-27 15:24:00,2011-09-19 16:23:00,357,11.9,0.3361344537815126,2.097181467181467,129.5,80,0
16212.0,1284.56,5,568,16.057,2010-02-07 15:26:00,2011-11-20 13:00:00,650,21.666666666666668,0.2307692307692307,2.261549295774648,113.6,18,0
16213.0,159.0,1,48,26.5,2011-09-22 10:03:00,2011-09-22 10:03:00,0,1.0,1.0,3.3125,48.0,78,0
16214.0,2038.25,4,1308,20.7984693877551,2010-09-30 13:57:00,2011-06-22 11:30:00,264,8.8,0.4545454545454545,1.558295107033639,327.0,170,1
16215.0,242.35,1,104,17.310714285714287,2011-09-20 10:18:00,2011-09-20 10:18:00,0,1.0,1.0,2.3302884615384616,104.0,80,0
16216.0,914.93,1,254,24.72783783783784,2011-03-17 15:34:00,2011-03-17 15:34:00,0,1.0,1.0,3.6020866141732286,254.0,266,1
16217.0,259.39000000000004,4,76,13.652105263157898,2011-03-02 15:28:00,2011-04-18 13:31:00,46,1.5333333333333334,2.608695652173913,3.4130263157894745,19.0,234,1
16218.0,4343.6,19,3192,23.352688172043013,2010-05-27 16:09:00,2011-11-10 09:59:00,531,17.7,1.073446327683616,1.3607769423558898,168.0,29,0
16219.0,40.8,1,48,40.8,2010-07-27 11:44:00,2010-07-27 11:44:00,0,1.0,1.0,0.85,48.0,500,1
16220.0,-10.17,1,-3,-10.17,2009-12-11 13:36:00,2009-12-11 13:36:00,0,1.0,1.0,3.39,-3.0,727,1
16221.0,2229.01,10,1513,8.443219696969697,2010-08-10 13:32:00,2011-11-03 11:43:00,449,14.966666666666669,0.6681514476614699,1.4732385988103107,151.3,36,0
16222.0,1345.22,2,503,8.407625,2009-12-18 14:31:00,2011-01-25 13:38:00,402,13.4,0.1492537313432835,2.674393638170974,251.5,317,1
16223.0,1102.35,2,651,8.748809523809523,2010-11-09 12:07:00,2010-11-30 11:50:00,20,0.6666666666666666,3.0,1.6933179723502303,325.5,374,1
16224.0,1616.54,5,1555,13.935689655172414,2010-11-17 13:14:00,2011-10-13 17:51:00,330,11.0,0.4545454545454545,1.0395755627009646,311.0,56,0
16225.0,2821.9100000000003,18,1279,9.191889250814333,2010-02-07 12:41:00,2011-10-26 08:30:00,625,20.83333333333333,0.8640000000000001,2.206340891321345,71.05555555555556,44,0
16226.0,672.17,5,521,21.68290322580645,2010-10-22 11:19:00,2011-05-20 14:41:00,210,7.0,0.7142857142857143,1.2901535508637236,104.2,202,1
16227.0,948.82,6,382,23.1419512195122,2010-06-22 13:28:00,2011-05-04 16:27:00,316,10.533333333333331,0.569620253164557,2.483821989528796,63.66666666666666,218,1
16228.0,886.1600000000001,4,560,15.824285714285717,2010-11-04 18:54:00,2010-11-30 13:53:00,25,0.8333333333333334,4.8,1.5824285714285715,140.0,373,1
16229.0,2835.36,7,1286,15.752,2010-01-22 12:27:00,2011-09-13 17:16:00,599,19.966666666666665,0.3505843071786311,2.204790046656299,183.7142857142857,86,0
16230.0,542.03,2,365,15.486571428571429,2011-05-03 15:12:00,2011-06-03 10:06:00,30,1.0,2.0,1.485013698630137,182.5,189,1
16231.0,1078.22,4,564,10.675445544554456,2010-04-21 12:06:00,2010-11-25 15:00:00,218,7.266666666666667,0.5504587155963303,1.9117375886524823,141.0,378,1
16232.0,2692.02,10,1836,24.926111111111112,2010-06-07 14:04:00,2011-11-07 11:12:00,517,17.233333333333334,0.5802707930367504,1.4662418300653597,183.6,32,0
16233.0,1818.71,12,677,22.45320987654321,2009-12-02 13:23:00,2011-09-29 17:27:00,666,22.2,0.5405405405405406,2.6864254062038406,56.41666666666666,70,0
16234.0,312.78,4,162,19.54875,2010-05-27 10:39:00,2010-08-23 10:45:00,88,2.933333333333333,1.3636363636363638,1.9307407407407409,40.5,473,1
16235.0,1990.61,11,780,16.316475409836066,2010-08-26 12:10:00,2011-10-30 10:56:00,429,14.3,0.7692307692307692,2.5520641025641027,70.9090909090909,40,0
16236.0,432.2,1,184,21.61,2011-09-22 14:10:00,2011-09-22 14:10:00,0,1.0,1.0,2.348913043478261,184.0,77,0
16237.0,136.65,1,57,19.52142857142857,2010-09-28 17:02:00,2010-09-28 17:02:00,0,1.0,1.0,2.397368421052632,57.0,436,1
16238.0,63.66,1,85,10.61,2010-10-13 12:36:00,2010-10-13 12:36:00,0,1.0,1.0,0.7489411764705882,85.0,422,1
16239.0,1450.9,7,682,39.21351351351352,2010-09-02 19:17:00,2011-10-14 08:29:00,406,13.533333333333331,0.5172413793103449,2.1274193548387097,97.42857142857144,56,0
16240.0,3693.81,5,1634,26.01274647887324,2011-09-23 13:44:00,2011-12-01 14:02:00,69,2.3,2.173913043478261,2.260593635250918,326.8,7,0
16241.0,4329.31,16,2377,4.355442655935614,2010-10-25 13:40:00,2011-11-30 11:08:00,400,13.333333333333334,1.2,1.8213336137989065,148.5625,9,0
16242.0,7433.3,18,3946,10.757308248914615,2010-03-15 16:02:00,2011-12-01 15:12:00,625,20.83333333333333,0.8640000000000001,1.8837557019766853,219.22222222222223,7,0
16243.0,409.1,2,110,8.02156862745098,2011-10-16 12:09:00,2011-11-06 12:32:00,21,0.7,2.857142857142857,3.719090909090909,55.0,33,0
16244.0,2579.38,2,1474,16.74922077922078,2010-12-02 11:41:00,2011-05-12 10:18:00,160,5.333333333333333,0.375,1.749918588873813,737.0,211,1
16245.0,1352.36,5,1008,14.541505376344086,2011-03-28 09:30:00,2011-11-16 10:14:00,233,7.766666666666667,0.6437768240343348,1.341626984126984,201.6,23,0
16246.0,827.25,2,338,9.294943820224718,2010-02-08 12:32:00,2010-09-06 12:04:00,209,6.966666666666667,0.2870813397129186,2.447485207100592,169.0,459,1
16247.0,114.56,1,182,7.16,2011-06-22 14:23:00,2011-06-22 14:23:00,0,1.0,1.0,0.6294505494505495,182.0,169,1
16248.0,152.94,1,78,21.84857142857143,2011-10-09 11:32:00,2011-10-09 11:32:00,0,1.0,1.0,1.9607692307692308,78.0,61,0
16249.0,1800.07,5,950,26.08797101449275,2011-04-14 13:50:00,2011-10-18 10:07:00,186,6.2,0.8064516129032258,1.8948105263157893,190.0,52,0
16250.0,791.38,3,376,16.15061224489796,2010-11-18 10:43:00,2011-03-23 15:07:00,125,4.166666666666667,0.72,2.1047340425531917,125.33333333333331,260,1
16251.0,128.31,1,44,6.4155,2010-07-15 14:55:00,2010-07-15 14:55:00,0,1.0,1.0,2.9161363636363635,44.0,511,1
16252.0,-295.09,2,-158,-4.683968253968254,2010-11-22 11:57:00,2010-12-08 16:15:00,16,0.5333333333333333,3.75,1.867658227848101,-79.0,365,1
16253.0,7276.91,9,5964,23.93720394736842,2009-12-08 17:24:00,2011-11-08 11:23:00,699,23.3,0.3862660944206008,1.2201391683433938,662.6666666666666,31,0
16254.0,985.14,3,549,13.1352,2010-03-17 15:43:00,2010-11-26 13:22:00,253,8.433333333333334,0.3557312252964427,1.7944262295081967,183.0,377,1
16255.0,4834.39,19,3015,8.936025878003697,2010-01-24 12:21:00,2011-11-23 12:40:00,668,22.266666666666666,0.8532934131736527,1.6034461028192373,158.68421052631578,16,0
16256.0,1609.57,4,1586,53.65233333333333,2010-04-21 10:34:00,2011-03-27 12:14:00,340,11.333333333333334,0.3529411764705882,1.0148612862547288,396.5,257,1
16257.0,46.95,1,2,23.475,2011-06-16 10:11:00,2011-06-16 10:11:00,0,1.0,1.0,23.475,2.0,176,1
16258.0,11833.52,16,7180,34.300057971014496,2010-03-10 14:19:00,2011-10-25 13:30:00,593,19.766666666666666,0.8094435075885329,1.6481225626740947,448.75,44,0
16259.0,361.94,3,162,3.891827956989247,2010-04-13 16:57:00,2010-10-25 14:27:00,194,6.466666666666667,0.4639175257731959,2.234197530864197,54.0,409,1
16260.0,1035.45,1,311,57.525000000000006,2011-10-20 09:40:00,2011-10-20 09:40:00,0,1.0,1.0,3.329421221864952,311.0,50,0
16261.0,1059.45,6,459,6.30625,2010-09-23 16:40:00,2011-11-22 17:23:00,425,14.166666666666666,0.4235294117647059,2.308169934640523,76.5,16,0
16262.0,677.78,3,429,13.5556,2010-01-28 16:43:00,2010-12-14 11:55:00,319,10.633333333333333,0.2821316614420063,1.5799067599067598,143.0,360,1
16263.0,351.01,1,200,14.625416666666666,2010-10-12 14:52:00,2010-10-12 14:52:00,0,1.0,1.0,1.75505,200.0,422,1
16264.0,837.53,2,632,12.689848484848484,2010-09-19 16:14:00,2010-09-27 15:00:00,7,0.2333333333333333,8.571428571428571,1.3252056962025316,316.0,437,1
16265.0,6893.62,15,3189,20.27535294117647,2010-10-28 15:18:00,2011-11-30 16:41:00,398,13.266666666666667,1.1306532663316582,2.161687049231734,212.6,8,0
16266.0,1757.95,14,791,16.127981651376146,2010-02-04 16:21:00,2011-09-27 12:08:00,599,19.966666666666665,0.7011686143572622,2.2224399494311,56.5,73,0
16267.0,186.66,1,198,26.665714285714284,2010-04-27 14:10:00,2010-04-27 14:10:00,0,1.0,1.0,0.9427272727272727,198.0,590,1
16268.0,667.65,2,533,14.836666666666666,2011-09-29 18:30:00,2011-09-29 18:30:00,0,1.0,2.0,1.252626641651032,266.5,70,0
16269.0,714.59,2,577,13.233148148148148,2010-09-28 11:50:00,2010-10-07 16:17:00,9,0.3,6.666666666666667,1.2384575389948007,288.5,427,1
16270.0,1141.24,1,688,21.134074074074075,2010-12-21 14:26:00,2010-12-21 14:26:00,0,1.0,1.0,1.6587790697674418,688.0,352,1
16271.0,3457.07,11,2398,11.297614379084967,2010-03-07 12:03:00,2011-12-07 12:45:00,640,21.33333333333333,0.515625,1.4416472060050043,218.0,2,0
16272.0,411.7,1,224,16.468,2011-08-15 10:53:00,2011-08-15 10:54:00,0,1.0,1.0,1.8379464285714284,224.0,116,1
16273.0,336.04,2,46,21.0025,2010-02-21 16:02:00,2010-03-01 13:24:00,7,0.2333333333333333,8.571428571428571,7.305217391304347,23.0,647,1
16274.0,715.9,1,310,5.342537313432835,2010-12-01 15:35:00,2010-12-01 15:35:00,0,1.0,1.0,2.309354838709677,310.0,372,1
16275.0,2151.11,3,1268,19.37936936936937,2010-03-08 14:41:00,2011-05-27 12:41:00,444,14.8,0.2027027027027027,1.6964589905362777,422.6666666666667,196,1
16276.0,2629.3900000000003,3,1467,101.13038461538464,2010-04-11 12:02:00,2011-06-16 09:34:00,430,14.333333333333334,0.2093023255813953,1.7923585548738925,489.0,176,1
16277.0,188.69,1,33,8.203913043478261,2009-12-06 11:27:00,2009-12-06 11:27:00,0,1.0,1.0,5.717878787878788,33.0,733,1
16278.0,1056.59,7,327,17.60983333333333,2010-07-28 15:40:00,2011-11-16 16:09:00,476,15.866666666666667,0.4411764705882353,3.2311620795107032,46.71428571428572,22,0
16279.0,5692.18,10,3689,16.217037037037038,2010-04-22 14:09:00,2011-11-18 15:00:00,575,19.166666666666668,0.5217391304347826,1.5430143670371377,368.9,20,0
16280.0,238.05,1,101,14.878125,2009-12-14 15:49:00,2009-12-14 15:49:00,0,1.0,1.0,2.356930693069307,101.0,724,1
16281.0,3416.52,4,1568,85.413,2010-01-26 13:41:00,2011-09-28 14:57:00,610,20.33333333333333,0.1967213114754098,2.17890306122449,392.0,71,0
16282.0,1307.58,3,790,39.623636363636365,2009-12-21 11:52:00,2011-01-04 11:42:00,378,12.6,0.2380952380952381,1.6551645569620252,263.3333333333333,339,1
16283.0,4311.37,12,2864,7.138029801324503,2010-02-28 13:50:00,2011-12-04 12:08:00,643,21.433333333333334,0.5598755832037325,1.5053666201117315,238.66666666666663,5,0
16284.0,1029.77,3,683,7.40841726618705,2010-11-11 13:27:00,2011-11-08 16:12:00,362,12.066666666666666,0.2486187845303867,1.5077159590043925,227.66666666666663,30,0
16285.0,176.9,1,60,5.706451612903226,2010-03-03 16:03:00,2010-03-03 16:03:00,0,1.0,1.0,2.9483333333333333,60.0,645,1
16286.0,263.65,4,87,13.876315789473685,2010-03-26 09:58:00,2010-08-19 14:48:00,146,4.866666666666666,0.8219178082191781,3.030459770114942,21.75,476,1
16287.0,1006.98,5,1426,23.97571428571429,2010-01-19 09:46:00,2011-06-23 09:08:00,519,17.3,0.2890173410404624,0.7061570827489482,285.2,169,1
16288.0,129.85,1,19,18.55,2010-08-26 14:45:00,2010-08-26 14:45:00,0,1.0,1.0,6.834210526315789,19.0,469,1
16289.0,98.81,2,87,4.491363636363636,2010-09-03 14:02:00,2010-09-03 14:07:00,0,1.0,2.0,1.1357471264367816,43.5,461,1
16290.0,2069.3,4,1001,15.796183206106871,2010-05-23 11:46:00,2010-09-01 11:52:00,101,3.3666666666666667,1.188118811881188,2.0672327672327677,250.25,464,1
16291.0,117.72,1,1,117.72,2010-01-26 16:26:00,2010-01-26 16:26:00,0,1.0,1.0,117.72,1.0,681,1
16292.0,1171.46,9,680,17.4844776119403,2010-04-14 13:29:00,2011-08-14 14:30:00,487,16.233333333333334,0.5544147843942505,1.722735294117647,75.55555555555556,116,1
16293.0,4632.2,19,2013,18.830081300813006,2009-12-11 09:58:00,2011-12-01 09:13:00,719,23.966666666666665,0.7927677329624478,2.3011425732737205,105.94736842105264,8,0
16294.0,126.05,1,54,15.75625,2010-08-20 12:01:00,2010-08-20 12:01:00,0,1.0,1.0,2.3342592592592597,54.0,476,1
16295.0,1328.55,4,841,16.817088607594936,2011-10-06 10:45:00,2011-11-30 08:17:00,54,1.8,2.2222222222222223,1.5797265160523186,210.25,9,0
16296.0,1245.97,6,632,15.011686746987952,2009-12-18 12:03:00,2010-03-23 13:11:00,95,3.1666666666666665,1.8947368421052635,1.9714715189873415,105.33333333333331,625,1
16297.0,275.4,4,180,11.97391304347826,2011-03-16 08:29:00,2011-05-11 11:15:00,56,1.8666666666666667,2.142857142857143,1.5299999999999998,45.0,212,1
16298.0,1080.0,9,306,22.040816326530614,2010-09-23 15:23:00,2011-11-17 11:59:00,419,13.966666666666669,0.6443914081145584,3.5294117647058822,34.0,22,0
16299.0,178.65,2,103,13.742307692307692,2010-08-19 17:46:00,2010-08-24 11:02:00,4,0.1333333333333333,15.0,1.7344660194174757,51.5,472,1
16300.0,1392.43,3,658,5.592088353413655,2010-02-02 11:40:00,2010-10-05 13:14:00,245,8.166666666666666,0.3673469387755102,2.1161550151975685,219.33333333333331,429,1
16301.0,107.33,1,41,17.888333333333332,2009-12-03 10:20:00,2009-12-03 10:20:00,0,1.0,1.0,2.6178048780487804,41.0,736,1
16302.0,212.82,2,134,17.735,2011-08-05 09:44:00,2011-08-24 09:25:00,18,0.6,3.333333333333333,1.5882089552238805,67.0,107,1
16303.0,7823.72,9,3816,26.702116040955637,2010-03-18 14:12:00,2011-11-14 10:49:00,605,20.166666666666668,0.4462809917355371,2.0502410901467507,424.0,25,0
16304.0,381.66,1,228,15.2664,2010-01-14 08:30:00,2010-01-14 08:30:00,0,1.0,1.0,1.6739473684210529,228.0,694,1
16305.0,361.22,1,256,16.419090909090908,2011-07-24 12:18:00,2011-07-24 12:18:00,0,1.0,1.0,1.411015625,256.0,138,1
16306.0,1162.82,10,726,16.150277777777777,2010-10-01 09:36:00,2011-05-10 12:12:00,221,7.366666666666666,1.3574660633484164,1.60168044077135,72.6,213,1
16307.0,1194.92,3,1123,15.932266666666669,2010-05-11 14:40:00,2010-10-06 14:31:00,147,4.9,0.6122448979591836,1.0640427426536063,374.3333333333333,428,1
16308.0,5120.0,7,16000,731.4285714285714,2009-12-15 15:48:00,2011-11-02 11:24:00,686,22.866666666666667,0.3061224489795918,0.32,2285.714285714286,37,0
16309.0,686.67,3,465,15.606136363636365,2011-04-13 11:46:00,2011-09-09 12:26:00,149,4.966666666666667,0.6040268456375839,1.4767096774193549,155.0,91,1
16310.0,460.08,2,270,16.431428571428572,2010-03-07 15:41:00,2010-10-21 14:47:00,227,7.566666666666666,0.2643171806167401,1.704,135.0,413,1
16311.0,616.26,2,394,16.655675675675674,2011-10-21 13:13:00,2011-11-22 08:54:00,31,1.0333333333333334,1.9354838709677415,1.5641116751269035,197.0,17,0
16312.0,171.15,1,53,17.115000000000002,2010-10-03 14:15:00,2010-10-03 14:15:00,0,1.0,1.0,3.229245283018868,53.0,431,1
16313.0,274.15000000000003,2,165,17.134375000000002,2011-10-21 09:04:00,2011-12-06 13:02:00,46,1.5333333333333334,1.3043478260869563,1.6615151515151516,82.5,2,0
16314.0,1491.4,3,636,24.05483870967742,2010-08-24 11:52:00,2010-11-15 12:06:00,83,2.7666666666666666,1.0843373493975903,2.34496855345912,212.0,389,1
16315.0,402.71,2,143,17.50913043478261,2010-06-21 13:53:00,2011-01-13 11:57:00,205,6.833333333333333,0.2926829268292683,2.816153846153846,71.5,330,1
16316.0,5533.31,19,3034,18.20167763157895,2010-08-03 14:38:00,2011-10-06 13:48:00,428,14.266666666666667,1.3317757009345794,1.8237673038892552,159.68421052631578,63,0
16317.0,2179.76,6,1235,18.47254237288136,2010-05-04 10:17:00,2011-08-12 12:46:00,465,15.5,0.3870967741935484,1.7649878542510122,205.83333333333331,119,1
16318.0,328.15,1,199,17.271052631578947,2011-11-04 13:05:00,2011-11-04 13:05:00,0,1.0,1.0,1.6489949748743715,199.0,34,0
16319.0,404.4,1,72,134.8,2011-05-06 11:27:00,2011-05-06 11:27:00,0,1.0,1.0,5.616666666666667,72.0,217,1
16320.0,4428.849999999999,8,3306,18.22572016460905,2010-01-27 13:29:00,2011-06-20 15:25:00,509,16.966666666666665,0.4715127701375246,1.339640048396854,413.25,171,1
16321.0,265.5,10,102,7.375,2009-12-01 10:33:00,2011-09-28 14:55:00,666,22.2,0.4504504504504504,2.6029411764705883,10.2,71,0
16322.0,326.75,2,231,8.83108108108108,2011-11-03 14:33:00,2011-12-08 15:41:00,35,1.1666666666666667,1.7142857142857142,1.4145021645021645,115.5,0,0
16323.0,353.66,2,146,88.415,2010-05-11 09:48:00,2011-05-27 14:48:00,381,12.7,0.1574803149606299,2.422328767123288,73.0,195,1
16324.0,428.68,3,282,3.632881355932204,2011-06-15 14:26:00,2011-08-03 12:58:00,48,1.6,1.875,1.5201418439716312,94.0,127,1
16325.0,3463.84,17,2417,23.888551724137933,2009-12-04 13:21:00,2011-10-26 16:29:00,691,23.03333333333333,0.7380607814761215,1.4331154323541582,142.1764705882353,43,0
16326.0,4706.99,26,1099,9.470804828973842,2010-01-28 13:23:00,2011-12-04 10:11:00,674,22.466666666666665,1.1572700296735905,4.282975432211101,42.26923076923077,5,0
16327.0,10705.52,20,8527,11.221719077568135,2009-12-14 13:06:00,2011-11-25 13:23:00,711,23.7,0.8438818565400844,1.2554849302216489,426.35,13,0
16328.0,310.83000000000004,1,141,19.426875000000003,2010-05-25 14:02:00,2010-05-25 14:02:00,0,1.0,1.0,2.204468085106383,141.0,562,1
16329.0,1703.07,4,826,14.809304347826089,2009-12-01 11:34:00,2010-10-08 12:44:00,311,10.366666666666667,0.3858520900321543,2.0618280871670702,206.5,427,1
16330.0,624.63,8,325,5.20525,2010-02-15 12:36:00,2011-11-22 12:24:00,644,21.466666666666665,0.3726708074534162,1.9219384615384616,40.625,17,0
16331.0,2037.7,6,756,59.93235294117648,2010-03-07 10:55:00,2010-10-03 13:47:00,210,7.0,0.8571428571428571,2.6953703703703704,126.0,431,1
16332.0,1989.97,13,1088,9.900348258706469,2010-04-29 13:41:00,2011-11-11 14:22:00,561,18.7,0.6951871657754011,1.8290165441176471,83.6923076923077,27,0
16333.0,26626.8,22,32184,591.7066666666667,2011-02-03 10:50:00,2011-12-02 12:19:00,302,10.066666666666666,2.185430463576159,0.8273303504847129,1462.909090909091,7,0
16334.0,277.48,1,211,4.784137931034483,2010-08-04 16:38:00,2010-08-04 16:38:00,0,1.0,1.0,1.3150710900473934,211.0,491,1
16335.0,2747.0,8,1012,7.485013623978202,2009-12-04 10:18:00,2010-06-06 11:35:00,184,6.133333333333334,1.3043478260869563,2.714426877470356,126.5,551,1
16336.0,3517.69,4,1473,51.73073529411765,2010-03-18 08:05:00,2010-10-15 12:32:00,211,7.033333333333333,0.5687203791469194,2.388112695179905,368.25,420,1
16337.0,151.05,1,87,15.105,2011-11-03 10:03:00,2011-11-03 10:03:00,0,1.0,1.0,1.7362068965517243,87.0,36,0
16338.0,214.8,1,94,19.527272727272727,2011-07-05 13:56:00,2011-07-05 13:56:00,0,1.0,1.0,2.285106382978724,94.0,156,1
16339.0,109.95,1,23,5.4975000000000005,2011-02-28 13:41:00,2011-02-28 13:41:00,0,1.0,1.0,4.780434782608696,23.0,283,1
16340.0,1526.06,3,1345,4.04790450928382,2010-06-06 13:26:00,2011-08-24 14:53:00,444,14.8,0.2027027027027027,1.1346171003717471,448.3333333333333,106,1
16341.0,3832.29,10,3006,22.676272189349117,2010-04-09 10:30:00,2011-11-15 09:12:00,584,19.466666666666665,0.5136986301369864,1.274880239520958,300.6,24,0
16342.0,322.41,4,157,21.494000000000003,2011-06-13 10:10:00,2011-09-25 14:36:00,104,3.466666666666667,1.1538461538461535,2.053566878980892,39.25,74,0
16343.0,687.0699999999999,3,422,7.989186046511628,2010-10-28 14:15:00,2011-11-23 17:45:00,391,13.033333333333331,0.2301790281329923,1.628127962085308,140.66666666666666,15,0
16344.0,842.42,4,706,18.31347826086957,2010-02-09 12:16:00,2011-07-04 15:50:00,510,17.0,0.2352941176470588,1.193229461756374,176.5,157,1
16345.0,1198.74,2,620,10.79945945945946,2010-08-13 17:13:00,2011-10-26 16:03:00,438,14.6,0.136986301369863,1.9334516129032255,310.0,43,0
16346.0,224.51,1,289,14.967333333333332,2010-11-19 15:55:00,2010-11-19 15:55:00,0,1.0,1.0,0.7768512110726643,289.0,384,1
16347.0,3482.01,13,1744,9.753529411764706,2010-03-12 12:41:00,2011-11-28 13:14:00,626,20.866666666666667,0.6230031948881789,1.9965653669724768,134.15384615384616,10,0
16348.0,1798.22,8,1178,6.760225563909774,2010-10-05 13:57:00,2011-11-07 15:44:00,398,13.266666666666667,0.6030150753768844,1.526502546689304,147.25,31,0
16349.0,53.5,1,9,5.944444444444445,2011-02-22 12:40:00,2011-02-22 12:40:00,0,1.0,1.0,5.944444444444445,9.0,290,1
16350.0,2206.49,12,1069,16.973,2010-10-07 16:33:00,2011-11-18 15:53:00,406,13.533333333333331,0.8866995073891626,2.064069223573433,89.08333333333333,20,0
16351.0,3279.13,18,2121,16.56126262626263,2009-12-04 16:12:00,2011-01-11 10:26:00,402,13.4,1.343283582089552,1.546030174446016,117.83333333333331,332,1
16352.0,494.44,2,300,17.658571428571427,2011-11-02 08:44:00,2011-11-22 10:32:00,20,0.6666666666666666,3.0,1.6481333333333332,150.0,17,0
16353.0,9985.93,41,3526,56.41768361581921,2009-12-07 13:55:00,2011-12-06 12:23:00,728,24.266666666666666,1.6895604395604396,2.832084515031197,86.0,3,0
16354.0,1129.51,5,599,7.954295774647887,2010-04-27 13:33:00,2011-10-07 14:28:00,528,17.6,0.284090909090909,1.885659432387312,119.8,62,0
16355.0,349.2,2,145,6.984,2010-11-29 14:21:00,2010-11-30 15:08:00,1,0.0333333333333333,60.0,2.4082758620689653,72.5,373,1
16356.0,414.42,7,189,6.907,2010-06-06 11:26:00,2011-05-26 11:51:00,354,11.8,0.5932203389830508,2.192698412698413,27.0,197,1
16357.0,868.37,4,389,18.47595744680851,2010-11-23 18:52:00,2011-11-06 16:04:00,347,11.566666666666666,0.345821325648415,2.2323136246786635,97.25,32,0
16358.0,2917.1,6,2064,18.82,2010-11-10 11:36:00,2011-12-08 15:09:00,393,13.1,0.4580152671755725,1.4133236434108527,344.0,0,0
16359.0,2379.4,20,1731,18.30307692307692,2010-02-16 10:39:00,2011-12-02 17:04:00,654,21.8,0.9174311926605504,1.374581166955517,86.55,6,0
16360.0,3411.69,8,2128,5.084485842026826,2011-09-12 13:50:00,2011-12-05 12:16:00,83,2.7666666666666666,2.891566265060241,1.6032377819548873,266.0,4,0
16361.0,896.66,4,421,8.459056603773584,2011-09-29 13:13:00,2011-11-30 12:32:00,61,2.033333333333333,1.9672131147540983,2.129833729216152,105.25,9,0
16362.0,841.74,11,446,8.093653846153845,2010-09-28 09:24:00,2011-11-07 13:01:00,405,13.5,0.8148148148148148,1.8873094170403588,40.54545454545455,31,0
16363.0,109.36,1,52,21.872000000000003,2011-10-17 14:14:00,2011-10-17 14:14:00,0,1.0,1.0,2.1030769230769235,52.0,52,0
16364.0,707.04,2,280,13.340377358490564,2011-07-25 14:35:00,2011-11-28 11:27:00,125,4.166666666666667,0.48,2.525142857142857,140.0,11,0
16365.0,3296.8,16,1119,25.166412213740458,2009-12-11 12:41:00,2011-11-22 11:24:00,710,23.666666666666668,0.676056338028169,2.946201966041108,69.9375,17,0
16366.0,1548.13,4,882,19.847820512820512,2009-12-16 10:39:00,2011-11-21 08:19:00,704,23.466666666666665,0.1704545454545454,1.7552494331065758,220.5,18,0
16367.0,1362.4,3,1117,5.949344978165939,2010-11-21 13:23:00,2011-11-02 13:13:00,345,11.5,0.2608695652173913,1.2196956132497765,372.3333333333333,36,0
16368.0,640.21,3,317,6.5327551020408166,2010-09-30 11:30:00,2011-12-07 13:12:00,433,14.433333333333334,0.207852193995381,2.019589905362776,105.66666666666669,1,0
16369.0,2664.81,7,1594,15.67535294117647,2010-04-07 16:52:00,2011-11-21 16:25:00,592,19.73333333333333,0.3547297297297297,1.6717754077791718,227.7142857142857,17,0
16370.0,1320.56,4,647,5.791929824561404,2011-04-28 16:40:00,2011-09-18 15:55:00,142,4.733333333333333,0.8450704225352113,2.041051004636785,161.75,81,0
16371.0,157.20000000000002,1,108,14.290909090909093,2010-09-17 12:09:00,2010-09-17 12:09:00,0,1.0,1.0,1.4555555555555555,108.0,448,1
16372.0,1298.61,6,724,3.8880538922155687,2010-04-11 15:20:00,2011-11-06 13:08:00,573,19.1,0.3141361256544502,1.793660220994475,120.66666666666669,32,0
16373.0,309.49,2,119,10.672068965517242,2010-10-24 13:10:00,2010-11-22 15:50:00,29,0.9666666666666668,2.0689655172413794,2.6007563025210083,59.5,381,1
16374.0,1771.45,5,800,4.9481843575419,2010-04-30 13:10:00,2011-10-04 15:21:00,522,17.4,0.2873563218390805,2.2143125,160.0,65,0
16375.0,104.0,2,74,8.0,2010-08-26 14:12:00,2010-08-26 14:25:00,0,1.0,2.0,1.4054054054054057,37.0,469,1
16376.0,977.52,3,689,7.636875,2011-11-22 16:47:00,2011-12-01 11:38:00,8,0.2666666666666666,11.25,1.4187518142235125,229.66666666666663,8,0
16377.0,1308.48,2,2928,130.848,2010-04-01 10:36:00,2011-03-17 15:41:00,350,11.666666666666666,0.1714285714285714,0.4468852459016393,1464.0,266,1
16378.0,362.95,3,267,15.780434782608696,2011-02-02 12:42:00,2011-04-06 15:07:00,63,2.1,1.4285714285714286,1.3593632958801498,89.0,246,1
16379.0,2131.9,5,1408,19.55871559633028,2011-09-22 09:33:00,2011-12-05 15:38:00,74,2.466666666666667,2.0270270270270268,1.5141335227272728,281.6,3,0
16380.0,1780.59,1,1524,55.6434375,2011-10-09 15:40:00,2011-10-09 15:40:00,0,1.0,1.0,1.1683661417322837,1524.0,60,0
16381.0,258.7,2,112,3.98,2010-10-17 13:06:00,2010-11-09 09:56:00,22,0.7333333333333333,2.7272727272727275,2.3098214285714285,56.0,395,1
16382.0,353.1,2,167,8.025,2010-06-07 12:42:00,2010-10-27 16:23:00,142,4.733333333333333,0.4225352112676056,2.11437125748503,83.5,407,1
16383.0,2910.84,9,1612,6.881418439716312,2010-02-04 13:18:00,2011-09-26 12:45:00,598,19.933333333333334,0.451505016722408,1.8057320099255585,179.11111111111111,74,0
16384.0,1358.95,4,861,16.77716049382716,2010-04-28 14:01:00,2011-09-11 11:19:00,500,16.666666666666668,0.24,1.5783391405342626,215.25,89,0
16385.0,1030.61,5,549,7.522700729927006,2010-03-18 12:45:00,2011-10-10 13:12:00,571,19.03333333333333,0.2626970227670753,1.877249544626593,109.8,59,0
16386.0,1102.59,3,723,7.500612244897958,2010-11-17 11:19:00,2011-11-11 12:28:00,359,11.966666666666669,0.2506963788300835,1.5250207468879666,241.0,28,0
16387.0,918.55,5,457,9.568229166666669,2010-03-11 12:22:00,2011-01-21 11:34:00,315,10.5,0.4761904761904761,2.009956236323851,91.4,322,1
16388.0,186.05,1,83,14.311538461538465,2010-02-24 10:20:00,2010-02-24 10:20:00,0,1.0,1.0,2.241566265060241,83.0,653,1
16389.0,1362.27,5,1230,38.922,2011-03-01 15:47:00,2011-10-17 14:41:00,229,7.633333333333334,0.6550218340611353,1.1075365853658536,246.0,52,0
16390.0,467.5,3,122,22.261904761904763,2010-01-29 15:25:00,2010-06-21 10:11:00,142,4.733333333333333,0.6338028169014085,3.831967213114754,40.66666666666666,536,1
16391.0,1103.61,4,748,3.33416918429003,2010-05-27 11:27:00,2010-11-04 12:27:00,161,5.366666666666666,0.7453416149068324,1.4754144385026735,187.0,400,1
16392.0,763.05,3,609,5.121140939597315,2010-05-27 11:17:00,2011-03-15 12:11:00,292,9.733333333333333,0.3082191780821918,1.2529556650246303,203.0,269,1
16393.0,5456.5,30,3085,6.703316953316953,2009-12-01 12:13:00,2011-12-07 12:51:00,736,24.53333333333333,1.2228260869565215,1.7687196110210697,102.83333333333331,1,0
16394.0,1412.06,9,2317,14.1206,2011-02-23 10:58:00,2011-10-20 19:16:00,239,7.966666666666667,1.1297071129707112,0.6094346137246439,257.44444444444446,49,0
16395.0,3458.95,17,2899,5.297013782542113,2009-12-06 12:23:00,2011-10-10 12:50:00,673,22.433333333333334,0.7578008915304606,1.1931528113142462,170.52941176470588,60,0
16396.0,102.7,3,46,8.558333333333332,2010-08-20 14:17:00,2010-08-23 15:51:00,3,0.1,30.0,2.2326086956521736,15.333333333333334,472,1
16397.0,127.88,1,50,11.625454545454543,2010-03-21 15:36:00,2010-03-21 15:36:00,0,1.0,1.0,2.5576,50.0,627,1
16398.0,1631.15,4,745,18.96686046511628,2011-03-31 09:38:00,2011-07-18 10:14:00,109,3.633333333333333,1.1009174311926606,2.1894630872483223,186.25,144,1
16399.0,641.82,3,456,5.679823008849558,2010-11-15 15:03:00,2011-11-20 16:12:00,370,12.333333333333334,0.2432432432432432,1.4075000000000002,152.0,18,0
16400.0,3159.44,9,2159,11.24355871886121,2009-12-08 12:38:00,2011-09-06 12:27:00,636,21.2,0.4245283018867924,1.463381194997684,239.88888888888889,94,1
16401.0,6628.99,39,5910,17.129173126614987,2010-06-02 13:13:00,2011-12-08 18:15:00,554,18.466666666666665,2.1119133574007223,1.1216565143824029,151.53846153846155,0,0
16402.0,511.4,2,254,4.3709401709401705,2010-12-05 13:42:00,2011-03-20 12:25:00,104,3.466666666666667,0.5769230769230769,2.0133858267716533,127.0,264,1
16403.0,161.04999999999998,2,103,10.736666666666666,2011-01-31 13:39:00,2011-02-10 16:40:00,10,0.3333333333333333,6.0,1.5635922330097085,51.5,301,1
16404.0,430.3,2,156,17.929166666666667,2009-12-07 12:32:00,2011-09-30 14:55:00,662,22.066666666666663,0.0906344410876132,2.7583333333333333,78.0,69,0
16405.0,167.25,2,187,33.45,2011-02-02 17:08:00,2011-02-10 15:24:00,7,0.2333333333333333,8.571428571428571,0.8943850267379679,93.5,301,1
16406.0,533.98,4,250,3.296172839506173,2010-02-24 11:51:00,2011-11-21 11:57:00,635,21.166666666666668,0.1889763779527559,2.13592,62.5,18,0
16407.0,2821.65,14,1484,12.16228448275862,2010-10-03 13:56:00,2011-11-27 11:05:00,419,13.966666666666669,1.002386634844869,1.9013814016172508,106.0,12,0
16408.0,231.93,1,227,5.154,2010-04-27 14:08:00,2010-04-27 14:08:00,0,1.0,1.0,1.021718061674009,227.0,590,1
16409.0,5709.04,12,3706,7.217496839443742,2009-12-13 15:38:00,2011-11-03 16:45:00,690,23.0,0.5217391304347826,1.5404856988667026,308.8333333333333,35,0
16410.0,130.32,1,348,26.064,2009-12-05 14:51:00,2009-12-05 14:51:00,0,1.0,1.0,0.3744827586206896,348.0,733,1
16411.0,910.19,4,543,4.397053140096618,2010-10-07 15:09:00,2011-11-20 13:23:00,408,13.6,0.2941176470588235,1.6762246777163905,135.75,18,0
16412.0,647.23,5,311,4.759044117647059,2010-02-04 13:46:00,2011-10-17 12:35:00,619,20.633333333333333,0.2423263327948303,2.0811254019292607,62.2,53,0
16413.0,528.98,2,284,7.666376811594203,2010-11-29 12:49:00,2011-10-14 12:08:00,318,10.6,0.1886792452830188,1.862605633802817,142.0,56,0
16414.0,559.71,5,202,8.74546875,2010-01-14 10:21:00,2011-11-18 09:42:00,672,22.4,0.2232142857142857,2.770841584158416,40.4,21,0
16415.0,719.4399999999999,3,527,4.440987654320987,2010-02-01 12:30:00,2011-10-26 13:35:00,632,21.066666666666663,0.1424050632911392,1.3651612903225805,175.66666666666666,43,0
16416.0,2948.47,10,2193,15.600370370370367,2010-02-23 12:00:00,2011-11-13 12:50:00,628,20.933333333333334,0.4777070063694267,1.3444915640674873,219.3,26,0
16417.0,35.7,1,6,35.7,2010-08-04 09:08:00,2010-08-04 09:08:00,0,1.0,1.0,5.95,6.0,492,1
16418.0,1101.94,5,580,6.520355029585799,2010-10-13 12:31:00,2011-10-26 12:39:00,378,12.6,0.3968253968253968,1.899896551724138,116.0,44,0
16419.0,1474.67,9,720,15.856666666666667,2010-02-09 13:26:00,2011-08-19 12:33:00,555,18.5,0.4864864864864865,2.0481527777777777,80.0,112,1
16420.0,75.0,1,120,37.5,2010-11-08 15:15:00,2010-11-08 15:15:00,0,1.0,1.0,0.625,120.0,395,1
16421.0,526.27,3,123,13.849210526315789,2010-08-27 12:02:00,2010-11-28 13:31:00,93,3.1,0.9677419354838708,4.2786178861788615,41.0,375,1
16422.0,61110.54,146,63084,80.30294349540078,2009-12-01 13:52:00,2011-11-22 14:00:00,721,24.03333333333333,6.074895977808599,0.9687169488301312,432.0821917808219,16,0
16423.0,346.12,1,230,19.22888888888889,2011-11-15 09:21:00,2011-11-15 09:21:00,0,1.0,1.0,1.5048695652173911,230.0,24,0
16424.0,392.06,3,206,28.004285714285714,2010-11-22 11:24:00,2011-06-01 13:40:00,191,6.366666666666666,0.4712041884816754,1.9032038834951457,68.66666666666667,190,1
16425.0,302.7,1,199,14.414285714285716,2011-02-10 14:30:00,2011-02-10 14:30:00,0,1.0,1.0,1.5211055276381908,199.0,301,1
16426.0,1908.25,10,1243,5.129704301075269,2011-03-08 15:45:00,2011-12-07 14:01:00,273,9.1,1.098901098901099,1.535197103781175,124.3,1,0
16427.0,241.06,2,156,26.784444444444446,2011-02-28 15:18:00,2011-03-21 17:10:00,21,0.7,2.857142857142857,1.5452564102564104,78.0,262,1
16428.0,657.33,4,594,4.798029197080292,2010-07-30 12:10:00,2011-09-19 16:31:00,416,13.866666666666667,0.2884615384615384,1.1066161616161616,148.5,80,0
16429.0,284.55,1,9,142.275,2011-08-25 13:54:00,2011-08-25 13:54:00,0,1.0,1.0,31.616666666666667,9.0,105,1
16430.0,1117.94,7,307,39.92642857142857,2010-01-27 12:45:00,2011-10-13 14:47:00,624,20.8,0.3365384615384615,3.641498371335505,43.85714285714285,56,0
16431.0,642.81,3,453,7.744698795180722,2011-02-15 14:02:00,2011-05-10 14:09:00,84,2.8,1.0714285714285714,1.419006622516556,151.0,212,1
16432.0,287.4,1,276,35.925,2011-10-06 13:59:00,2011-10-06 13:59:00,0,1.0,1.0,1.0413043478260868,276.0,63,0
16433.0,384.52,2,214,11.309411764705882,2010-10-27 12:26:00,2011-11-11 14:09:00,380,12.666666666666666,0.1578947368421052,1.796822429906542,107.0,27,0
16434.0,2727.04,13,1331,14.505531914893616,2010-01-17 14:51:00,2011-11-10 14:28:00,661,22.03333333333333,0.5900151285930408,2.0488655146506387,102.3846153846154,28,0
16435.0,1011.57,3,609,8.028333333333334,2010-07-13 13:29:00,2010-07-15 18:22:00,2,0.0666666666666666,45.0,1.6610344827586208,203.0,511,1
16436.0,242.04,4,217,5.628837209302326,2009-12-06 16:02:00,2010-02-09 13:19:00,64,2.1333333333333333,1.875,1.1153917050691244,54.25,667,1
16437.0,301.25,2,197,14.345238095238097,2010-10-06 12:34:00,2010-11-23 16:59:00,48,1.6,1.25,1.5291878172588833,98.5,380,1
16438.0,798.35,5,463,6.04810606060606,2011-09-18 13:31:00,2011-12-04 10:51:00,76,2.533333333333333,1.973684210526316,1.7242980561555077,92.6,5,0
16439.0,310.70000000000005,1,74,34.522222222222226,2009-12-17 14:22:00,2009-12-17 14:22:00,0,1.0,1.0,4.198648648648649,74.0,721,1
16440.0,3856.97,6,2108,12.56342019543974,2010-08-03 11:32:00,2011-12-02 12:02:00,486,16.2,0.3703703703703704,1.829682163187856,351.3333333333333,7,0
16441.0,1023.48,6,483,11.764137931034483,2010-03-22 18:00:00,2011-10-03 17:48:00,559,18.633333333333333,0.3220035778175313,2.119006211180124,80.5,66,0
16442.0,899.47,5,583,3.59788,2009-12-13 11:05:00,2011-12-08 11:43:00,725,24.166666666666668,0.2068965517241379,1.5428301886792453,116.6,1,0
16443.0,162.24,1,96,162.24,2010-07-07 11:57:00,2010-07-07 11:57:00,0,1.0,1.0,1.6900000000000002,96.0,520,1
16444.0,3582.38,20,1947,9.427315789473685,2010-03-24 14:06:00,2011-10-24 13:50:00,578,19.266666666666666,1.0380622837370244,1.83994863893169,97.35,45,0
16445.0,602.73,4,299,3.13921875,2010-10-24 12:39:00,2011-11-06 12:32:00,377,12.566666666666666,0.3183023872679045,2.0158193979933112,74.75,33,0
16446.0,-6.100000000005821,4,0,-1.2200000000011642,2010-10-04 16:38:00,2011-12-09 09:27:00,430,14.333333333333334,0.2790697674418604,-inf,0.0,0,0
16447.0,775.14,3,323,10.61835616438356,2010-02-17 14:09:00,2011-07-27 12:45:00,524,17.466666666666665,0.1717557251908397,2.399814241486068,107.66666666666669,135,1
16448.0,367.87,2,179,7.074423076923077,2010-08-25 16:58:00,2011-05-25 16:28:00,272,9.066666666666666,0.2205882352941176,2.0551396648044693,89.5,197,1
16449.0,674.69,3,359,15.690465116279071,2011-03-04 12:15:00,2011-06-02 11:07:00,89,2.966666666666667,1.0112359550561798,1.8793593314763235,119.66666666666669,190,1
16450.0,1475.73,4,657,33.53931818181818,2009-12-10 19:05:00,2011-07-13 11:47:00,579,19.3,0.2072538860103626,2.246164383561644,164.25,149,1
16451.0,1009.4,4,521,15.293939393939397,2009-12-04 15:11:00,2011-09-13 09:17:00,647,21.566666666666663,0.1854714064914992,1.9374280230326295,130.25,87,0
16452.0,332.17,2,199,18.45388888888889,2010-01-15 12:22:00,2010-03-19 12:39:00,63,2.1,0.9523809523809524,1.6691959798994975,99.5,630,1
16453.0,251.71,2,139,16.78066666666667,2010-06-09 13:15:00,2010-06-27 12:46:00,17,0.5666666666666667,3.5294117647058822,1.810863309352518,69.5,530,1
16454.0,1.9000000000000004,8,5,0.2375,2010-02-02 16:18:00,2011-10-26 11:40:00,630,21.0,0.3809523809523809,0.38,0.625,44,0
16455.0,4306.72,13,3060,18.889122807017547,2010-03-30 10:31:00,2011-10-07 12:17:00,556,18.53333333333333,0.7014388489208633,1.4074248366013071,235.3846153846154,63,0
16456.0,6185.41,14,3724,14.868774038461538,2010-03-29 11:16:00,2011-09-01 13:50:00,521,17.366666666666667,0.8061420345489443,1.6609586466165414,266.0,98,1
16457.0,208.36,1,140,23.151111111111117,2011-05-05 13:19:00,2011-05-05 13:19:00,0,1.0,1.0,1.4882857142857144,140.0,217,1
16458.0,5715.34,30,3406,14.922558746736293,2010-05-26 14:38:00,2011-12-07 09:34:00,559,18.633333333333333,1.6100178890876566,1.6780211391661777,113.53333333333332,2,0
16459.0,71.79,1,59,14.358,2009-12-10 12:42:00,2009-12-10 12:42:00,0,1.0,1.0,1.2167796610169492,59.0,729,1
16460.0,814.72,3,879,6.034962962962963,2011-09-19 10:15:00,2011-11-11 13:46:00,53,1.7666666666666666,1.69811320754717,0.9268714448236632,293.0,27,0
16461.0,1615.22,3,1039,6.00453531598513,2010-03-03 13:57:00,2011-06-15 12:07:00,468,15.6,0.1923076923076923,1.5545909528392683,346.3333333333333,177,1
16462.0,102.0,4,12,25.5,2011-03-01 08:58:00,2011-10-06 18:16:00,219,7.3,0.547945205479452,8.5,3.0,63,0
16463.0,1383.7,7,1135,16.278823529411767,2011-05-19 14:45:00,2011-11-18 14:01:00,182,6.066666666666666,1.153846153846154,1.2191189427312776,162.14285714285714,20,0
16464.0,1314.68,3,963,5.570677966101695,2011-07-20 13:53:00,2011-11-20 12:11:00,122,4.066666666666666,0.7377049180327869,1.3651921079958464,321.0,19,0
16465.0,726.34,3,502,14.82326530612245,2010-09-21 10:46:00,2010-10-22 09:22:00,30,1.0,3.0,1.4468924302788846,167.33333333333334,413,1
16466.0,3713.59,16,1805,10.580028490028493,2010-03-07 14:31:00,2011-11-06 11:35:00,608,20.266666666666666,0.7894736842105263,2.057390581717452,112.8125,33,0
16467.0,2862.4,8,7380,114.496,2009-12-02 11:59:00,2010-07-19 11:49:00,228,7.6,1.0526315789473684,0.3878590785907859,922.5,508,1
16468.0,787.52,3,371,17.500444444444444,2010-08-15 13:10:00,2011-09-26 14:13:00,407,13.566666666666666,0.2211302211302211,2.122695417789757,123.66666666666669,73,0
16469.0,828.91,5,345,4.043463414634147,2010-07-13 13:17:00,2011-11-16 12:25:00,490,16.333333333333332,0.3061224489795918,2.4026376811594203,69.0,23,0
16470.0,2453.65,12,1356,5.06952479338843,2009-12-11 12:21:00,2011-10-19 12:11:00,676,22.53333333333333,0.5325443786982248,1.809476401179941,113.0,51,0
16471.0,1186.18,6,666,18.5340625,2010-02-25 10:07:00,2011-03-10 09:41:00,377,12.566666666666666,0.4774535809018568,1.781051051051051,111.0,274,1
16472.0,789.6,2,252,20.246153846153845,2010-04-21 11:48:00,2010-10-01 13:56:00,163,5.433333333333334,0.3680981595092024,3.1333333333333333,126.0,433,1
16473.0,469.58,5,295,16.192413793103448,2010-11-30 16:29:00,2011-06-28 09:10:00,209,6.966666666666667,0.7177033492822966,1.5917966101694914,59.0,164,1
16474.0,1811.47,11,918,4.922472826086957,2011-07-17 14:51:00,2011-12-02 13:02:00,137,4.566666666666666,2.408759124087591,1.9732788671023969,83.45454545454545,6,0
16475.0,544.3,4,319,19.439285714285717,2011-03-11 09:39:00,2011-09-12 14:37:00,185,6.166666666666667,0.6486486486486486,1.7062695924764888,79.75,87,0
16476.0,337.0,3,182,12.961538461538462,2010-10-04 10:29:00,2010-10-18 13:51:00,14,0.4666666666666667,6.428571428571429,1.851648351648352,60.66666666666666,416,1
16477.0,4320.02,11,2632,16.615461538461542,2010-08-12 09:43:00,2011-10-07 09:44:00,421,14.033333333333331,0.7838479809976248,1.6413449848024315,239.27272727272728,63,0
16478.0,331.0,3,224,19.47058823529412,2011-10-05 12:02:00,2011-11-14 15:51:00,40,1.3333333333333333,2.25,1.4776785714285714,74.66666666666667,24,0
16479.0,300.83,2,102,8.595142857142857,2011-11-29 13:04:00,2011-11-29 13:40:00,0,1.0,2.0,2.949313725490196,51.0,9,0
16480.0,769.29,1,455,14.514905660377355,2011-09-25 11:40:00,2011-09-25 11:40:00,0,1.0,1.0,1.690747252747253,455.0,75,0
16481.0,428.23,3,185,21.4115,2010-01-26 13:09:00,2010-02-18 11:14:00,22,0.7333333333333333,4.090909090909091,2.314756756756757,61.66666666666666,659,1
16482.0,220.62,1,346,12.256666666666668,2011-11-24 12:33:00,2011-11-24 12:33:00,0,1.0,1.0,0.6376300578034683,346.0,15,0
16483.0,139.35,1,44,7.334210526315789,2011-05-31 13:08:00,2011-05-31 13:08:00,0,1.0,1.0,3.1670454545454545,44.0,191,1
16484.0,379.4,3,194,14.592307692307692,2011-06-02 10:39:00,2011-06-19 12:06:00,17,0.5666666666666667,5.294117647058823,1.9556701030927837,64.66666666666667,173,1
16485.0,2137.68,7,1127,13.79148387096774,2009-12-06 12:28:00,2011-09-23 15:50:00,656,21.866666666666667,0.3201219512195122,1.89678793256433,161.0,76,0
16486.0,134.36,1,24,19.19428571428572,2010-06-20 12:16:00,2010-06-20 12:16:00,0,1.0,1.0,5.598333333333334,24.0,537,1
16487.0,209.4,2,163,5.982857142857143,2010-02-18 17:36:00,2010-05-11 13:38:00,81,2.7,0.7407407407407407,1.2846625766871167,81.5,576,1
16488.0,492.2,4,724,15.87741935483871,2011-07-14 11:46:00,2011-11-06 13:42:00,115,3.8333333333333335,1.0434782608695652,0.6798342541436464,181.0,32,0
16489.0,303.7,2,38,50.61666666666667,2010-09-29 15:02:00,2010-11-24 14:40:00,55,1.8333333333333333,1.090909090909091,7.992105263157894,19.0,379,1
16490.0,179.16000000000005,2,106,11.197500000000002,2010-09-29 16:30:00,2010-10-05 19:52:00,6,0.2,10.0,1.6901886792452832,53.0,429,1
16491.0,1524.31,3,1057,17.321704545454544,2010-10-22 15:42:00,2011-10-24 10:18:00,366,12.2,0.2459016393442623,1.4421097445600757,352.3333333333333,46,0
16492.0,385.56,1,235,16.763478260869565,2010-06-17 08:20:00,2010-06-17 08:20:00,0,1.0,1.0,1.6406808510638298,235.0,540,1
16493.0,2110.12,9,1937,18.03521367521368,2010-03-26 13:05:00,2011-09-28 11:13:00,550,18.33333333333333,0.4909090909090909,1.0893753226639131,215.22222222222223,72,0
16494.0,826.53,1,675,16.5306,2011-02-16 12:49:00,2011-02-16 12:49:00,0,1.0,1.0,1.2244888888888887,675.0,296,1
16495.0,684.41,3,337,7.055773195876288,2011-03-08 16:38:00,2011-12-06 13:20:00,272,9.066666666666666,0.3308823529411764,2.0308902077151334,112.33333333333331,2,0
16496.0,2293.47,7,1744,16.38192857142857,2010-07-18 13:42:00,2011-12-01 10:31:00,500,16.666666666666668,0.42,1.3150630733944952,249.14285714285717,8,0
16497.0,6695.28,23,3050,19.86729970326409,2009-12-03 14:11:00,2011-10-21 10:55:00,686,22.866666666666667,1.0058309037900874,2.1951737704918037,132.6086956521739,49,0
16498.0,86.12,3,42,5.3825,2011-06-30 19:52:00,2011-07-01 15:07:00,0,1.0,3.0,2.0504761904761906,14.0,160,1
16499.0,2491.74,13,1352,16.50158940397351,2010-06-11 12:22:00,2010-12-14 15:20:00,186,6.2,2.096774193548387,1.8430029585798815,104.0,359,1
16500.0,835.96,10,385,23.88457142857143,2010-06-14 14:54:00,2011-12-05 12:04:00,538,17.933333333333334,0.5576208178438662,2.1713246753246755,38.5,4,0
16501.0,1237.23,1,642,5.9769565217391305,2010-11-21 14:10:00,2010-11-21 14:10:00,0,1.0,1.0,1.9271495327102803,642.0,382,1
16502.0,266.5,2,251,6.197674418604652,2010-03-29 13:39:00,2010-03-29 13:44:00,0,1.0,2.0,1.0617529880478087,125.5,619,1
16503.0,3597.89,13,1532,16.656898148148148,2010-06-21 14:07:00,2011-08-25 11:46:00,429,14.3,0.9090909090909092,2.348492167101828,117.84615384615384,106,1
16504.0,484.38,1,524,5.632325581395349,2011-11-14 15:18:00,2011-11-14 15:18:00,0,1.0,1.0,0.9243893129770993,524.0,24,0
16505.0,777.6,1,576,194.4,2011-11-08 12:14:00,2011-11-08 12:14:00,0,1.0,1.0,1.35,576.0,31,0
16506.0,90.3,2,42,30.100000000000005,2011-10-30 15:50:00,2011-11-20 12:17:00,20,0.6666666666666666,3.0,2.1500000000000004,21.0,19,0
16507.0,152.76,1,116,3.5525581395348835,2010-05-16 12:56:00,2010-05-16 12:56:00,0,1.0,1.0,1.3168965517241378,116.0,571,1
16508.0,248.8,1,106,5.528888888888889,2010-03-19 13:41:00,2010-03-19 13:41:00,0,1.0,1.0,2.347169811320754,106.0,629,1
16509.0,363.7000000000001,1,64,27.97692307692308,2011-02-16 09:25:00,2011-02-16 09:25:00,0,1.0,1.0,5.682812500000001,64.0,296,1
16510.0,2100.0,6,1076,16.03053435114504,2010-01-17 12:30:00,2010-12-02 13:39:00,319,10.633333333333333,0.5642633228840126,1.951672862453532,179.33333333333334,371,1
16511.0,1819.02,6,787,5.6844375,2010-03-01 12:21:00,2011-11-18 10:41:00,626,20.866666666666667,0.2875399361022364,2.3113341804320204,131.16666666666666,21,0
16512.0,-33.9,1,-2,-33.9,2009-12-11 14:31:00,2009-12-11 14:31:00,0,1.0,1.0,16.95,-2.0,727,1
16513.0,874.59,4,407,24.98828571428572,2011-10-27 14:56:00,2011-12-05 10:18:00,38,1.2666666666666666,3.1578947368421053,2.148869778869779,101.75,4,0
16514.0,-134.86,1,-1,-134.86,2010-03-19 13:48:00,2010-03-19 13:48:00,0,1.0,1.0,134.86,-1.0,629,1
16515.0,3216.3,10,1601,13.40125,2010-06-17 12:17:00,2011-10-18 13:10:00,488,16.266666666666666,0.6147540983606558,2.0089319175515303,160.1,51,0
16516.0,101.7,1,58,16.95,2011-11-09 14:59:00,2011-11-09 14:59:00,0,1.0,1.0,1.7534482758620689,58.0,29,0
16517.0,162.7,1,96,9.570588235294116,2011-03-07 13:50:00,2011-03-07 13:50:00,0,1.0,1.0,1.6947916666666665,96.0,276,1
16518.0,938.27,6,516,13.215070422535211,2010-06-01 13:31:00,2011-10-09 15:04:00,495,16.5,0.3636363636363636,1.8183527131782944,86.0,60,0
16519.0,556.26,4,176,13.244285714285716,2010-03-01 13:51:00,2011-11-14 15:41:00,623,20.766666666666666,0.1926163723916533,3.160568181818182,44.0,24,0
16520.0,2465.92,8,1264,5.91347721822542,2010-03-02 16:40:00,2011-06-06 13:24:00,460,15.333333333333334,0.5217391304347826,1.9508860759493671,158.0,185,1
16521.0,1148.01,3,1016,4.803389121338912,2010-03-01 13:22:00,2010-10-20 13:09:00,232,7.733333333333333,0.3879310344827586,1.1299311023622047,338.6666666666667,414,1
16522.0,433.36,2,212,24.07555555555556,2010-09-15 13:32:00,2010-09-30 10:54:00,14,0.4666666666666667,4.285714285714286,2.0441509433962266,106.0,435,1
16523.0,11760.54,39,4942,30.62640625,2009-12-08 14:29:00,2011-12-08 09:06:00,729,24.3,1.6049382716049383,2.379712666936463,126.71794871794872,1,0
16524.0,308.14,2,260,5.706296296296296,2010-01-17 13:16:00,2010-09-19 13:37:00,245,8.166666666666666,0.2448979591836735,1.185153846153846,130.0,445,1
16525.0,23350.74,54,13692,60.65127272727273,2009-12-02 13:53:00,2011-12-07 15:07:00,735,24.5,2.204081632653061,1.705429447852761,253.55555555555557,1,0
16526.0,717.21,2,279,20.491714285714288,2010-05-04 16:34:00,2011-06-21 12:02:00,412,13.733333333333333,0.145631067961165,2.5706451612903227,139.5,171,1
16527.0,1272.44,2,726,16.525194805194808,2010-10-11 13:25:00,2011-09-19 16:21:00,343,11.433333333333334,0.1749271137026239,1.75267217630854,363.0,80,0
16528.0,244.41,1,171,14.377058823529412,2011-12-06 12:45:00,2011-12-06 12:45:00,0,1.0,1.0,1.429298245614035,171.0,3,0
16529.0,2012.0,4,751,15.5968992248062,2010-06-27 13:29:00,2011-06-02 17:23:00,340,11.333333333333334,0.3529411764705882,2.6790945406125166,187.75,189,1
16530.0,48.35,1,17,16.116666666666664,2010-02-09 15:30:00,2010-02-09 15:30:00,0,1.0,1.0,2.844117647058823,17.0,667,1
16531.0,2263.58,12,1858,16.16842857142857,2010-09-24 09:49:00,2011-11-17 16:29:00,419,13.966666666666669,0.8591885441527446,1.2182884822389666,154.83333333333334,21,0
16532.0,8756.64,5,2544,1459.4399999999998,2010-03-29 10:26:00,2011-11-22 11:08:00,603,20.1,0.2487562189054726,3.442075471698113,508.8,17,0
16533.0,1026.94,5,514,5.673701657458564,2011-10-02 15:07:00,2011-11-20 13:08:00,48,1.6,3.125,1.9979377431906613,102.8,18,0
16534.0,635.9,1,168,17.663888888888888,2010-03-07 15:47:00,2010-03-07 15:47:00,0,1.0,1.0,3.7851190476190473,168.0,641,1
16535.0,1001.59,3,685,13.178815789473685,2010-01-28 15:26:00,2011-12-04 15:18:00,674,22.466666666666665,0.1335311572700296,1.462175182481752,228.33333333333331,4,0
16536.0,539.02,2,250,9.625357142857142,2011-08-21 15:54:00,2011-08-24 13:20:00,2,0.0666666666666666,30.0,2.15608,125.0,106,1
16537.0,23.35,1,59,5.8375,2010-03-08 13:41:00,2010-03-08 13:41:00,0,1.0,1.0,0.3957627118644068,59.0,640,1
16538.0,399.62,3,257,9.293488372093025,2010-04-23 16:25:00,2010-06-16 16:59:00,54,1.8,1.6666666666666663,1.5549416342412452,85.66666666666667,540,1
16539.0,3732.01,10,1315,24.55269736842105,2010-06-25 15:24:00,2011-12-07 08:41:00,529,17.633333333333333,0.5671077504725898,2.8380304182509506,131.5,2,0
16540.0,226.7,1,114,6.127027027027028,2010-10-21 17:22:00,2010-10-21 17:22:00,0,1.0,1.0,1.9885964912280705,114.0,413,1
16541.0,419.78,2,172,10.763589743589744,2009-12-04 12:29:00,2009-12-04 13:22:00,0,1.0,2.0,2.4405813953488376,86.0,734,1
16542.0,257.32,2,142,18.38,2010-11-03 14:44:00,2011-10-17 10:47:00,347,11.566666666666666,0.1729106628242075,1.812112676056338,71.0,53,0
16543.0,277.81,2,303,13.8905,2010-04-27 11:38:00,2010-05-05 13:34:00,8,0.2666666666666666,7.5,0.9168646864686468,151.5,582,1
16544.0,110.3,6,54,7.878571428571428,2010-02-15 13:20:00,2010-07-08 11:11:00,142,4.733333333333333,1.267605633802817,2.0425925925925927,9.0,519,1
16545.0,689.82,2,322,86.2275,2010-11-29 10:39:00,2011-06-28 10:37:00,210,7.0,0.2857142857142857,2.142298136645963,161.0,164,1
16546.0,3837.36,7,2662,35.86317757009346,2010-09-23 15:43:00,2011-02-22 11:20:00,151,5.033333333333333,1.390728476821192,1.4415326821938392,380.2857142857143,290,1
16547.0,111.71,1,113,4.137407407407407,2010-06-11 13:02:00,2010-06-11 13:02:00,0,1.0,1.0,0.9885840707964602,113.0,545,1
16548.0,30.15,1,6,5.025,2010-04-19 16:15:00,2010-04-19 16:15:00,0,1.0,1.0,5.025,6.0,598,1
16549.0,13159.64,37,7273,4.042900153609831,2009-12-03 17:59:00,2011-11-29 15:06:00,725,24.166666666666668,1.5310344827586206,1.8093826481506945,196.5675675675676,9,0
16550.0,9169.32,29,5666,10.928867699642431,2009-12-02 11:24:00,2011-08-23 11:12:00,628,20.933333333333334,1.3853503184713376,1.618305683021532,195.3793103448276,108,1
16551.0,2237.12,7,2076,25.421818181818185,2009-12-13 16:12:00,2011-09-05 09:38:00,630,21.0,0.3333333333333333,1.077610789980732,296.57142857142856,95,1
16552.0,475.02,2,258,21.591818181818184,2010-12-01 12:36:00,2011-04-11 10:04:00,130,4.333333333333333,0.4615384615384615,1.8411627906976744,129.0,242,1
16553.0,16555.87,36,16450,55.55661073825503,2010-02-11 18:46:00,2011-06-29 15:42:00,502,16.733333333333334,2.151394422310757,1.006435866261398,456.94444444444446,162,1
16554.0,2407.17,18,1169,11.248457943925231,2009-12-15 09:42:00,2011-12-06 14:52:00,721,24.03333333333333,0.7489597780859917,2.059170230966638,64.94444444444444,2,0
16555.0,285.89,10,175,2.486,2010-07-22 13:39:00,2011-11-04 14:31:00,470,15.666666666666666,0.6382978723404256,1.6336571428571427,17.5,34,0
16556.0,7610.23,24,4329,15.22046,2009-12-07 10:51:00,2011-10-04 11:36:00,666,22.2,1.0810810810810811,1.757964887964888,180.375,66,0
16557.0,281.85,2,111,25.622727272727275,2011-07-25 13:28:00,2011-11-15 14:04:00,113,3.7666666666666666,0.5309734513274337,2.5391891891891896,55.5,23,0
16558.0,13718.96,47,8033,17.063383084577115,2009-12-03 18:11:00,2011-12-09 10:20:00,735,24.5,1.9183673469387756,1.7078252209635256,170.91489361702128,0,0
16559.0,185.2,1,73,10.28888888888889,2010-11-07 13:52:00,2010-11-07 13:52:00,0,1.0,1.0,2.536986301369863,73.0,396,1
16560.0,3010.73,10,1600,14.978756218905472,2009-12-08 12:05:00,2011-11-18 17:05:00,710,23.666666666666668,0.4225352112676056,1.88170625,160.0,20,0
16561.0,511.12,2,244,16.48774193548387,2011-10-11 09:53:00,2011-12-04 11:50:00,54,1.8,1.1111111111111112,2.094754098360656,122.0,5,0
16562.0,223.86,1,264,6.584117647058823,2010-08-20 11:45:00,2010-08-20 11:45:00,0,1.0,1.0,0.8479545454545454,264.0,476,1
16563.0,4412.56,7,2584,48.48967032967033,2009-12-01 18:35:00,2011-10-17 11:51:00,684,22.8,0.3070175438596491,1.7076470588235295,369.1428571428572,53,0
16564.0,87.8,1,40,17.56,2010-05-19 14:41:00,2010-05-19 14:41:00,0,1.0,1.0,2.195,40.0,568,1
16565.0,700.45,5,191,53.88076923076923,2010-06-02 12:47:00,2010-12-10 15:21:00,191,6.366666666666666,0.7853403141361257,3.667277486910995,38.2,363,1
16566.0,614.01,6,361,32.316315789473684,2011-02-20 10:29:00,2011-11-24 16:34:00,277,9.233333333333333,0.6498194945848376,1.7008587257617729,60.16666666666666,14,0
16567.0,865.6,2,996,24.731428571428573,2011-01-07 09:31:00,2011-05-29 13:57:00,142,4.733333333333333,0.4225352112676056,0.8690763052208835,498.0,193,1
16568.0,1020.9,2,366,204.18,2010-03-08 14:51:00,2010-10-08 10:54:00,213,7.1,0.2816901408450704,2.7893442622950824,183.0,427,1
16569.0,1455.23,5,988,41.578,2009-12-16 15:05:00,2011-12-06 15:32:00,720,24.0,0.2083333333333333,1.4729048582995952,197.6,2,0
16570.0,6841.82,31,4140,26.213869731800767,2009-12-03 17:38:00,2011-12-01 08:56:00,727,24.23333333333333,1.2792297111416782,1.6526135265700483,133.5483870967742,8,0
16571.0,4025.05,17,3601,14.172711267605637,2010-03-18 09:12:00,2011-12-06 14:07:00,628,20.933333333333334,0.8121019108280255,1.1177589558455985,211.8235294117647,2,0
16572.0,999.7,4,530,17.236206896551725,2011-03-09 12:04:00,2011-08-04 16:34:00,148,4.933333333333334,0.8108108108108107,1.88622641509434,132.5,126,1
16573.0,648.41,4,354,14.09586956521739,2011-02-22 15:14:00,2011-09-27 11:17:00,216,7.2,0.5555555555555556,1.8316666666666663,88.5,73,0
16574.0,1301.78,3,1002,15.136976744186049,2010-02-19 11:46:00,2011-09-29 13:39:00,587,19.566666666666663,0.1533219761499148,1.299181636726547,334.0,70,0
16575.0,-10.49,1,-1,-10.49,2010-01-26 16:30:00,2010-01-26 16:30:00,0,1.0,1.0,10.49,-1.0,681,1
16576.0,513.17,5,309,14.25472222222222,2010-07-06 10:42:00,2010-10-26 10:59:00,112,3.733333333333333,1.3392857142857142,1.660744336569579,61.8,409,1
16577.0,380.0,1,142,16.52173913043478,2010-02-11 09:45:00,2010-02-11 09:45:00,0,1.0,1.0,2.676056338028169,142.0,666,1
16578.0,156.6,1,108,17.4,2010-03-23 15:11:00,2010-03-23 15:11:00,0,1.0,1.0,1.45,108.0,625,1
16579.0,233.85,2,95,14.615625,2010-10-10 11:58:00,2010-12-09 15:00:00,60,2.0,1.0,2.461578947368421,47.5,364,1
16580.0,-5.0,1,-2,-2.5,2009-12-11 12:40:00,2009-12-11 12:40:00,0,1.0,1.0,2.5,-2.0,728,1
16581.0,70.44,2,122,6.403636363636363,2011-06-10 10:05:00,2011-07-07 15:50:00,27,0.9,2.2222222222222223,0.5773770491803278,61.0,154,1
16582.0,313.62,1,164,52.27,2011-08-18 17:02:00,2011-08-18 17:02:00,0,1.0,1.0,1.912317073170732,164.0,112,1
16583.0,531.4,2,264,16.60625,2010-02-04 12:18:00,2010-12-01 12:03:00,299,9.966666666666669,0.2006688963210702,2.012878787878788,132.0,373,1
16584.0,3085.4700000000003,7,1891,33.53771739130435,2010-02-16 10:41:00,2011-09-20 13:45:00,581,19.366666666666667,0.3614457831325301,1.631660497091486,270.1428571428572,79,0
16585.0,341.59000000000003,2,151,18.977222222222224,2010-01-13 13:31:00,2010-04-25 10:34:00,101,3.3666666666666667,0.594059405940594,2.2621854304635765,75.5,593,1
16586.0,1462.78,3,348,52.24214285714286,2010-03-14 11:24:00,2011-04-05 09:32:00,386,12.866666666666667,0.233160621761658,4.203390804597701,116.0,248,1
16587.0,225.15,1,71,17.31923076923077,2011-04-21 15:51:00,2011-04-21 15:51:00,0,1.0,1.0,3.1711267605633804,71.0,231,1
16588.0,1361.28,4,882,19.172957746478872,2010-05-14 13:43:00,2010-11-18 17:56:00,188,6.266666666666667,0.6382978723404256,1.5434013605442176,220.5,385,1
16589.0,612.36,4,536,13.917272727272728,2010-09-15 14:56:00,2011-09-29 14:50:00,378,12.6,0.3174603174603174,1.142462686567164,134.0,70,0
16590.0,563.6,3,234,17.078787878787878,2010-10-21 12:09:00,2010-11-23 19:01:00,33,1.1,2.727272727272727,2.4085470085470084,78.0,380,1
16591.0,213.50000000000003,1,41,21.35,2011-10-02 10:43:00,2011-10-02 10:43:00,0,1.0,1.0,5.207317073170732,41.0,68,0
16592.0,7624.46,34,5424,17.095201793721973,2009-12-18 15:57:00,2011-12-05 13:49:00,716,23.866666666666667,1.4245810055865922,1.4056895280235988,159.52941176470588,3,0
16593.0,1051.24,9,375,13.1405,2009-12-05 10:44:00,2011-10-20 12:41:00,684,22.8,0.3947368421052631,2.803306666666667,41.66666666666666,50,0
16594.0,181.09,1,64,3.416792452830189,2011-09-25 14:08:00,2011-09-25 14:08:00,0,1.0,1.0,2.82953125,64.0,74,0
16595.0,1810.18,5,1378,3.818945147679325,2010-01-17 12:12:00,2011-10-09 13:15:00,630,21.0,0.238095238095238,1.3136284470246735,275.6,60,0
16596.0,579.63,4,227,19.321,2009-12-10 13:09:00,2011-11-24 10:02:00,713,23.766666666666666,0.1683029453015427,2.5534361233480176,56.75,15,0
16597.0,90.04,1,184,12.862857142857145,2011-12-05 15:44:00,2011-12-05 15:44:00,0,1.0,1.0,0.4893478260869565,184.0,3,0
16598.0,140.7,2,70,12.79090909090909,2011-02-27 11:42:00,2011-03-07 13:42:00,8,0.2666666666666666,7.5,2.01,35.0,276,1
16599.0,172.8,1,159,14.4,2010-11-19 12:45:00,2010-11-19 12:45:00,0,1.0,1.0,1.0867924528301889,159.0,385,1
16600.0,2093.56,16,2395,13.864635761589405,2009-12-18 12:59:00,2011-12-05 16:00:00,717,23.9,0.6694560669456068,0.8741377870563674,149.6875,3,0
16601.0,684.25,3,395,9.50347222222222,2010-03-26 13:39:00,2011-10-30 11:09:00,582,19.4,0.1546391752577319,1.732278481012658,131.66666666666666,40,0
16602.0,711.63,5,406,15.141063829787234,2010-11-16 09:13:00,2011-11-08 16:18:00,357,11.9,0.4201680672268907,1.7527832512315271,81.2,30,0
16603.0,482.47,2,480,14.19029411764706,2011-09-09 13:02:00,2011-09-26 10:06:00,16,0.5333333333333333,3.75,1.0051458333333334,240.0,74,0
16604.0,326.25,3,115,21.75,2010-05-20 16:34:00,2010-06-09 14:50:00,19,0.6333333333333333,4.736842105263158,2.8369565217391304,38.333333333333336,547,1
16605.0,60.48,1,144,60.48,2009-12-15 19:03:00,2009-12-15 19:03:00,0,1.0,1.0,0.42,144.0,723,1
16606.0,357.66,2,148,16.257272727272728,2010-10-01 13:21:00,2010-10-31 13:57:00,30,1.0,2.0,2.416621621621622,74.0,403,1
16607.0,5375.18,29,4390,17.79860927152318,2010-04-29 14:01:00,2011-11-22 10:24:00,571,19.03333333333333,1.5236427320490369,1.2244145785876994,151.3793103448276,17,0
16608.0,1288.72,2,613,10.56327868852459,2010-02-14 11:57:00,2010-09-12 11:44:00,209,6.966666666666667,0.2870813397129186,2.10231647634584,306.5,453,1
16609.0,5450.96,9,2410,19.467714285714287,2011-04-01 10:11:00,2011-11-24 13:32:00,237,7.9,1.1392405063291138,2.2618091286307056,267.77777777777777,14,0
16610.0,75.66,1,66,12.61,2011-05-04 13:13:00,2011-05-04 13:13:00,0,1.0,1.0,1.1463636363636365,66.0,218,1
16611.0,1776.63,7,873,16.005675675675676,2010-03-10 16:07:00,2011-06-06 15:46:00,452,15.066666666666666,0.4646017699115044,2.035085910652921,124.71428571428572,185,1
16612.0,3243.48,10,1418,19.30642857142857,2009-12-03 15:54:00,2011-11-07 07:38:00,703,23.433333333333334,0.4267425320056899,2.2873624823695344,141.8,32,0
16613.0,618.59,1,293,20.619666666666667,2011-09-30 15:52:00,2011-09-30 15:52:00,0,1.0,1.0,2.11122866894198,293.0,69,0
16614.0,1179.79,3,349,24.07734693877551,2010-05-10 15:18:00,2011-06-10 11:36:00,395,13.166666666666666,0.2278481012658228,3.380487106017192,116.33333333333331,182,1
16615.0,264.5,2,207,13.225,2010-03-23 15:13:00,2010-05-20 09:24:00,57,1.9,1.0526315789473684,1.2777777777777777,103.5,568,1
16616.0,500.42,2,370,15.164242424242424,2011-07-05 13:38:00,2011-11-24 16:31:00,142,4.733333333333333,0.4225352112676056,1.3524864864864865,185.0,14,0
16617.0,151.85,1,91,30.37,2011-04-18 10:35:00,2011-04-18 10:35:00,0,1.0,1.0,1.6686813186813183,91.0,235,1
16618.0,2630.64,6,1362,27.12,2011-01-21 11:55:00,2011-11-08 13:52:00,291,9.7,0.6185567010309279,1.931453744493392,227.0,30,0
16619.0,1916.53,5,1051,16.24177966101695,2010-02-22 12:05:00,2011-03-31 12:20:00,402,13.4,0.3731343283582089,1.8235299714557565,210.2,253,1
16620.0,1758.93,6,1146,18.712021276595745,2009-12-01 14:35:00,2011-12-06 12:19:00,734,24.466666666666665,0.2452316076294278,1.5348429319371728,191.0,3,0
16621.0,813.48,4,302,28.05103448275862,2011-03-07 11:32:00,2011-10-19 11:38:00,226,7.533333333333333,0.5309734513274337,2.6936423841059605,75.5,51,0
16622.0,205.6,2,40,14.685714285714283,2010-06-14 10:44:00,2010-06-15 14:41:00,1,0.0333333333333333,60.0,5.14,20.0,541,1
16623.0,1002.49,5,441,19.278653846153848,2010-04-26 14:04:00,2011-04-08 10:09:00,346,11.533333333333331,0.4335260115606936,2.273219954648526,88.2,245,1
16624.0,810.5699999999999,2,488,16.886875,2011-05-26 14:20:00,2011-09-20 12:39:00,116,3.8666666666666663,0.5172413793103449,1.6610040983606555,244.0,80,0
16625.0,1651.08,6,1056,16.5108,2010-06-14 11:56:00,2011-03-10 12:50:00,269,8.966666666666667,0.6691449814126395,1.5635227272727272,176.0,274,1
16626.0,4379.65,20,2670,23.802445652173912,2011-03-18 12:27:00,2011-12-09 11:56:00,265,8.833333333333334,2.2641509433962264,1.640318352059925,133.5,0,0
16627.0,322.8,1,162,16.14,2011-09-21 14:38:00,2011-09-21 14:38:00,0,1.0,1.0,1.9925925925925927,162.0,78,0
16628.0,2313.09,8,1257,18.213307086614176,2010-03-08 12:24:00,2011-11-10 12:45:00,612,20.4,0.3921568627450981,1.840167064439141,157.125,29,0
16629.0,417.73,2,493,6.52703125,2011-09-04 16:12:00,2011-09-27 10:34:00,22,0.7333333333333333,2.7272727272727275,0.8473225152129817,246.5,73,0
16630.0,104.3,2,70,20.860000000000003,2010-09-30 18:21:00,2010-10-28 14:30:00,27,0.9,2.2222222222222223,1.4900000000000002,35.0,406,1
16631.0,1867.02,8,773,23.049629629629628,2010-02-26 10:49:00,2010-08-15 11:20:00,170,5.666666666666667,1.4117647058823528,2.4152910737386803,96.625,481,1
16632.0,406.4,2,256,15.05185185185185,2010-05-07 16:46:00,2010-08-11 11:39:00,95,3.1666666666666665,0.6315789473684211,1.5875,128.0,485,1
16633.0,2878.15,7,1137,18.81143790849673,2011-04-19 14:36:00,2011-11-22 13:41:00,216,7.2,0.9722222222222222,2.531354441512753,162.42857142857142,16,0
16634.0,1363.1,10,552,11.853043478260869,2010-01-21 09:30:00,2011-05-01 12:09:00,465,15.5,0.6451612903225806,2.4693840579710145,55.2,222,1
16635.0,473.0,1,277,18.92,2010-10-29 09:41:00,2010-10-29 09:41:00,0,1.0,1.0,1.7075812274368232,277.0,406,1
16636.0,3802.04,4,2186,52.0827397260274,2010-03-03 14:06:00,2010-09-27 13:13:00,207,6.9,0.5797101449275363,1.7392680695333944,546.5,437,1
16637.0,1124.59,5,891,15.619305555555554,2011-04-28 10:20:00,2011-11-07 13:17:00,193,6.433333333333334,0.7772020725388601,1.2621661054994386,178.2,31,0
16638.0,2426.28,16,1650,17.207659574468085,2010-08-18 13:33:00,2011-11-17 11:09:00,455,15.166666666666666,1.054945054945055,1.4704727272727274,103.125,22,0
16639.0,1659.85,5,744,19.998192771084337,2010-10-26 18:23:00,2011-11-14 13:47:00,383,12.766666666666667,0.3916449086161879,2.230981182795699,148.8,24,0
16640.0,179.4,1,146,13.8,2010-11-07 10:48:00,2010-11-07 10:48:00,0,1.0,1.0,1.2287671232876711,146.0,397,1
16641.0,554.5,2,454,15.40277777777778,2010-01-07 12:22:00,2011-08-26 12:49:00,596,19.866666666666667,0.1006711409395973,1.22136563876652,227.0,105,1
16642.0,1051.46,5,744,18.44666666666667,2010-10-20 14:22:00,2011-12-05 11:31:00,410,13.666666666666666,0.3658536585365853,1.413252688172043,148.8,4,0
16643.0,915.56,3,550,15.785517241379312,2010-10-13 09:47:00,2011-04-08 08:24:00,176,5.866666666666666,0.5113636363636364,1.6646545454545456,183.33333333333331,245,1
16644.0,833.78,2,826,13.448064516129032,2011-05-11 12:53:00,2011-06-15 12:39:00,34,1.1333333333333333,1.7647058823529411,1.0094188861985471,413.0,177,1
16645.0,160.39,1,117,11.456428571428573,2009-12-04 09:49:00,2009-12-04 09:49:00,0,1.0,1.0,1.3708547008547007,117.0,735,1
16646.0,675.05,2,1071,22.501666666666665,2010-09-16 13:28:00,2010-09-21 20:07:00,5,0.1666666666666666,12.0,0.6302987861811391,535.5,443,1
16647.0,541.9,4,396,16.421212121212122,2010-06-13 15:52:00,2011-06-23 11:47:00,374,12.466666666666669,0.320855614973262,1.3684343434343431,99.0,169,1
16648.0,653.0,4,491,16.743589743589745,2010-04-28 14:58:00,2011-11-01 09:52:00,551,18.366666666666667,0.2177858439201452,1.329938900203666,122.75,38,0
16649.0,306.58,1,82,15.329,2010-07-07 15:41:00,2010-07-07 15:41:00,0,1.0,1.0,3.738780487804878,82.0,519,1
16650.0,1916.11,7,1511,19.55214285714285,2010-07-08 14:18:00,2011-09-29 09:51:00,447,14.9,0.4697986577181208,1.268107213765718,215.8571428571429,71,0
16651.0,136.2,1,60,22.7,2010-05-02 11:46:00,2010-05-02 11:46:00,0,1.0,1.0,2.27,60.0,586,1
16652.0,17312.83,24,7446,59.90598615916956,2010-03-17 10:22:00,2011-10-17 11:43:00,579,19.3,1.243523316062176,2.3251181842600057,310.25,53,0
16653.0,1166.92,3,723,15.354210526315793,2011-09-29 13:38:00,2011-11-23 14:51:00,55,1.8333333333333333,1.6363636363636365,1.613997233748271,241.0,15,0
16654.0,1705.17,9,701,20.060823529411767,2010-04-06 13:29:00,2011-07-21 15:23:00,471,15.7,0.5732484076433121,2.432482168330956,77.88888888888889,140,1
16655.0,6513.27,14,4012,10.660016366612112,2010-01-31 15:40:00,2011-11-22 11:25:00,659,21.966666666666665,0.6373292867981791,1.6234471585244268,286.57142857142856,17,0
16656.0,16307.72,44,14987,103.87082802547772,2009-12-04 12:59:00,2011-11-17 14:43:00,713,23.766666666666666,1.8513323983169707,1.0881243744578637,340.6136363636364,21,0
16657.0,933.62,4,1229,4.488557692307692,2011-03-30 12:02:00,2011-11-30 11:48:00,244,8.133333333333333,0.4918032786885246,0.7596582587469487,307.25,9,0
16658.0,696.72,9,276,8.496585365853658,2010-03-30 16:24:00,2010-12-06 13:47:00,250,8.333333333333334,1.0799999999999998,2.5243478260869567,30.666666666666668,367,1
16659.0,39.12,1,72,19.56,2011-06-03 15:03:00,2011-06-03 15:03:00,0,1.0,1.0,0.5433333333333333,72.0,188,1
16660.0,1422.35,8,871,56.894,2010-01-14 11:09:00,2011-11-23 14:53:00,678,22.6,0.3539823008849557,1.63300803673938,108.875,15,0
16661.0,842.1800000000001,5,296,10.660506329113923,2009-12-17 15:39:00,2010-06-17 15:24:00,181,6.033333333333333,0.8287292817679558,2.8452027027027027,59.2,539,1
16662.0,163.8,1,36,5.6482758620689655,2010-11-10 16:56:00,2010-11-10 16:56:00,0,1.0,1.0,4.550000000000001,36.0,393,1
16663.0,165.0,1,100,165.0,2009-12-10 13:12:00,2009-12-10 13:12:00,0,1.0,1.0,1.65,100.0,728,1
16664.0,109.2,1,24,13.65,2010-05-19 17:11:00,2010-05-19 17:11:00,0,1.0,1.0,4.55,24.0,568,1
16665.0,135.4,1,59,15.044444444444444,2010-12-12 14:03:00,2010-12-12 14:03:00,0,1.0,1.0,2.294915254237288,59.0,361,1
16666.0,225.94,2,367,4.5188,2010-03-28 15:13:00,2011-11-20 14:01:00,601,20.03333333333333,0.0998336106489184,0.6156403269754769,183.5,18,0
16667.0,570.13,2,237,10.757169811320754,2011-02-28 12:57:00,2011-10-02 15:26:00,216,7.2,0.2777777777777778,2.4056118143459915,118.5,67,0
16668.0,862.42,13,773,16.272075471698113,2010-03-18 18:25:00,2011-11-24 17:43:00,615,20.5,0.6341463414634146,1.115679172056921,59.46153846153846,14,0
16669.0,226.14,5,882,1.395925925925926,2010-03-23 15:37:00,2011-11-16 12:26:00,602,20.066666666666663,0.2491694352159468,0.2563945578231292,176.4,23,0
16670.0,7786.66,33,4451,15.388656126482212,2009-12-10 15:28:00,2011-11-23 09:34:00,712,23.73333333333333,1.3904494382022472,1.7494181082902718,134.87878787878788,16,0
16671.0,1692.27,3,875,282.045,2011-06-28 11:20:00,2011-11-11 13:40:00,136,4.533333333333333,0.6617647058823529,1.934022857142857,291.6666666666667,27,0
16672.0,8093.59,23,2812,69.1759829059829,2011-03-18 10:15:00,2011-12-07 16:29:00,264,8.8,2.6136363636363638,2.8782325746799438,122.2608695652174,1,0
16673.0,188.83,1,101,9.4415,2010-01-29 14:22:00,2010-01-29 14:22:00,0,1.0,1.0,1.86960396039604,101.0,678,1
16674.0,319.61,2,188,3.261326530612245,2011-09-02 13:59:00,2011-10-16 11:31:00,43,1.4333333333333331,1.3953488372093024,1.7000531914893615,94.0,54,0
16675.0,608.86,2,296,26.47217391304348,2010-08-18 13:11:00,2010-09-24 12:15:00,36,1.2,1.6666666666666667,2.05695945945946,148.0,441,1
16676.0,2328.5,7,922,17.121323529411764,2010-10-17 13:07:00,2011-11-06 12:01:00,384,12.8,0.546875,2.5254880694143167,131.71428571428572,33,0
16677.0,849.77,3,454,17.342244897959183,2010-02-25 16:11:00,2010-11-11 18:01:00,259,8.633333333333333,0.3474903474903475,1.871740088105727,151.33333333333334,392,1
16678.0,3013.83,17,2368,17.728411764705882,2011-03-02 09:24:00,2011-12-07 12:17:00,280,9.333333333333334,1.8214285714285716,1.2727322635135134,139.2941176470588,2,0
16679.0,793.06,3,276,37.76476190476191,2010-06-10 18:35:00,2010-12-08 13:51:00,180,6.0,0.5,2.8734057971014493,92.0,365,1
16680.0,821.45,3,377,28.32586206896552,2010-06-23 09:30:00,2011-10-27 17:35:00,491,16.366666666666667,0.1832993890020366,2.1789124668435016,125.66666666666669,42,0
16681.0,1921.84,7,1492,39.22122448979592,2010-03-08 14:10:00,2011-09-28 11:11:00,568,18.933333333333334,0.3697183098591549,1.2880965147453085,213.14285714285717,72,0
16682.0,1028.0,5,1040,34.266666666666666,2011-06-05 11:02:00,2011-12-05 12:13:00,183,6.1,0.819672131147541,0.9884615384615384,208.0,4,0
16683.0,309.35,2,188,16.281578947368423,2010-06-24 10:36:00,2010-06-28 13:20:00,4,0.1333333333333333,15.0,1.6454787234042554,94.0,528,1
16684.0,141502.25,65,101095,188.92156208277703,2009-12-07 12:56:00,2011-12-05 14:06:00,728,24.266666666666666,2.678571428571429,1.399695830654335,1555.3076923076924,3,0
16685.0,324.24,2,396,5.229677419354839,2011-10-09 13:44:00,2011-10-09 13:58:00,0,1.0,2.0,0.8187878787878788,198.0,60,0
16686.0,5051.57,18,3505,4.555067628494139,2009-12-06 15:48:00,2011-10-23 13:49:00,685,22.83333333333333,0.7883211678832117,1.441246790299572,194.72222222222223,46,0
16687.0,157.63,1,141,19.70375,2010-11-14 11:46:00,2010-11-14 11:46:00,0,1.0,1.0,1.1179432624113474,141.0,390,1
16688.0,1260.86,4,804,20.336451612903225,2011-10-10 12:23:00,2011-12-08 15:24:00,59,1.9666666666666663,2.0338983050847457,1.568233830845771,201.0,0,0
16689.0,303.26,3,168,18.95375,2011-09-18 13:29:00,2011-09-25 11:39:00,6,0.2,15.0,1.8051190476190475,56.0,75,0
16690.0,336.08,5,208,16.804,2010-09-14 15:00:00,2011-10-27 10:58:00,407,13.566666666666666,0.3685503685503685,1.6157692307692306,41.6,43,0
16691.0,178.83,2,92,16.257272727272728,2010-05-27 14:55:00,2010-10-17 15:03:00,143,4.766666666666667,0.4195804195804196,1.9438043478260871,46.0,417,1
16692.0,1914.7,4,878,382.94,2010-09-24 11:31:00,2011-03-28 14:46:00,185,6.166666666666667,0.6486486486486486,2.1807517084282457,219.5,255,1
16693.0,1199.46,5,688,6.893448275862069,2010-02-21 12:42:00,2011-10-02 11:10:00,587,19.566666666666663,0.2555366269165247,1.7434011627906978,137.6,68,0
16694.0,98.3,1,26,32.76666666666667,2009-12-16 15:45:00,2009-12-16 15:45:00,0,1.0,1.0,3.780769230769231,26.0,722,1
16695.0,193.15,2,185,5.365277777777778,2010-05-27 12:24:00,2010-05-27 12:36:00,0,1.0,2.0,1.0440540540540542,92.5,561,1
16696.0,657.9000000000001,4,146,65.79,2011-04-05 15:20:00,2011-07-27 14:23:00,112,3.733333333333333,1.0714285714285714,4.506164383561645,36.5,134,1
16697.0,112.75,1,27,5.369047619047619,2011-04-12 17:12:00,2011-04-12 17:12:00,0,1.0,1.0,4.175925925925926,27.0,240,1
16698.0,1998.0,2,840,399.6,2011-03-31 13:33:00,2011-04-27 10:52:00,26,0.8666666666666667,2.3076923076923075,2.378571428571429,420.0,226,1
16699.0,964.9,8,634,15.315873015873017,2009-12-04 13:31:00,2010-11-24 14:38:00,355,11.833333333333334,0.676056338028169,1.52192429022082,79.25,379,1
16700.0,9084.06,31,6863,16.97955140186916,2009-12-02 10:51:00,2011-12-01 11:00:00,729,24.3,1.2757201646090537,1.323628150954393,221.38709677419357,8,0
16701.0,9614.59,34,10817,33.26847750865052,2009-12-01 19:19:00,2011-12-01 11:10:00,729,24.3,1.39917695473251,0.8888407136914117,318.1470588235294,8,0
16702.0,1100.88,5,691,11.96608695652174,2009-12-07 16:40:00,2010-10-20 14:10:00,316,10.533333333333331,0.4746835443037975,1.5931693198263388,138.2,414,1
16703.0,-15.0,1,-1,-15.0,2009-12-08 14:08:00,2009-12-08 14:08:00,0,1.0,1.0,15.0,-1.0,730,1
16704.0,695.66,2,455,11.994137931034482,2010-02-05 14:14:00,2010-03-31 14:02:00,53,1.7666666666666666,1.1320754716981132,1.5289230769230768,227.5,617,1
16705.0,42653.141,61,22001,59.07637257617729,2009-12-09 13:34:00,2011-12-09 12:08:00,729,24.3,2.5102880658436213,1.9386910140448164,360.672131147541,0,0
16706.0,531.35,3,249,4.319918699186992,2011-08-17 15:53:00,2011-11-02 13:50:00,76,2.533333333333333,1.1842105263157896,2.133935742971888,83.0,36,0
16707.0,551.11,4,402,8.350151515151515,2010-03-09 15:16:00,2010-11-04 14:39:00,239,7.966666666666667,0.502092050209205,1.3709203980099502,100.5,399,1
16708.0,656.63,1,285,24.31962962962963,2011-10-25 12:20:00,2011-10-25 12:20:00,0,1.0,1.0,2.3039649122807018,285.0,45,0
16709.0,9087.46,14,3276,29.6975816993464,2009-12-09 13:16:00,2011-09-16 10:56:00,645,21.5,0.6511627906976745,2.7739499389499387,234.0,84,0
16710.0,6336.34,23,4398,6.419797365754813,2009-12-04 13:41:00,2011-11-20 14:50:00,716,23.866666666666667,0.9636871508379888,1.4407321509777171,191.2173913043478,18,0
16711.0,2751.48,10,1186,78.61371428571428,2009-12-02 13:22:00,2011-12-06 16:32:00,734,24.466666666666665,0.4087193460490463,2.319966273187184,118.6,2,0
16712.0,4266.99,13,2093,8.050924528301886,2010-11-03 15:45:00,2011-11-30 13:48:00,391,13.033333333333331,0.9974424552429668,2.038695652173913,161.0,8,0
16713.0,14380.54,41,8658,10.636494082840237,2009-12-15 12:49:00,2011-11-21 12:36:00,705,23.5,1.74468085106383,1.6609540309540312,211.17073170731703,18,0
16714.0,1254.71,7,833,10.455916666666669,2009-12-01 11:50:00,2011-05-05 11:09:00,519,17.3,0.4046242774566473,1.5062545018007203,119.0,218,1
16715.0,625.52,2,1174,22.34,2010-05-26 12:35:00,2011-09-22 18:15:00,484,16.133333333333333,0.1239669421487603,0.5328109028960818,587.0,77,0
16716.0,1568.2800000000002,4,836,174.25333333333336,2010-03-19 11:05:00,2011-03-18 10:03:00,363,12.1,0.3305785123966942,1.8759330143540671,209.0,266,1
16717.0,6309.96,20,2905,15.465588235294115,2009-12-07 15:55:00,2011-11-30 17:42:00,723,24.1,0.8298755186721991,2.172103270223752,145.25,8,0
16718.0,3647.53,5,2343,16.35663677130045,2009-12-06 13:07:00,2010-12-05 13:03:00,363,12.1,0.4132231404958678,1.55677763551003,468.6,368,1
16719.0,3828.55,17,2515,8.507888888888889,2009-12-13 10:59:00,2011-11-25 09:27:00,711,23.7,0.7172995780590717,1.5222862823061631,147.94117647058823,14,0
16720.0,593.4300000000001,4,471,3.6859006211180128,2009-12-17 17:54:00,2011-11-13 16:22:00,695,23.166666666666668,0.1726618705035971,1.2599363057324842,117.75,25,0
16721.0,292.47,1,172,7.904594594594595,2011-03-22 16:08:00,2011-03-22 16:08:00,0,1.0,1.0,1.7004069767441865,172.0,261,1
16722.0,8967.83,26,8567,21.200543735224585,2009-12-03 19:23:00,2011-11-22 13:28:00,718,23.933333333333334,1.086350974930362,1.046787673631376,329.5,16,0
16723.0,1301.63,4,1002,10.012538461538462,2009-12-04 13:23:00,2011-09-09 13:01:00,643,21.433333333333334,0.1866251944012441,1.2990319361277447,250.5,90,0
16724.0,147.35,1,69,8.66764705882353,2010-10-31 11:40:00,2010-10-31 11:40:00,0,1.0,1.0,2.1355072463768114,69.0,404,1
16725.0,1870.71,16,782,4.747994923857868,2009-12-13 15:54:00,2011-02-10 16:52:00,424,14.133333333333333,1.1320754716981132,2.392212276214834,48.875,301,1
16726.0,2088.41,7,1356,7.734851851851851,2010-10-24 16:09:00,2011-11-13 14:53:00,384,12.8,0.546875,1.5401253687315632,193.7142857142857,25,0
16727.0,1437.42,4,1109,6.748450704225353,2010-01-20 10:48:00,2010-12-10 13:48:00,324,10.8,0.3703703703703703,1.2961406672678089,277.25,363,1
16728.0,1054.67,4,677,3.920706319702602,2011-03-20 13:28:00,2011-10-24 14:36:00,218,7.266666666666667,0.5504587155963303,1.5578581979320534,169.25,45,0
16729.0,7076.28,26,5769,10.593233532934132,2011-04-12 14:22:00,2011-11-03 19:11:00,205,6.833333333333333,3.804878048780488,1.2266042641705668,221.8846153846154,35,0
16730.0,702.79,4,898,8.36654761904762,2011-01-24 14:01:00,2011-10-18 14:11:00,267,8.9,0.449438202247191,0.7826169265033407,224.5,51,0
16731.0,174.05,1,127,4.047674418604651,2010-03-01 15:05:00,2010-03-01 15:05:00,0,1.0,1.0,1.370472440944882,127.0,647,1
16732.0,3966.79,9,2382,17.246913043478262,2009-12-08 13:04:00,2011-11-08 09:54:00,699,23.3,0.3862660944206008,1.66531905961377,264.6666666666667,31,0
16733.0,259.68,1,112,21.64,2010-06-28 10:12:00,2010-06-28 10:12:00,0,1.0,1.0,2.3185714285714285,112.0,529,1
16734.0,650.51,3,346,12.27377358490566,2011-08-17 15:00:00,2011-10-18 13:44:00,61,2.033333333333333,1.475409836065574,1.880086705202312,115.33333333333331,51,0
16735.0,5632.01,22,3972,17.170762195121952,2009-12-08 09:24:00,2011-09-22 11:49:00,653,21.766666666666666,1.010719754977029,1.4179279959718027,180.54545454545453,78,0
16736.0,2904.51,8,1039,19.75857142857143,2009-12-03 16:12:00,2010-07-22 10:09:00,230,7.666666666666667,1.0434782608695652,2.79548604427334,129.875,505,1
16737.0,835.1999999999999,2,576,417.6,2010-05-11 09:53:00,2011-10-17 13:03:00,524,17.466666666666665,0.1145038167938931,1.45,288.0,52,0
16738.0,3.75,1,3,3.75,2011-02-15 09:46:00,2011-02-15 09:46:00,0,1.0,1.0,1.25,3.0,297,1
16739.0,772.23,4,387,18.38642857142857,2010-06-21 09:38:00,2011-06-20 17:15:00,364,12.133333333333333,0.3296703296703296,1.9954263565891472,96.75,171,1
16740.0,236.81,1,116,7.176060606060606,2010-11-09 13:34:00,2010-11-09 13:34:00,0,1.0,1.0,2.041465517241379,116.0,394,1
16741.0,173.06,1,81,15.732727272727272,2010-03-24 15:15:00,2010-03-24 15:15:00,0,1.0,1.0,2.136543209876544,81.0,624,1
16742.0,2387.71,15,2410,21.318839285714287,2009-12-16 17:22:00,2011-10-24 12:02:00,676,22.53333333333333,0.665680473372781,0.9907510373443984,160.66666666666666,46,0
16743.0,4207.01,15,3701,11.159177718832892,2010-04-22 13:21:00,2011-11-10 13:13:00,566,18.866666666666667,0.7950530035335689,1.1367225074304244,246.7333333333333,28,0
16744.0,1304.76,7,805,5.391570247933884,2011-06-19 15:13:00,2011-11-28 13:06:00,161,5.366666666666666,1.3043478260869563,1.6208198757763974,115.0,10,0
16745.0,7170.7,18,6727,20.029888268156423,2011-02-01 11:31:00,2011-09-14 11:58:00,225,7.5,2.4,1.0659580793815966,373.72222222222223,86,0
16746.0,18031.85,46,11898,18.086108324974923,2009-12-04 13:00:00,2011-12-05 12:33:00,730,24.33333333333333,1.8904109589041096,1.5155362245755588,258.6521739130435,4,0
16747.0,826.96,4,577,18.37688888888889,2011-10-03 10:18:00,2011-11-14 13:37:00,42,1.4,2.857142857142857,1.433206239168111,144.25,24,0
16748.0,3632.29,15,2115,21.881265060240963,2009-12-10 12:28:00,2011-11-22 10:17:00,711,23.7,0.6329113924050633,1.7173947990543734,141.0,17,0
16749.0,4387.08,2,2078,56.975064935064935,2009-12-15 14:05:00,2010-04-27 13:06:00,132,4.4,0.4545454545454545,2.1112030798845045,1039.0,590,1
16750.0,623.93,5,214,6.567684210526315,2011-04-21 16:53:00,2011-10-26 12:48:00,187,6.233333333333333,0.8021390374331551,2.9155607476635512,42.8,44,0
16751.0,1764.72,1,1031,70.5888,2011-11-09 10:48:00,2011-11-09 10:48:00,0,1.0,1.0,1.7116585838991272,1031.0,30,0
16752.0,415.0,1,108,23.05555555555556,2010-12-02 12:18:00,2010-12-02 12:18:00,0,1.0,1.0,3.842592592592593,108.0,372,1
16753.0,223.92,1,189,6.5858823529411765,2011-10-12 13:14:00,2011-10-12 13:14:00,0,1.0,1.0,1.184761904761905,189.0,57,0
16754.0,56560.58,35,58470,338.6861077844312,2010-03-08 11:32:00,2010-12-02 17:38:00,269,8.966666666666667,3.903345724907063,0.967343595005986,1670.571428571429,371,1
16755.0,2882.03,10,1992,8.57747023809524,2009-12-09 14:25:00,2011-08-17 13:21:00,615,20.5,0.4878048780487805,1.4468022088353414,199.2,113,1
16756.0,1287.42,9,700,15.700243902439023,2010-03-09 15:56:00,2011-05-09 09:33:00,425,14.166666666666666,0.6352941176470589,1.839171428571429,77.77777777777777,214,1
16757.0,270.48,2,180,18.032,2010-10-26 15:09:00,2011-01-25 11:59:00,90,3.0,0.6666666666666666,1.5026666666666668,90.0,318,1
16758.0,369.34,1,203,16.788181818181815,2011-10-05 14:47:00,2011-10-05 14:47:00,0,1.0,1.0,1.8194088669950736,203.0,64,0
16759.0,772.84,4,608,17.973023255813953,2011-11-09 09:06:00,2011-12-02 12:42:00,23,0.7666666666666667,5.217391304347826,1.2711184210526316,152.0,7,0
16760.0,228.0,1,168,13.411764705882351,2010-10-05 15:55:00,2010-10-05 15:55:00,0,1.0,1.0,1.3571428571428572,168.0,429,1
16761.0,316.62,1,341,24.35538461538461,2011-09-04 11:15:00,2011-09-04 11:15:00,0,1.0,1.0,0.9285043988269794,341.0,96,1
16762.0,1501.38,3,618,16.869438202247192,2011-07-18 12:52:00,2011-11-20 11:43:00,124,4.133333333333334,0.7258064516129031,2.4294174757281555,206.0,19,0
16763.0,947.75,3,491,21.06111111111111,2009-12-01 15:26:00,2011-06-07 14:24:00,552,18.4,0.1630434782608695,1.930244399185336,163.66666666666666,184,1
16764.0,2758.25,18,1247,3.841573816155989,2011-07-19 17:17:00,2011-12-06 11:41:00,139,4.633333333333334,3.884892086330935,2.211908580593424,69.27777777777777,3,0
16765.0,454.75,2,311,8.745192307692308,2010-11-22 13:42:00,2011-02-18 15:41:00,88,2.933333333333333,0.6818181818181819,1.462218649517685,155.5,293,1
16766.0,1145.6,2,536,33.69411764705882,2011-03-11 13:34:00,2011-03-11 15:22:00,0,1.0,2.0,2.1373134328358208,268.0,272,1
16767.0,7971.8,16,7097,24.528615384615385,2010-04-28 16:49:00,2011-11-09 09:42:00,559,18.633333333333333,0.8586762075134169,1.1232633507115684,443.5625,30,0
16768.0,1647.07,14,765,9.411828571428572,2009-12-07 11:47:00,2011-10-23 10:38:00,684,22.8,0.6140350877192983,2.153032679738562,54.642857142857146,47,0
16769.0,1141.75,4,301,11.4175,2009-12-14 11:10:00,2011-03-24 13:41:00,465,15.5,0.2580645161290322,3.793189368770764,75.25,259,1
16770.0,1900.03,11,1106,5.3222128851540615,2010-08-22 16:08:00,2011-10-13 12:21:00,416,13.866666666666667,0.7932692307692307,1.7179294755877037,100.54545454545456,57,0
16771.0,3967.6,10,2314,9.63009708737864,2009-12-09 11:52:00,2011-11-06 13:28:00,697,23.23333333333333,0.430416068866571,1.7146067415730335,231.4,32,0
16772.0,2785.6,5,560,34.39012345679012,2009-12-18 10:50:00,2010-10-18 13:39:00,304,10.133333333333333,0.493421052631579,4.974285714285714,112.0,416,1
16773.0,421.24,3,252,6.480615384615385,2009-12-06 15:01:00,2011-10-13 14:37:00,675,22.5,0.1333333333333333,1.6715873015873015,84.0,56,0
16774.0,1587.85,9,781,11.675367647058822,2010-02-16 16:53:00,2011-10-03 12:41:00,593,19.766666666666666,0.4553119730185497,2.033098591549296,86.77777777777777,67,0
16775.0,2975.29,17,924,10.664121863799284,2010-09-23 17:34:00,2011-11-29 15:22:00,431,14.366666666666667,1.183294663573086,3.2200108225108224,54.35294117647059,9,0
16776.0,619.85,2,450,4.524452554744526,2010-10-20 12:13:00,2011-10-10 13:04:00,355,11.833333333333334,0.1690140845070422,1.3774444444444445,225.0,59,0
16777.0,1277.01,6,470,8.628445945945947,2010-03-17 12:42:00,2011-09-20 13:41:00,552,18.4,0.3260869565217391,2.717042553191489,78.33333333333333,79,0
16778.0,245.94,2,194,15.37125,2011-03-10 15:21:00,2011-09-26 13:48:00,199,6.633333333333334,0.3015075376884422,1.2677319587628866,97.0,73,0
16779.0,32981.61,62,19499,30.286143250688703,2009-12-03 13:03:00,2011-12-07 14:54:00,734,24.466666666666665,2.5340599455040875,1.6914513564798197,314.5,1,0
16780.0,605.55,3,355,6.116666666666666,2010-10-28 19:41:00,2011-08-31 16:09:00,306,10.2,0.2941176470588235,1.705774647887324,118.33333333333331,99,1
16781.0,901.05,3,301,15.017500000000002,2010-02-08 13:56:00,2010-12-09 15:18:00,304,10.133333333333333,0.2960526315789474,2.9935215946843856,100.33333333333331,364,1
16782.0,10348.96,50,4265,5.446821052631579,2009-12-09 11:58:00,2011-11-29 13:20:00,720,24.0,2.083333333333333,2.426485345838218,85.3,9,0
16783.0,391.95,1,163,15.678,2010-09-29 11:53:00,2010-09-29 11:53:00,0,1.0,1.0,2.404601226993865,163.0,436,1
16784.0,896.53,5,496,5.6033125,2010-03-28 12:55:00,2011-11-20 12:20:00,601,20.03333333333333,0.2495840266222961,1.8075201612903224,99.2,19,0
16785.0,533.78,1,313,15.250857142857145,2010-10-26 10:36:00,2010-10-26 10:36:00,0,1.0,1.0,1.705367412140575,313.0,409,1
16786.0,51.84,1,72,51.84,2010-11-11 08:25:00,2010-11-11 08:25:00,0,1.0,1.0,0.72,72.0,393,1
16787.0,1035.43,4,474,9.082719298245614,2010-01-10 11:12:00,2010-11-07 11:01:00,300,10.0,0.4,2.184451476793249,118.5,397,1
16788.0,1950.3,5,985,3.94,2010-02-07 12:40:00,2011-08-08 14:53:00,547,18.23333333333333,0.2742230347349177,1.98,197.0,122,1
16789.0,80.8,1,32,16.16,2011-12-01 15:12:00,2011-12-01 15:12:00,0,1.0,1.0,2.525,32.0,7,0
16790.0,1520.12,8,892,16.001263157894737,2011-11-02 11:23:00,2011-12-06 11:53:00,34,1.1333333333333333,7.0588235294117645,1.704170403587444,111.5,3,0
16791.0,3946.12,18,1847,5.597333333333333,2009-12-03 18:08:00,2011-11-10 19:12:00,707,23.566666666666663,0.7637906647807639,2.1365024363833243,102.61111111111111,28,0
16792.0,623.46,5,324,6.112352941176471,2010-01-04 13:47:00,2011-03-02 14:41:00,422,14.066666666666666,0.3554502369668246,1.9242592592592596,64.8,281,1
16793.0,243.84,1,146,15.24,2011-10-13 15:08:00,2011-10-13 15:08:00,0,1.0,1.0,1.67013698630137,146.0,56,0
16794.0,2069.71,17,1598,3.980211538461538,2010-03-25 15:17:00,2011-12-08 17:54:00,623,20.766666666666666,0.8186195826645265,1.2951877346683354,94.0,0,0
16795.0,2465.19,5,1445,5.8975837320574165,2010-01-25 12:10:00,2010-12-09 14:08:00,318,10.6,0.4716981132075472,1.70601384083045,289.0,364,1
16796.0,305.62,1,186,16.97888888888889,2011-09-11 14:01:00,2011-09-11 14:01:00,0,1.0,1.0,1.6431182795698924,186.0,88,0
16797.0,1786.77,9,901,4.315869565217391,2009-12-02 12:34:00,2010-11-11 19:14:00,344,11.466666666666669,0.7848837209302325,1.9830965593784684,100.11111111111111,392,1
16798.0,837.5600000000001,4,207,4.786057142857144,2009-12-10 19:35:00,2010-06-03 19:01:00,174,5.8,0.6896551724137931,4.046183574879227,51.75,553,1
16799.0,491.03,3,175,4.589065420560748,2010-09-12 12:46:00,2010-10-03 14:28:00,21,0.7,4.285714285714286,2.8058857142857145,58.333333333333336,431,1
16800.0,1201.49,1,540,7.326158536585366,2011-11-28 14:06:00,2011-11-28 14:06:00,0,1.0,1.0,2.224981481481481,540.0,10,0
16801.0,867.83,5,313,7.172148760330579,2011-03-11 13:56:00,2011-06-29 15:33:00,110,3.6666666666666665,1.3636363636363638,2.7726198083067093,62.6,162,1
16802.0,582.61,2,369,10.992641509433962,2009-12-09 13:00:00,2010-01-29 13:44:00,51,1.7,1.1764705882352942,1.578888888888889,184.5,678,1
16803.0,332.3,1,245,13.845833333333331,2011-10-05 14:28:00,2011-10-05 14:28:00,0,1.0,1.0,1.356326530612245,245.0,64,0
16804.0,536.99,3,246,8.949833333333334,2011-03-14 15:48:00,2011-11-16 16:43:00,247,8.233333333333333,0.3643724696356276,2.182886178861789,82.0,22,0
16805.0,1097.24,5,1122,4.3714741035856575,2009-12-08 14:29:00,2011-06-19 11:23:00,557,18.566666666666663,0.2692998204667863,0.9779322638146168,224.4,173,1
16806.0,801.49,4,378,7.781456310679611,2011-04-14 19:59:00,2011-08-28 15:27:00,135,4.5,0.8888888888888888,2.1203439153439154,94.5,102,1
16807.0,2064.88,8,1413,14.339444444444446,2010-02-26 15:52:00,2011-07-20 12:00:00,508,16.933333333333334,0.4724409448818897,1.4613446567586696,176.625,142,1
16808.0,288.42,2,196,12.54,2011-03-10 19:05:00,2011-09-01 19:34:00,175,5.833333333333333,0.3428571428571428,1.471530612244898,98.0,98,1
16809.0,1725.48,10,1092,6.636461538461538,2010-04-13 15:34:00,2011-11-16 15:45:00,582,19.4,0.5154639175257733,1.5801098901098902,109.2,22,0
16810.0,786.14,4,367,20.687894736842104,2010-10-15 15:32:00,2011-05-31 15:32:00,228,7.6,0.5263157894736842,2.1420708446866485,91.75,191,1
16811.0,547.07,2,477,19.53821428571429,2011-11-22 17:19:00,2011-12-05 11:39:00,12,0.4,5.0,1.146897274633124,238.5,4,0
16812.0,2216.8,5,1100,19.110344827586207,2010-11-22 14:36:00,2010-12-14 12:35:00,21,0.7,7.142857142857143,2.0152727272727278,220.0,360,1
16813.0,1692.98,10,1525,3.7705567928730512,2011-05-19 13:28:00,2011-12-01 14:03:00,196,6.533333333333333,1.530612244897959,1.1101508196721313,152.5,7,0
16814.0,12491.21,37,5065,15.517031055900622,2010-04-11 12:45:00,2011-11-25 13:27:00,593,19.766666666666666,1.8718381112984823,2.46618163869694,136.8918918918919,13,0
16815.0,410.97,2,238,5.553648648648649,2010-06-21 12:05:00,2010-09-12 10:59:00,82,2.7333333333333334,0.7317073170731707,1.726764705882353,119.0,453,1
16816.0,417.06,4,274,14.895,2010-12-16 17:01:00,2011-08-28 14:16:00,254,8.466666666666667,0.4724409448818897,1.522116788321168,68.5,102,1
16817.0,2594.55,18,1465,15.629819277108435,2010-10-04 09:06:00,2011-12-07 11:03:00,429,14.3,1.2587412587412588,1.7710238907849831,81.38888888888889,2,0
16818.0,3317.97,13,2163,17.37157068062827,2011-05-18 11:42:00,2011-11-29 10:41:00,194,6.466666666666667,2.0103092783505154,1.5339667128987515,166.3846153846154,10,0
16819.0,182.59,2,253,10.740588235294116,2010-08-31 17:31:00,2010-08-31 17:37:00,0,1.0,2.0,0.721699604743083,126.5,464,1
16820.0,497.61,1,307,19.138846153846156,2011-09-05 12:06:00,2011-09-05 12:06:00,0,1.0,1.0,1.6208794788273615,307.0,95,1
16821.0,113.35,1,13,16.192857142857143,2010-11-23 10:04:00,2010-11-23 10:04:00,0,1.0,1.0,8.71923076923077,13.0,381,1
16822.0,144.84,3,166,11.14153846153846,2009-12-08 17:05:00,2010-02-14 11:05:00,67,2.2333333333333334,1.343283582089552,0.8725301204819277,55.333333333333336,663,1
16823.0,2253.14,8,1167,12.801931818181815,2009-12-02 09:57:00,2011-04-26 15:00:00,510,17.0,0.4705882352941176,1.9307112253641816,145.875,226,1
16824.0,686.24,3,390,17.595897435897434,2010-11-11 12:21:00,2011-11-24 12:38:00,378,12.6,0.2380952380952381,1.7595897435897436,130.0,15,0
16825.0,1826.89,5,1297,28.54515625,2010-06-23 13:14:00,2011-11-01 11:51:00,495,16.5,0.303030303030303,1.4085505011565151,259.4,38,0
16826.0,341.7,1,158,15.53181818181818,2011-10-19 14:05:00,2011-10-19 14:05:00,0,1.0,1.0,2.162658227848101,158.0,50,0
16827.0,392.13,5,125,32.6775,2010-04-29 19:07:00,2010-11-11 14:04:00,195,6.5,0.7692307692307693,3.13704,25.0,392,1
16828.0,128.5,2,59,16.0625,2011-08-19 13:24:00,2011-09-07 15:10:00,19,0.6333333333333333,3.1578947368421053,2.1779661016949152,29.5,92,1
16829.0,513.32,2,215,19.01185185185185,2010-11-16 18:11:00,2011-07-06 10:48:00,231,7.7,0.2597402597402597,2.3875348837209303,107.5,156,1
16830.0,1183.7,5,693,15.175641025641026,2009-12-13 12:11:00,2011-11-01 11:35:00,687,22.9,0.2183406113537118,1.708080808080808,138.6,38,0
16831.0,91.8,1,48,15.3,2010-05-24 09:08:00,2010-05-24 09:08:00,0,1.0,1.0,1.9125,48.0,564,1
16832.0,417.61,5,179,19.88619047619048,2010-09-07 12:35:00,2011-06-08 15:36:00,274,9.133333333333333,0.5474452554744526,2.333016759776537,35.8,183,1
16833.0,2409.04,6,878,26.18521739130435,2010-03-26 15:31:00,2011-12-08 14:39:00,621,20.7,0.2898550724637681,2.7437813211845103,146.33333333333334,0,0
16834.0,898.96,2,760,18.72833333333333,2010-02-03 14:24:00,2011-04-26 09:37:00,446,14.866666666666667,0.1345291479820627,1.182842105263158,380.0,227,1
16835.0,1471.51,10,493,15.994673913043478,2010-05-19 08:41:00,2011-08-03 13:50:00,441,14.7,0.6802721088435374,2.9848073022312374,49.3,127,1
16836.0,782.37,4,539,18.627857142857145,2010-05-14 12:52:00,2011-10-31 10:05:00,534,17.8,0.2247191011235955,1.45152133580705,134.75,39,0
16837.0,3167.73,12,1562,19.08271084337349,2011-04-08 08:48:00,2011-11-08 14:27:00,214,7.133333333333334,1.6822429906542056,2.027996158770806,130.16666666666666,30,0
16838.0,1126.66,6,504,18.469836065573773,2010-02-14 15:27:00,2011-05-26 13:13:00,465,15.5,0.3870967741935484,2.235436507936508,84.0,196,1
16839.0,20968.27,51,11011,53.76479487179487,2010-02-11 15:02:00,2011-12-01 09:03:00,657,21.9,2.328767123287671,1.904302061574789,215.90196078431373,8,0
16840.0,126.71,3,116,12.671,2010-01-26 16:25:00,2010-04-15 15:48:00,78,2.6,1.1538461538461535,1.0923275862068966,38.66666666666666,602,1
16841.0,3841.16,14,3445,17.38081447963801,2010-01-12 11:32:00,2011-11-03 11:51:00,660,22.0,0.6363636363636364,1.1149956458635704,246.07142857142856,36,0
16842.0,1260.44,4,692,19.694375,2011-02-10 14:51:00,2011-10-06 17:38:00,238,7.933333333333334,0.5042016806722689,1.8214450867052023,173.0,63,0
16843.0,19528.78,38,18459,32.60230383973288,2009-12-10 11:40:00,2011-10-28 09:06:00,686,22.866666666666667,1.661807580174927,1.0579543853946585,485.7631578947368,42,0
16844.0,614.34,2,281,19.198125,2010-05-06 09:16:00,2010-05-26 10:29:00,20,0.6666666666666666,3.0,2.1862633451957296,140.5,562,1
16845.0,253.88,1,167,12.694,2010-03-31 13:09:00,2010-03-31 13:09:00,0,1.0,1.0,1.520239520958084,167.0,617,1
16846.0,842.41,3,517,17.923617021276595,2010-03-10 12:03:00,2011-10-20 13:55:00,589,19.633333333333333,0.1528013582342954,1.6294197292069632,172.33333333333334,49,0
16847.0,614.89,2,255,16.618648648648648,2010-03-31 13:32:00,2011-10-27 13:29:00,574,19.133333333333333,0.1045296167247386,2.4113333333333333,127.5,42,0
16848.0,1411.62,4,780,16.607294117647058,2010-10-03 11:01:00,2011-10-18 08:42:00,379,12.633333333333333,0.316622691292876,1.8097692307692304,195.0,52,0
16849.0,124.57,1,33,15.57125,2011-06-06 09:16:00,2011-06-06 09:16:00,0,1.0,1.0,3.774848484848485,33.0,186,1
16850.0,332.41,1,249,17.495263157894737,2011-01-10 11:09:00,2011-01-10 11:09:00,0,1.0,1.0,1.3349799196787149,249.0,333,1
16851.0,342.45,3,271,17.1225,2011-10-19 09:48:00,2011-12-05 13:32:00,47,1.5666666666666669,1.9148936170212767,1.2636531365313652,90.33333333333331,3,0
16852.0,144.91000000000005,2,56,16.101111111111113,2011-06-16 15:49:00,2011-11-29 13:22:00,165,5.5,0.3636363636363636,2.587678571428572,28.0,9,0
16853.0,-67.5,1,-10,-33.75,2009-12-08 17:32:00,2009-12-08 17:32:00,0,1.0,1.0,6.75,-10.0,730,1
16854.0,1408.96,2,997,18.786133333333336,2010-03-09 14:32:00,2010-10-18 16:31:00,223,7.433333333333334,0.2690582959641255,1.4131995987963892,498.5,416,1
16855.0,328.4,2,164,17.28421052631579,2011-10-27 16:31:00,2011-11-16 12:03:00,19,0.6333333333333333,3.1578947368421053,2.002439024390244,82.0,23,0
16856.0,358.49,3,171,18.867894736842107,2010-09-23 13:11:00,2011-11-25 08:59:00,427,14.233333333333333,0.2107728337236534,2.096432748538012,57.0,14,0
16857.0,352.8,1,168,32.07272727272727,2010-09-23 10:49:00,2010-09-23 10:49:00,0,1.0,1.0,2.1,168.0,442,1
16858.0,4431.63,16,1462,28.59116129032258,2009-12-15 11:09:00,2010-12-08 14:52:00,358,11.933333333333334,1.340782122905028,3.0312106703146378,91.375,365,1
16859.0,1657.74,10,1728,12.751846153846154,2010-03-04 12:37:00,2011-08-25 14:12:00,539,17.966666666666665,0.5565862708719852,0.9593402777777778,172.8,105,1
16860.0,1593.67,4,624,36.219772727272726,2010-02-15 13:46:00,2010-09-13 10:05:00,209,6.966666666666667,0.5741626794258373,2.5539583333333336,156.0,452,1
16861.0,902.37,6,602,17.025849056603775,2010-07-19 11:44:00,2011-10-11 09:05:00,448,14.933333333333334,0.4017857142857143,1.498953488372093,100.33333333333331,59,0
16862.0,662.33,4,513,18.923714285714286,2010-01-07 12:57:00,2010-06-10 13:05:00,154,5.133333333333334,0.7792207792207791,1.2910916179337233,128.25,546,1
16863.0,977.07,5,728,16.846034482758622,2010-10-26 10:03:00,2011-11-10 15:23:00,380,12.666666666666666,0.3947368421052631,1.3421291208791208,145.6,28,0
16864.0,409.25,2,283,24.073529411764707,2010-04-20 11:56:00,2010-10-01 16:16:00,164,5.466666666666667,0.3658536585365853,1.446113074204947,141.5,433,1
16865.0,130.95,1,157,8.184375,2010-11-03 11:34:00,2010-11-03 11:34:00,0,1.0,1.0,0.8340764331210191,157.0,401,1
16866.0,207.74,3,60,18.885454545454543,2011-07-01 12:34:00,2011-07-22 10:06:00,20,0.6666666666666666,4.5,3.462333333333333,20.0,140,1
16867.0,76.74000000000001,1,58,12.79,2010-01-19 09:11:00,2010-01-19 09:11:00,0,1.0,1.0,1.323103448275862,58.0,689,1
16868.0,393.39,3,116,7.285,2010-04-25 11:31:00,2010-11-10 13:17:00,199,6.633333333333334,0.4522613065326633,3.391293103448276,38.66666666666666,393,1
16869.0,805.62,5,581,6.245116279069768,2011-06-17 13:01:00,2011-11-17 12:02:00,152,5.066666666666666,0.986842105263158,1.3866092943201378,116.2,22,0
16870.0,450.16,1,278,16.077142857142857,2010-08-27 13:53:00,2010-08-27 13:53:00,0,1.0,1.0,1.6192805755395685,278.0,468,1
16871.0,2761.49,7,1250,19.866834532374103,2011-03-14 10:31:00,2011-11-17 19:27:00,248,8.266666666666667,0.846774193548387,2.2091920000000003,178.57142857142858,21,0
16872.0,1213.13,6,1079,67.39611111111111,2010-09-02 17:36:00,2011-09-23 16:05:00,385,12.833333333333334,0.4675324675324675,1.124309545875811,179.83333333333334,76,0
16873.0,14547.03,17,8583,27.761507633587787,2010-02-09 14:17:00,2011-12-05 12:05:00,663,22.1,0.7692307692307692,1.6948654316672491,504.88235294117646,4,0
16874.0,217.74,1,81,6.404117647058824,2010-11-25 13:08:00,2010-11-25 13:08:00,0,1.0,1.0,2.6881481481481484,81.0,378,1
16875.0,4053.2,20,2055,16.084126984126986,2010-01-05 09:16:00,2011-10-06 19:20:00,639,21.3,0.9389671361502347,1.972360097323601,102.75,63,0
16876.0,136.01,1,181,4.2503125,2010-11-01 11:59:00,2010-11-01 11:59:00,0,1.0,1.0,0.7514364640883977,181.0,403,1
16877.0,853.72,6,463,5.369308176100629,2011-05-15 16:13:00,2011-11-27 13:47:00,195,6.5,0.9230769230769232,1.8438876889848808,77.16666666666667,11,0
16878.0,0.0,2,0,0.0,2011-09-16 17:39:00,2011-11-15 08:52:00,59,1.9666666666666663,1.0169491525423728,,0.0,24,0
16879.0,-140.95999999999998,2,-2,-70.47999999999999,2010-09-27 14:19:00,2010-10-15 14:51:00,18,0.6,3.333333333333333,70.47999999999999,-1.0,419,1
16880.0,1840.86,8,911,9.844171122994652,2010-08-03 13:54:00,2011-11-09 11:33:00,462,15.4,0.5194805194805194,2.020702524698134,113.875,30,0
16881.0,432.0,1,600,432.0,2011-10-04 10:33:00,2011-10-04 10:33:00,0,1.0,1.0,0.72,600.0,66,0
16882.0,705.12,3,424,18.08,2011-01-26 17:43:00,2011-10-04 10:42:00,250,8.333333333333334,0.36,1.6630188679245284,141.33333333333334,66,0
16883.0,2386.64,20,1079,8.258269896193772,2009-12-04 12:07:00,2011-06-05 12:51:00,548,18.266666666666666,1.094890510948905,2.211899907321594,53.95,186,1
16884.0,1073.92,4,521,14.318933333333334,2010-05-18 12:00:00,2011-11-02 11:52:00,532,17.733333333333334,0.225563909774436,2.06126679462572,130.25,37,0
16885.0,710.74,4,376,5.005211267605634,2010-11-19 12:51:00,2011-11-24 13:40:00,370,12.333333333333334,0.3243243243243243,1.8902659574468088,94.0,14,0
16886.0,0.0,2,0,0.0,2010-09-09 15:08:00,2010-09-21 11:46:00,11,0.3666666666666666,5.454545454545455,,0.0,444,1
16887.0,660.72,3,424,6.477647058823529,2009-12-01 13:41:00,2011-11-04 14:07:00,703,23.433333333333334,0.1280227596017069,1.558301886792453,141.33333333333334,34,0
16888.0,437.15,3,147,8.09537037037037,2010-01-07 13:07:00,2010-11-04 12:39:00,300,10.0,0.3,2.9738095238095235,49.0,400,1
16889.0,2530.9,6,1616,11.609633027522936,2010-05-23 10:46:00,2011-05-29 11:05:00,371,12.366666666666667,0.4851752021563342,1.56615099009901,269.3333333333333,194,1
16890.0,285.41,3,243,15.02157894736842,2010-05-06 16:27:00,2010-08-20 11:23:00,105,3.5,0.8571428571428571,1.1745267489711932,81.0,476,1
16891.0,2056.82,11,774,3.9860852713178296,2009-12-04 12:37:00,2011-12-08 11:15:00,733,24.433333333333334,0.4502046384720327,2.6573901808785534,70.36363636363636,1,0
16892.0,733.4,9,366,5.201418439716312,2009-12-08 14:20:00,2011-12-08 13:18:00,729,24.3,0.3703703703703703,2.0038251366120217,40.66666666666666,0,0
16893.0,401.77,2,182,2.976074074074074,2010-11-28 15:14:00,2010-12-08 12:06:00,9,0.3,6.666666666666667,2.2075274725274725,91.0,366,1
16894.0,1282.36,5,501,6.509441624365482,2010-06-22 14:21:00,2010-07-25 15:43:00,33,1.1,4.545454545454545,2.559600798403193,100.2,501,1
16895.0,1121.42,5,433,6.558011695906433,2010-02-12 11:07:00,2011-10-06 12:15:00,601,20.03333333333333,0.2495840266222961,2.589884526558892,86.6,64,0
16896.0,103.95,1,18,5.775,2010-06-02 15:40:00,2010-06-02 15:40:00,0,1.0,1.0,5.775,18.0,554,1
16897.0,213.03,3,58,4.841590909090909,2011-01-30 11:52:00,2011-02-13 15:45:00,14,0.4666666666666667,6.428571428571429,3.672931034482759,19.33333333333333,298,1
16898.0,887.67,6,739,3.009050847457627,2010-05-12 12:18:00,2011-11-13 15:44:00,550,18.33333333333333,0.3272727272727272,1.2011772665764546,123.16666666666669,25,0
16899.0,1721.02,8,818,9.61463687150838,2010-11-07 15:00:00,2011-12-02 12:03:00,389,12.966666666666669,0.6169665809768637,2.1039364303178485,102.25,7,0
16900.0,187.6900000000001,5,723,2.288902439024392,2011-10-07 13:17:00,2011-11-28 10:50:00,51,1.7,2.9411764705882355,0.2595988934993086,144.6,11,0
16901.0,204.26,1,42,8.880869565217392,2009-12-10 16:30:00,2009-12-10 16:30:00,0,1.0,1.0,4.863333333333333,42.0,728,1
16902.0,1706.88,1,629,38.79272727272728,2011-08-15 14:17:00,2011-08-15 14:17:00,0,1.0,1.0,2.7136406995230526,629.0,115,1
16903.0,1029.98,4,721,5.336683937823834,2010-10-20 14:42:00,2011-11-10 15:32:00,386,12.866666666666667,0.310880829015544,1.4285436893203884,180.25,28,0
16904.0,5132.37,21,2809,5.226446028513238,2010-10-24 16:03:00,2011-12-05 13:10:00,406,13.533333333333331,1.5517241379310345,1.827116411534354,133.76190476190476,3,0
16905.0,5004.5,20,2056,14.505797101449277,2009-12-10 20:04:00,2011-12-04 14:01:00,723,24.1,0.8298755186721991,2.4340953307393,102.8,4,0
16906.0,1448.8,7,613,6.439111111111111,2010-05-13 13:23:00,2011-09-19 11:49:00,493,16.433333333333334,0.4259634888438133,2.363458401305057,87.57142857142857,81,0
16907.0,1707.9,9,532,6.69764705882353,2010-07-01 17:30:00,2011-11-10 18:04:00,497,16.566666666666666,0.5432595573440644,3.210338345864662,59.11111111111112,28,0
16908.0,153.59,2,41,7.313809523809524,2009-12-17 13:35:00,2009-12-17 13:38:00,0,1.0,2.0,3.7460975609756098,20.5,721,1
16909.0,364.14,2,434,19.16526315789473,2011-09-28 16:45:00,2011-10-06 18:06:00,8,0.2666666666666666,7.5,0.8390322580645161,217.0,63,0
16910.0,1510.06,8,886,2.7606215722120657,2011-09-09 14:14:00,2011-12-05 12:51:00,86,2.8666666666666667,2.7906976744186047,1.704356659142212,110.75,3,0
16911.0,251.35,3,159,6.793243243243244,2010-02-16 16:12:00,2010-03-22 15:57:00,33,1.1,2.727272727272727,1.5808176100628932,53.0,626,1
16912.0,4433.6,18,1678,25.04858757062147,2009-12-09 12:32:00,2011-11-16 15:51:00,707,23.566666666666663,0.7637906647807639,2.6421930870083434,93.22222222222224,22,0
16913.0,423.91,3,229,23.550555555555555,2010-02-26 12:06:00,2011-02-22 12:56:00,361,12.033333333333331,0.2493074792243767,1.8511353711790397,76.33333333333333,289,1
16914.0,208.46,1,121,5.4857894736842105,2011-11-03 15:27:00,2011-11-03 15:27:00,0,1.0,1.0,1.722809917355372,121.0,35,0
16915.0,1543.18,11,190,20.853783783783783,2010-05-19 13:32:00,2011-11-30 16:39:00,560,18.666666666666668,0.5892857142857143,8.122,17.272727272727273,8,0
16916.0,1123.4,4,764,4.255303030303031,2010-10-20 12:56:00,2011-11-16 12:08:00,391,13.033333333333331,0.3069053708439898,1.470418848167539,191.0,23,0
16917.0,1848.88,3,792,35.55538461538462,2009-12-11 13:07:00,2011-03-08 11:55:00,451,15.033333333333331,0.1995565410199556,2.3344444444444448,264.0,276,1
16918.0,3138.06,19,2049,6.777667386609071,2009-12-03 12:27:00,2011-10-21 12:50:00,687,22.9,0.8296943231441049,1.5315080527086384,107.84210526315788,49,0
16919.0,5053.81,28,2409,7.835364341085272,2010-08-19 15:28:00,2011-07-06 13:35:00,320,10.666666666666666,2.625,2.097887090078871,86.03571428571429,155,1
16920.0,355.45,1,81,15.454347826086956,2010-10-24 14:07:00,2010-10-24 14:07:00,0,1.0,1.0,4.388271604938272,81.0,410,1
16921.0,446.67,3,299,4.701789473684211,2010-04-18 15:34:00,2011-10-09 16:22:00,539,17.966666666666665,0.1669758812615955,1.493879598662207,99.66666666666669,60,0
16922.0,611.08,1,281,5.008852459016394,2010-05-16 11:24:00,2010-05-16 11:24:00,0,1.0,1.0,2.1746619217081853,281.0,572,1
16923.0,12793.38,41,6033,11.047823834196892,2010-01-31 11:14:00,2011-11-27 13:00:00,665,22.166666666666668,1.849624060150376,2.1205668821481853,147.14634146341464,11,0
16924.0,739.5,4,480,8.308988764044944,2011-09-16 12:54:00,2011-11-18 12:53:00,62,2.066666666666667,1.9354838709677415,1.540625,120.0,20,0
16925.0,125.65,1,123,6.980555555555556,2010-06-17 15:03:00,2010-06-17 15:03:00,0,1.0,1.0,1.0215447154471544,123.0,539,1
16926.0,1410.4,6,236,12.264347826086958,2010-07-01 12:57:00,2010-12-03 13:42:00,155,5.166666666666667,1.161290322580645,5.976271186440679,39.333333333333336,370,1
16927.0,543.05,3,993,90.50833333333333,2010-12-13 11:57:00,2011-08-16 11:10:00,245,8.166666666666666,0.3673469387755102,0.5468781470292043,331.0,115,1
16928.0,3993.58,33,2686,11.677134502923977,2010-02-03 12:30:00,2011-09-20 15:10:00,594,19.8,1.6666666666666663,1.486813104988831,81.39393939393939,79,0
16929.0,1295.39,7,929,16.823246753246753,2011-07-07 12:39:00,2011-12-06 08:37:00,151,5.033333333333333,1.390728476821192,1.3943918191603877,132.71428571428572,3,0
16930.0,380.55,3,341,7.047222222222223,2011-10-02 14:25:00,2011-11-13 16:13:00,42,1.4,2.142857142857143,1.115982404692082,113.66666666666669,25,0
16931.0,5233.62,23,3463,5.228391608391608,2010-11-07 13:24:00,2011-12-04 13:15:00,391,13.033333333333331,1.7647058823529411,1.5112965636731155,150.56521739130434,4,0
16932.0,440.71,3,229,3.060486111111111,2010-05-17 14:15:00,2011-10-17 14:12:00,517,17.233333333333334,0.1740812379110251,1.9244978165938864,76.33333333333333,52,0
16933.0,3099.6,16,1526,10.09641693811075,2009-12-09 15:03:00,2011-12-08 12:54:00,728,24.266666666666666,0.6593406593406593,2.0311926605504587,95.375,0,0
16934.0,2090.74,7,936,14.32013698630137,2010-03-28 12:43:00,2011-10-16 12:40:00,566,18.866666666666667,0.3710247349823321,2.2336965811965808,133.71428571428572,54,0
16935.0,535.1,3,278,7.33013698630137,2010-10-14 13:09:00,2010-11-23 09:16:00,39,1.3,2.3076923076923075,1.924820143884892,92.66666666666669,381,1
16936.0,551.17,2,342,3.909007092198581,2010-11-19 11:54:00,2011-11-14 11:04:00,359,11.966666666666669,0.1671309192200557,1.6116081871345027,171.0,25,0
16937.0,202.1,1,126,3.962745098039216,2010-07-28 17:56:00,2010-07-28 17:56:00,0,1.0,1.0,1.6039682539682538,126.0,498,1
16938.0,6209.93,10,3569,7.419271206690562,2010-02-17 14:47:00,2011-12-01 10:20:00,651,21.7,0.4608294930875576,1.7399635752311573,356.9,8,0
16939.0,449.0,3,232,10.204545454545457,2010-02-28 13:33:00,2010-08-08 12:24:00,160,5.333333333333333,0.5625,1.9353448275862069,77.33333333333333,488,1
16940.0,6245.41,11,4470,9.835291338582676,2009-12-08 13:08:00,2011-10-18 13:15:00,679,22.633333333333333,0.4860088365243004,1.3971834451901566,406.3636363636364,51,0
16941.0,33.0,1,12,16.5,2010-04-07 11:13:00,2010-04-07 11:13:00,0,1.0,1.0,2.75,12.0,611,1
16942.0,1894.11,10,807,6.692968197879858,2011-04-26 11:59:00,2011-11-27 12:40:00,215,7.166666666666667,1.3953488372093024,2.347100371747212,80.7,12,0
16943.0,816.73,7,145,22.073783783783785,2010-03-18 16:18:00,2011-05-12 11:57:00,419,13.966666666666669,0.5011933174224343,5.632620689655172,20.714285714285715,211,1
16944.0,101.36,1,27,14.48,2010-04-09 11:03:00,2010-04-09 11:03:00,0,1.0,1.0,3.754074074074074,27.0,609,1
16945.0,8530.66,35,5875,17.92155462184874,2009-12-09 11:33:00,2011-11-18 11:39:00,709,23.633333333333333,1.4809590973201694,1.452027234042553,167.85714285714286,21,0
16946.0,1199.54,6,503,15.783421052631578,2010-03-02 10:49:00,2010-11-21 14:06:00,264,8.8,0.6818181818181818,2.3847713717693835,83.83333333333333,382,1
16947.0,896.73,10,613,14.9455,2010-03-03 10:54:00,2011-04-18 09:38:00,410,13.666666666666666,0.7317073170731707,1.4628548123980425,61.3,235,1
16948.0,868.77,7,2091,20.203953488372093,2010-02-21 13:48:00,2011-07-24 12:46:00,517,17.233333333333334,0.4061895551257253,0.415480631276901,298.7142857142857,138,1
16949.0,1161.27,7,790,19.0372131147541,2011-01-27 12:11:00,2011-12-06 11:07:00,312,10.4,0.673076923076923,1.4699620253164556,112.85714285714286,3,0
16950.0,3725.19,12,2399,24.34764705882353,2010-01-24 11:26:00,2011-10-14 09:06:00,627,20.9,0.5741626794258373,1.5528095039599834,199.91666666666663,56,0
16951.0,1262.75,4,1306,14.514367816091951,2011-02-08 14:58:00,2011-08-08 13:25:00,180,6.0,0.6666666666666666,0.9668836140888208,326.5,122,1
16952.0,798.78,5,344,9.077045454545454,2009-12-11 13:52:00,2011-08-22 13:03:00,618,20.6,0.2427184466019417,2.32203488372093,68.8,108,1
16953.0,20.8,1,10,20.8,2011-11-09 15:54:00,2011-11-09 15:54:00,0,1.0,1.0,2.08,10.0,29,0
16954.0,6037.33,21,4077,29.16584541062802,2010-01-18 14:49:00,2011-12-09 09:46:00,689,22.966666666666665,0.9143686502177067,1.4808265881775815,194.14285714285717,0,0
16955.0,1261.16,9,796,21.019333333333336,2009-12-01 12:44:00,2011-06-08 10:36:00,553,18.433333333333334,0.488245931283906,1.5843718592964826,88.44444444444444,184,1
16956.0,292.34,2,112,16.24111111111111,2011-11-22 08:56:00,2011-11-30 14:28:00,8,0.2666666666666666,7.5,2.610178571428571,56.0,8,0
16957.0,416.64,2,172,26.04,2011-03-03 09:25:00,2011-04-14 13:56:00,42,1.4,1.4285714285714286,2.4223255813953486,86.0,238,1
16958.0,809.44,1,561,10.93837837837838,2010-09-30 14:25:00,2010-09-30 14:25:00,0,1.0,1.0,1.4428520499108737,561.0,434,1
16959.0,117.35,1,49,16.764285714285716,2011-09-13 15:03:00,2011-09-13 15:03:00,0,1.0,1.0,2.3948979591836737,49.0,86,0
16960.0,2021.98,9,1504,4.292951167728238,2010-03-02 13:36:00,2011-11-01 11:35:00,608,20.266666666666666,0.4440789473684211,1.3444015957446809,167.11111111111111,38,0
16961.0,773.01,6,479,14.054727272727272,2009-12-04 09:37:00,2011-08-15 13:46:00,619,20.633333333333333,0.2907915993537964,1.6137995824634654,79.83333333333333,115,1
16962.0,251.04,1,158,16.736,2010-10-26 11:36:00,2010-10-26 11:36:00,0,1.0,1.0,1.5888607594936708,158.0,409,1
16963.0,110.55,1,35,15.792857142857144,2011-06-05 13:48:00,2011-06-05 13:48:00,0,1.0,1.0,3.158571428571429,35.0,186,1
16964.0,207.85,2,49,34.641666666666666,2009-12-06 12:51:00,2009-12-06 12:53:00,0,1.0,2.0,4.2418367346938775,24.5,732,1
16965.0,201.19,1,291,7.738076923076923,2011-04-27 12:08:00,2011-04-27 12:08:00,0,1.0,1.0,0.6913745704467353,291.0,226,1
16966.0,2148.47,10,1978,69.30548387096773,2011-04-13 14:17:00,2011-12-01 13:40:00,231,7.7,1.2987012987012987,1.0861830131445904,197.8,7,0
16967.0,319.02,1,333,15.19142857142857,2011-06-03 14:24:00,2011-06-03 14:24:00,0,1.0,1.0,0.958018018018018,333.0,188,1
16968.0,439.43,2,326,14.17516129032258,2011-08-24 10:51:00,2011-12-05 15:02:00,103,3.433333333333333,0.5825242718446603,1.3479447852760735,163.0,3,0
16969.0,650.41,3,816,15.48595238095238,2011-06-01 12:10:00,2011-10-31 13:12:00,152,5.066666666666666,0.5921052631578948,0.7970710784313725,272.0,38,0
16970.0,71.4,1,12,35.7,2010-03-23 13:50:00,2010-03-23 13:50:00,0,1.0,1.0,5.95,12.0,625,1
16971.0,232.21,2,71,5.528809523809524,2011-11-01 15:06:00,2011-12-07 09:15:00,35,1.1666666666666667,1.7142857142857142,3.2705633802816902,35.5,2,0
16972.0,786.25,2,190,8.934659090909092,2010-09-09 11:20:00,2010-11-22 10:59:00,73,2.433333333333333,0.8219178082191781,4.1381578947368425,95.0,382,1
16973.0,127.0,1,60,21.166666666666668,2010-11-18 13:56:00,2010-11-18 13:56:00,0,1.0,1.0,2.1166666666666667,60.0,385,1
16974.0,365.5,2,70,45.6875,2010-05-24 10:43:00,2010-07-05 10:18:00,41,1.3666666666666667,1.4634146341463414,5.221428571428572,35.0,522,1
16975.0,902.42,5,580,19.20042553191489,2010-07-22 11:38:00,2010-10-22 10:35:00,91,3.033333333333333,1.6483516483516485,1.555896551724138,116.0,413,1
16976.0,251.52,1,88,125.76,2011-03-17 16:33:00,2011-03-17 16:33:00,0,1.0,1.0,2.858181818181818,88.0,266,1
16977.0,496.0,4,142,17.714285714285715,2010-03-18 11:06:00,2010-11-09 13:17:00,236,7.866666666666666,0.5084745762711864,3.492957746478873,35.5,394,1
16978.0,768.88,3,285,11.475820895522387,2010-02-11 16:27:00,2011-09-23 12:50:00,588,19.6,0.1530612244897959,2.697824561403509,95.0,77,0
16979.0,2787.09,12,1440,20.95556390977444,2010-09-15 14:30:00,2011-12-06 12:21:00,446,14.866666666666667,0.8071748878923767,1.9354791666666669,120.0,3,0
16980.0,1473.3300000000002,3,1039,13.154732142857144,2010-10-07 14:05:00,2011-03-29 16:36:00,173,5.766666666666667,0.5202312138728323,1.418026948989413,346.3333333333333,254,1
16981.0,-4620.86,1,-1,-4620.86,2010-06-17 15:49:00,2010-06-17 15:49:00,0,1.0,1.0,4620.86,-1.0,539,1
16982.0,384.06,1,182,17.457272727272727,2011-10-10 12:28:00,2011-10-10 12:28:00,0,1.0,1.0,2.11021978021978,182.0,60,0
16983.0,3699.17,12,2495,14.79668,2010-09-19 12:38:00,2011-11-27 12:10:00,433,14.433333333333334,0.8314087759815242,1.4826332665330662,207.91666666666663,12,0
16984.0,10599.42,19,5297,9.13743103448276,2010-03-07 15:34:00,2011-09-22 18:21:00,564,18.8,1.0106382978723405,2.001023220690957,278.7894736842105,77,0
16985.0,10545.76,26,3098,42.69538461538462,2009-12-10 13:34:00,2011-11-22 13:33:00,711,23.7,1.0970464135021096,3.4040542285345383,119.15384615384616,16,0
16986.0,4888.75,11,2539,28.096264367816094,2010-02-04 14:46:00,2011-11-10 11:55:00,643,21.433333333333334,0.5132192846034215,1.925462780622292,230.8181818181818,29,0
16987.0,2524.0,12,677,9.453183520599252,2009-12-02 14:34:00,2011-12-06 17:26:00,734,24.466666666666665,0.4904632152588556,3.72821270310192,56.41666666666666,2,0
16988.0,382.67,2,158,19.1335,2010-11-25 09:22:00,2011-12-04 16:02:00,374,12.466666666666669,0.160427807486631,2.421962025316456,79.0,4,0
16989.0,1133.25,6,1233,94.4375,2011-07-12 09:11:00,2011-12-02 16:39:00,143,4.766666666666667,1.2587412587412588,0.9190997566909976,205.5,6,0
16990.0,344.0,2,200,172.0,2010-10-13 11:42:00,2011-05-05 08:30:00,203,6.766666666666667,0.2955665024630542,1.72,100.0,218,1
16991.0,1041.21,1,793,14.070405405405406,2010-10-14 14:08:00,2010-10-14 14:08:00,0,1.0,1.0,1.313001261034048,793.0,420,1
16992.0,5460.1,15,2057,18.95868055555556,2010-02-11 12:36:00,2011-11-29 11:50:00,655,21.83333333333333,0.6870229007633588,2.654399611084103,137.13333333333333,10,0
16993.0,1688.15,3,261,58.21206896551725,2010-05-12 13:55:00,2010-09-02 17:45:00,113,3.7666666666666666,0.7964601769911505,6.468007662835249,87.0,462,1
16994.0,-779.32,1,-1,-779.32,2010-03-23 16:19:00,2010-03-23 16:19:00,0,1.0,1.0,779.32,-1.0,625,1
16995.0,-2.5,1,-2,-1.25,2010-12-02 17:09:00,2010-12-02 17:09:00,0,1.0,1.0,1.25,-2.0,371,1
16996.0,2044.16,13,886,23.49609195402299,2010-10-18 12:24:00,2011-11-09 16:43:00,387,12.9,1.007751937984496,2.3071783295711064,68.15384615384616,29,0
16997.0,702.0,3,360,58.5,2011-01-18 11:51:00,2011-02-24 17:28:00,37,1.2333333333333334,2.4324324324324325,1.95,120.0,287,1
16998.0,394.02,7,101,49.252500000000005,2010-09-21 14:39:00,2011-07-13 09:49:00,294,9.8,0.7142857142857142,3.9011881188118815,14.428571428571429,149,1
16999.0,484.82,2,294,21.07913043478261,2011-09-26 15:43:00,2011-11-16 13:53:00,50,1.6666666666666667,1.2,1.649047619047619,147.0,22,0
17000.0,406.3,2,305,13.543333333333331,2010-10-27 14:16:00,2010-11-08 13:35:00,11,0.3666666666666666,5.454545454545455,1.3321311475409836,152.5,395,1
17001.0,6640.8,19,3782,24.14836363636364,2010-03-25 12:41:00,2011-12-09 09:38:00,623,20.766666666666666,0.9149277688603532,1.7558963511369643,199.05263157894737,0,0
17002.0,2565.6,8,1264,30.183529411764702,2010-03-08 15:46:00,2011-09-27 16:48:00,568,18.933333333333334,0.4225352112676056,2.0297468354430377,158.0,72,0
17003.0,830.16,4,495,7.412142857142856,2010-05-10 11:20:00,2010-11-02 13:15:00,176,5.866666666666666,0.6818181818181819,1.677090909090909,123.75,401,1
17004.0,2425.16,4,1281,34.64514285714286,2010-10-11 15:43:00,2011-10-24 14:25:00,377,12.566666666666666,0.3183023872679045,1.8931772053083529,320.25,45,0
17005.0,732.41,3,786,34.876666666666665,2010-04-30 10:52:00,2010-08-26 10:57:00,118,3.933333333333333,0.7627118644067797,0.9318193384223918,262.0,470,1
17006.0,1636.32,8,573,12.587076923076925,2010-03-05 13:33:00,2011-12-05 12:09:00,639,21.3,0.3755868544600939,2.8557068062827224,71.625,4,0
17007.0,1107.6,8,707,16.288235294117648,2010-09-28 13:51:00,2011-10-20 10:47:00,386,12.866666666666667,0.6217616580310881,1.5666195190947667,88.375,50,0
17008.0,81.36,1,24,81.36,2010-10-06 15:19:00,2010-10-06 15:19:00,0,1.0,1.0,3.39,24.0,428,1
17009.0,242.06,1,336,22.005454545454544,2010-06-06 16:01:00,2010-06-06 16:01:00,0,1.0,1.0,0.7204166666666667,336.0,550,1
17010.0,185.46,2,116,15.455,2011-11-21 14:49:00,2011-11-23 11:04:00,1,0.0333333333333333,60.0,1.598793103448276,58.0,16,0
17011.0,536.6999999999999,4,684,18.506896551724136,2010-02-26 09:47:00,2011-11-09 13:30:00,621,20.7,0.1932367149758454,0.7846491228070175,171.0,29,0
17012.0,384.16,1,268,9.146666666666668,2009-12-14 17:34:00,2009-12-14 17:34:00,0,1.0,1.0,1.4334328358208956,268.0,724,1
17013.0,-3224.76,2,-2,-1612.38,2010-04-15 14:22:00,2010-04-15 15:04:00,0,1.0,2.0,1612.38,-1.0,602,1
17014.0,565.58,4,240,7.5410666666666675,2011-10-04 11:36:00,2011-12-01 14:09:00,58,1.9333333333333331,2.0689655172413794,2.356583333333333,60.0,7,0
17015.0,1842.56,3,1981,8.491059907834101,2011-06-07 13:19:00,2011-11-11 10:45:00,156,5.2,0.5769230769230769,0.9301161029782936,660.3333333333334,28,0
17016.0,552.4,1,309,13.473170731707317,2010-05-12 12:32:00,2010-05-12 12:32:00,0,1.0,1.0,1.787702265372168,309.0,576,1
17017.0,8087.41,41,10501,18.01204899777283,2009-12-03 13:22:00,2011-12-07 09:32:00,733,24.433333333333334,1.6780354706684857,0.7701561756023235,256.1219512195122,2,0
17018.0,2287.7,6,456,61.82972972972973,2009-12-05 10:27:00,2011-10-30 11:42:00,694,23.133333333333333,0.2593659942363112,5.01688596491228,76.0,40,0
17019.0,3951.5,13,2621,5.526573426573426,2009-12-02 10:34:00,2011-11-28 13:06:00,726,24.2,0.5371900826446281,1.5076306753147657,201.6153846153846,10,0
17020.0,935.62,2,860,13.559710144927536,2010-03-03 12:27:00,2010-06-15 13:06:00,104,3.466666666666667,0.5769230769230769,1.0879302325581397,430.0,541,1
17021.0,1182.22,6,992,24.629583333333333,2010-04-29 20:05:00,2010-09-23 20:01:00,146,4.866666666666666,1.2328767123287672,1.1917540322580646,165.33333333333334,441,1
17022.0,260.0,2,180,16.25,2010-10-03 10:27:00,2011-11-08 17:09:00,401,13.366666666666667,0.1496259351620947,1.4444444444444444,90.0,30,0
17023.0,800.18,3,530,16.33020408163265,2010-01-11 15:09:00,2010-10-18 15:37:00,280,9.333333333333334,0.3214285714285714,1.5097735849056604,176.66666666666666,416,1
17024.0,95.85,3,69,31.95,2011-07-05 09:31:00,2011-10-25 13:47:00,112,3.733333333333333,0.8035714285714286,1.3891304347826086,23.0,44,0
17025.0,1510.64,5,1024,35.96761904761905,2010-03-08 13:37:00,2011-10-10 09:06:00,580,19.33333333333333,0.2586206896551724,1.475234375,204.8,60,0
17026.0,208.98,3,132,26.1225,2010-10-18 15:22:00,2011-06-07 14:28:00,231,7.7,0.3896103896103896,1.583181818181818,44.0,184,1
17027.0,1285.41,10,647,6.837287234042553,2009-12-10 12:10:00,2011-09-22 12:24:00,651,21.7,0.4608294930875576,1.986723338485317,64.7,78,0
17028.0,1593.83,3,856,16.777157894736842,2009-12-18 14:28:00,2010-05-07 15:33:00,140,4.666666666666667,0.6428571428571428,1.8619509345794392,285.3333333333333,580,1
17029.0,2137.3,7,1265,73.7,2010-02-14 10:19:00,2011-08-21 11:06:00,553,18.433333333333334,0.3797468354430379,1.6895652173913045,180.7142857142857,110,1
17030.0,146.87,1,146,13.351818181818182,2011-10-07 08:49:00,2011-10-07 08:49:00,0,1.0,1.0,1.005958904109589,146.0,63,0
17031.0,2773.85,6,1595,55.477,2010-05-07 14:52:00,2011-11-28 10:23:00,569,18.966666666666665,0.3163444639718805,1.739090909090909,265.8333333333333,11,0
17032.0,2150.06,13,1684,8.740081300813008,2009-12-10 15:36:00,2010-09-24 10:20:00,287,9.566666666666666,1.3588850174216027,1.2767577197149644,129.53846153846155,441,1
17033.0,1332.79,4,871,33.31975,2010-11-07 12:55:00,2011-09-14 14:34:00,311,10.366666666666667,0.3858520900321543,1.5301836969001148,217.75,85,0
17034.0,1239.32,7,679,19.06646153846154,2010-07-14 12:55:00,2011-11-23 15:14:00,497,16.566666666666666,0.4225352112676056,1.8252135493372603,97.0,15,0
17035.0,568.39,5,299,15.361891891891892,2009-12-03 10:37:00,2011-04-08 11:23:00,491,16.366666666666667,0.305498981670061,1.900969899665552,59.8,245,1
17036.0,176.9,1,76,14.741666666666667,2010-11-21 14:26:00,2010-11-21 14:26:00,0,1.0,1.0,2.3276315789473685,76.0,382,1
17037.0,1253.22,2,652,16.275584415584415,2011-09-13 12:49:00,2011-09-22 17:20:00,9,0.3,6.666666666666667,1.922116564417178,326.0,77,0
17038.0,743.17,2,535,11.796349206349204,2010-10-20 16:04:00,2011-11-09 13:50:00,384,12.8,0.15625,1.3891028037383175,267.5,29,0
17039.0,1954.99,1,689,44.43159090909091,2010-04-14 12:56:00,2010-04-14 12:56:00,0,1.0,1.0,2.8374310595065317,689.0,603,1
17040.0,463.25,2,189,28.953125,2010-06-07 15:08:00,2011-07-25 10:19:00,412,13.733333333333333,0.145631067961165,2.451058201058201,94.5,137,1
17041.0,1670.48,7,1333,12.849846153846157,2010-04-18 14:25:00,2011-11-13 11:21:00,573,19.1,0.3664921465968586,1.2531732933233308,190.42857142857144,26,0
17042.0,1044.38,5,994,10.656938775510202,2011-04-06 14:53:00,2011-12-07 12:26:00,244,8.133333333333333,0.6147540983606558,1.0506841046277664,198.8,2,0
17043.0,2616.55,8,1624,12.763658536585364,2009-12-09 15:20:00,2011-11-07 15:33:00,698,23.266666666666666,0.3438395415472779,1.611176108374384,203.0,31,0
17044.0,11867.6,16,5692,74.63899371069182,2009-12-07 12:25:00,2011-12-01 08:54:00,723,24.1,0.6639004149377593,2.084961349262122,355.75,8,0
17045.0,827.6800000000001,5,294,15.616603773584908,2010-10-06 14:52:00,2011-08-18 17:09:00,316,10.533333333333331,0.4746835443037975,2.8152380952380955,58.8,112,1
17046.0,1906.07,5,1636,22.42435294117647,2010-03-29 13:46:00,2011-07-05 14:24:00,463,15.433333333333334,0.3239740820734341,1.1650794621026894,327.2,156,1
17047.0,2289.23,6,1184,16.121338028169014,2009-12-08 08:48:00,2011-09-15 13:27:00,646,21.53333333333333,0.2786377708978328,1.933471283783784,197.33333333333331,84,0
17048.0,1991.45,11,1033,18.611682242990653,2010-01-18 13:55:00,2011-08-16 14:51:00,575,19.166666666666668,0.5739130434782609,1.92783155856728,93.9090909090909,114,1
17049.0,9593.78,25,4217,16.541,2010-03-04 10:23:00,2011-12-07 10:48:00,643,21.433333333333334,1.166407465007776,2.275024899217453,168.68,2,0
17050.0,4391.66,12,2450,12.267206703910617,2010-01-26 14:54:00,2011-09-04 13:48:00,585,19.5,0.6153846153846154,1.7925142857142855,204.16666666666663,95,1
17051.0,714.39,4,513,4.550254777070063,2010-03-21 14:55:00,2011-05-29 14:13:00,433,14.433333333333334,0.277136258660508,1.3925730994152046,128.25,193,1
17052.0,413.75,1,261,4.497282608695652,2011-11-11 14:50:00,2011-11-11 14:50:00,0,1.0,1.0,1.5852490421455938,261.0,27,0
17053.0,496.38,2,121,35.455714285714286,2011-08-01 10:23:00,2011-08-03 10:55:00,2,0.0666666666666666,30.0,4.102314049586777,60.5,128,1
17054.0,1353.83,6,802,16.117023809523808,2011-04-08 13:14:00,2011-11-11 12:56:00,216,7.2,0.8333333333333333,1.6880673316708228,133.66666666666666,27,0
17055.0,239.55,1,87,7.985,2010-09-20 12:21:00,2010-09-20 12:21:00,0,1.0,1.0,2.7534482758620693,87.0,445,1
17056.0,128.6,1,26,16.075,2009-12-01 12:55:00,2009-12-01 12:55:00,0,1.0,1.0,4.946153846153846,26.0,737,1
17057.0,294.74,1,129,5.8948,2010-04-22 19:21:00,2010-04-22 19:21:00,0,1.0,1.0,2.284806201550388,129.0,595,1
17058.0,1179.89,3,592,19.030483870967743,2011-04-14 09:18:00,2011-09-19 10:13:00,158,5.266666666666667,0.569620253164557,1.9930574324324328,197.33333333333331,81,0
17059.0,5584.83,10,3578,6.632814726840855,2010-01-26 14:43:00,2011-11-10 12:27:00,652,21.73333333333333,0.460122699386503,1.5608803801006148,357.8,29,0
17060.0,234.24,1,216,46.848,2011-03-18 13:27:00,2011-03-18 13:27:00,0,1.0,1.0,1.0844444444444443,216.0,265,1
17061.0,5116.13,12,1484,50.65475247524753,2011-04-21 13:29:00,2011-09-27 11:24:00,158,5.266666666666667,2.278481012658228,3.447526954177897,123.66666666666669,73,0
17062.0,1204.32,7,920,7.29890909090909,2010-09-26 11:57:00,2011-01-30 11:01:00,125,4.166666666666667,1.68,1.3090434782608695,131.42857142857142,313,1
17063.0,3576.88,23,1882,16.483317972350232,2009-12-01 12:36:00,2011-12-01 08:46:00,729,24.3,0.9465020576131687,1.9005738575983,81.82608695652173,8,0
17064.0,859.35,3,318,13.860483870967744,2011-01-16 16:10:00,2011-10-12 10:18:00,268,8.933333333333334,0.335820895522388,2.702358490566038,106.0,58,0
17065.0,82.35,3,81,6.334615384615384,2010-03-12 11:40:00,2011-07-19 14:45:00,494,16.466666666666665,0.1821862348178138,1.0166666666666666,27.0,142,1
17066.0,228.34,1,93,12.685555555555556,2009-12-13 13:24:00,2009-12-13 13:24:00,0,1.0,1.0,2.455268817204301,93.0,725,1
17067.0,454.54,3,322,34.964615384615385,2009-12-08 12:03:00,2009-12-15 08:39:00,6,0.2,15.0,1.4116149068322985,107.33333333333331,724,1
17068.0,9126.43,49,4422,8.88649464459591,2010-03-28 14:26:00,2011-11-27 13:14:00,608,20.266666666666666,2.417763157894737,2.063869289914066,90.24489795918367,11,0
17069.0,5718.4,21,3291,18.446451612903225,2009-12-03 12:27:00,2011-11-11 17:13:00,708,23.6,0.8898305084745762,1.737587359465208,156.71428571428572,27,0
17070.0,445.32,2,234,4.241142857142857,2010-10-25 15:57:00,2011-08-17 17:01:00,296,9.866666666666667,0.2027027027027027,1.903076923076923,117.0,113,1
17071.0,3738.45,20,1916,16.764349775784755,2010-01-24 13:05:00,2011-12-01 09:06:00,675,22.5,0.8888888888888888,1.951174321503132,95.8,8,0
17072.0,282.05,1,218,12.820454545454544,2010-03-24 16:33:00,2010-03-24 16:33:00,0,1.0,1.0,1.2938073394495413,218.0,624,1
17073.0,1446.09,4,759,8.310862068965516,2011-08-22 14:37:00,2011-11-22 11:47:00,91,3.033333333333333,1.3186813186813189,1.9052569169960476,189.75,17,0
17074.0,203.05,1,19,50.7625,2010-05-26 12:04:00,2010-05-26 12:04:00,0,1.0,1.0,10.68684210526316,19.0,562,1
17075.0,2221.38,11,784,10.942758620689656,2009-12-14 11:24:00,2011-11-22 11:58:00,708,23.6,0.4661016949152542,2.833392857142857,71.27272727272727,17,0
17076.0,1242.75,6,514,24.855,2009-12-04 12:12:00,2011-11-03 17:53:00,699,23.3,0.2575107296137339,2.4178015564202333,85.66666666666667,35,0
17077.0,306.0,1,36,306.0,2010-05-10 16:36:00,2010-05-10 16:36:00,0,1.0,1.0,8.5,36.0,577,1
17078.0,378.2,2,788,13.507142857142856,2011-11-03 18:49:00,2011-11-03 19:17:00,0,1.0,2.0,0.4799492385786802,394.0,35,0
17079.0,118.8,1,24,59.400000000000006,2011-09-22 15:34:00,2011-09-22 15:34:00,0,1.0,1.0,4.95,24.0,77,0
17080.0,955.41,8,567,28.100294117647056,2010-07-01 16:03:00,2011-11-17 12:59:00,503,16.766666666666666,0.4771371769383698,1.6850264550264549,70.875,21,0
17081.0,964.39,6,389,4.506495327102804,2010-02-22 13:19:00,2011-11-14 12:56:00,629,20.966666666666665,0.2861685214626391,2.4791516709511567,64.83333333333333,24,0
17082.0,4732.03,6,2526,27.83547058823529,2009-12-15 11:25:00,2011-11-06 15:17:00,691,23.03333333333333,0.260492040520984,1.8733293745051465,421.0,32,0
17083.0,4035.08,11,1950,34.487863247863245,2009-12-11 13:41:00,2011-08-22 15:43:00,619,20.633333333333333,0.5331179321486268,2.0692717948717947,177.27272727272728,108,1
17084.0,5199.72,4,3291,17.626169491525424,2010-11-08 12:00:00,2011-11-04 14:54:00,361,12.033333333333331,0.3324099722991689,1.5799817684594348,822.75,34,0
17085.0,7757.41,32,3555,7.71881592039801,2009-12-06 12:16:00,2011-08-08 14:15:00,610,20.33333333333333,1.5737704918032789,2.182112517580872,111.09375,122,1
17086.0,2050.08,6,1859,21.355,2011-10-07 11:22:00,2011-12-02 13:54:00,56,1.8666666666666667,3.2142857142857144,1.1027864443249058,309.8333333333333,6,0
17087.0,221.53,1,113,18.460833333333333,2009-12-02 10:41:00,2009-12-02 10:41:00,0,1.0,1.0,1.9604424778761065,113.0,737,1
17088.0,1991.01,4,868,17.313130434782607,2011-03-31 09:48:00,2011-11-11 14:23:00,225,7.5,0.5333333333333333,2.2937903225806453,217.0,27,0
17089.0,128.45,1,35,32.1125,2010-11-18 15:33:00,2010-11-18 15:33:00,0,1.0,1.0,3.67,35.0,385,1
17090.0,3055.94,15,1337,32.51,2010-07-19 16:02:00,2011-12-05 13:44:00,503,16.766666666666666,0.8946322067594434,2.2856694091249063,89.13333333333334,3,0
17091.0,7777.5,23,3839,16.203125,2009-12-01 13:40:00,2011-12-07 10:43:00,735,24.5,0.9387755102040816,2.025918207866632,166.91304347826087,2,0
17092.0,5563.31,14,3795,13.908275,2010-02-02 16:42:00,2011-10-20 19:51:00,625,20.83333333333333,0.672,1.4659578392621873,271.07142857142856,49,0
17093.0,235.88,1,114,18.144615384615385,2010-04-26 10:22:00,2010-04-26 10:22:00,0,1.0,1.0,2.069122807017544,114.0,592,1
17094.0,370.4,3,208,19.494736842105265,2010-10-12 10:48:00,2011-01-25 17:24:00,105,3.5,0.8571428571428571,1.7807692307692309,69.33333333333333,317,1
17095.0,2312.59,12,1680,16.285845070422535,2009-12-15 12:32:00,2011-11-17 16:40:00,702,23.4,0.5128205128205129,1.3765416666666668,140.0,21,0
17096.0,3690.83,17,1558,16.40368888888889,2010-06-02 14:48:00,2011-11-30 15:05:00,546,18.2,0.934065934065934,2.36895378690629,91.6470588235294,8,0
17097.0,1323.95,10,658,4.243429487179488,2010-10-05 14:09:00,2011-12-07 17:05:00,428,14.266666666666667,0.7009345794392523,2.012082066869301,65.8,1,0
17098.0,591.0699999999999,3,125,32.837222222222216,2010-06-17 10:30:00,2010-11-23 12:13:00,159,5.3,0.5660377358490566,4.72856,41.66666666666666,381,1
17099.0,582.17,1,317,14.55425,2010-06-24 16:25:00,2010-06-24 16:25:00,0,1.0,1.0,1.8364984227129335,317.0,532,1
17100.0,971.74,2,800,14.949846153846154,2011-11-21 16:36:00,2011-11-21 16:36:00,0,1.0,2.0,1.214675,400.0,17,0
17101.0,2507.05,7,1175,34.34315068493151,2010-06-07 15:12:00,2011-11-29 13:57:00,539,17.966666666666665,0.3896103896103896,2.1336595744680853,167.85714285714286,9,0
17102.0,25.5,1,2,25.5,2011-03-23 10:08:00,2011-03-23 10:08:00,0,1.0,1.0,12.75,2.0,261,1
17103.0,424.3,1,471,13.259375,2009-12-17 14:08:00,2009-12-17 14:08:00,0,1.0,1.0,0.9008492569002124,471.0,721,1
17104.0,474.03,1,149,24.94894736842105,2010-10-12 12:21:00,2010-10-12 12:21:00,0,1.0,1.0,3.181409395973154,149.0,423,1
17105.0,665.78,2,693,7.397555555555555,2011-02-06 14:46:00,2011-07-03 15:53:00,147,4.9,0.4081632653061224,0.9607215007215006,346.5,158,1
17106.0,491.23,1,156,9.268490566037736,2010-11-15 14:11:00,2010-11-15 14:11:00,0,1.0,1.0,3.1489102564102565,156.0,388,1
17107.0,15616.82,13,7232,22.765043731778427,2010-01-31 15:47:00,2011-11-07 08:41:00,644,21.466666666666665,0.6055900621118013,2.1594054203539823,556.3076923076923,32,0
17108.0,174.95,1,31,19.438888888888886,2010-02-14 12:22:00,2010-02-14 12:22:00,0,1.0,1.0,5.643548387096774,31.0,663,1
17109.0,1280.1,10,773,8.889583333333333,2010-07-30 12:42:00,2011-11-10 16:59:00,468,15.6,0.6410256410256411,1.6560155239327294,77.3,28,0
17110.0,510.7,3,142,10.013725490196078,2010-04-08 13:32:00,2011-06-27 12:58:00,444,14.8,0.2027027027027027,3.5964788732394366,47.333333333333336,164,1
17111.0,476.58,2,601,9.726122448979591,2010-10-10 15:21:00,2011-10-23 15:59:00,378,12.6,0.1587301587301587,0.7929783693843594,300.5,46,0
17112.0,205.17,1,134,4.1034,2010-07-25 11:14:00,2010-07-25 11:14:00,0,1.0,1.0,1.5311194029850743,134.0,502,1
17113.0,2109.16,8,816,12.262558139534883,2010-01-11 10:14:00,2010-07-22 17:00:00,192,6.4,1.25,2.584754901960784,102.0,504,1
17114.0,747.22,10,210,5.534962962962963,2011-01-09 11:39:00,2011-12-04 12:17:00,329,10.966666666666669,0.9118541033434652,3.558190476190476,21.0,5,0
17115.0,2616.29,13,865,20.281317829457365,2009-12-05 12:13:00,2011-12-01 14:30:00,726,24.2,0.5371900826446281,3.0246127167630057,66.53846153846153,7,0
17116.0,389.78,1,392,8.293191489361702,2010-03-01 16:29:00,2010-03-01 16:29:00,0,1.0,1.0,0.9943367346938776,392.0,647,1
17117.0,116.2,1,68,12.911111111111111,2011-02-24 13:54:00,2011-02-24 13:54:00,0,1.0,1.0,1.7088235294117649,68.0,287,1
17118.0,157.01999999999998,1,154,15.701999999999998,2011-01-26 12:19:00,2011-01-26 12:19:00,0,1.0,1.0,1.0196103896103894,154.0,317,1
17119.0,593.61,3,327,15.621315789473684,2011-10-11 11:03:00,2011-12-06 14:40:00,56,1.8666666666666667,1.6071428571428572,1.8153211009174317,109.0,2,0
17120.0,307.46,1,120,17.08111111111111,2011-04-20 15:21:00,2011-04-20 15:21:00,0,1.0,1.0,2.5621666666666667,120.0,232,1
17121.0,314.74,1,106,26.22833333333333,2010-11-02 11:47:00,2010-11-02 11:47:00,0,1.0,1.0,2.969245283018868,106.0,402,1
17122.0,570.5,4,368,19.016666666666666,2010-07-28 09:34:00,2011-08-12 14:33:00,380,12.666666666666666,0.3157894736842105,1.5502717391304348,92.0,118,1
17123.0,977.17,3,676,22.724883720930237,2010-05-16 11:52:00,2011-07-01 10:47:00,410,13.666666666666666,0.2195121951219512,1.4455177514792898,225.33333333333331,161,1
17124.0,298.89,1,130,9.3403125,2011-06-07 14:02:00,2011-06-07 14:02:00,0,1.0,1.0,2.299153846153846,130.0,184,1
17125.0,259.35,1,291,6.483750000000001,2011-10-20 14:41:00,2011-10-20 14:41:00,0,1.0,1.0,0.8912371134020619,291.0,49,0
17126.0,2057.54,11,1466,4.313501048218029,2010-08-31 13:41:00,2011-07-10 13:52:00,313,10.433333333333334,1.0543130990415337,1.403506139154161,133.27272727272728,151,1
17127.0,1155.0300000000002,5,340,31.217027027027036,2009-12-04 15:18:00,2010-10-07 09:54:00,306,10.2,0.4901960784313726,3.39714705882353,68.0,428,1
17128.0,157.09,1,76,11.220714285714283,2011-01-09 12:02:00,2011-01-09 12:02:00,0,1.0,1.0,2.0669736842105264,76.0,334,1
17129.0,31.85,1,5,15.925,2010-07-07 13:46:00,2010-07-07 13:46:00,0,1.0,1.0,6.37,5.0,519,1
17130.0,-18.38,1,-1,-18.38,2010-01-26 16:47:00,2010-01-26 16:47:00,0,1.0,1.0,18.38,-1.0,681,1
17131.0,2463.17,5,983,18.38186567164179,2011-09-25 12:42:00,2011-12-04 12:52:00,70,2.333333333333333,2.142857142857143,2.505768056968464,196.6,4,0
17132.0,1272.8,2,980,16.317948717948717,2010-08-08 13:49:00,2010-09-13 16:31:00,36,1.2,1.6666666666666667,1.2987755102040817,490.0,451,1
17133.0,12972.09,13,9019,205.9061904761905,2010-03-21 12:31:00,2011-11-24 12:27:00,612,20.4,0.6372549019607844,1.438306907639428,693.7692307692307,15,0
17134.0,637.1,3,148,17.21891891891892,2010-09-23 18:32:00,2011-08-25 09:53:00,335,11.166666666666666,0.2686567164179104,4.30472972972973,49.333333333333336,106,1
17135.0,1943.24,11,1896,12.069813664596271,2010-05-09 16:03:00,2011-11-23 16:48:00,563,18.766666666666666,0.5861456483126111,1.024915611814346,172.36363636363637,15,0
17136.0,231.68,1,256,16.548571428571428,2010-02-15 13:13:00,2010-02-15 13:13:00,0,1.0,1.0,0.905,256.0,661,1
17137.0,1133.63,6,697,6.441079545454546,2010-01-31 12:27:00,2010-10-19 14:51:00,261,8.7,0.6896551724137931,1.6264418938307033,116.16666666666669,415,1
17138.0,4417.27,7,2024,17.2549609375,2010-02-04 14:19:00,2011-03-09 11:54:00,397,13.233333333333333,0.5289672544080605,2.182445652173913,289.1428571428572,275,1
17139.0,19491.61,29,9839,23.79927960927961,2010-01-11 11:31:00,2011-11-24 10:12:00,681,22.7,1.277533039647577,1.9810560016261816,339.2758620689655,15,0
17140.0,465.32,1,302,23.266,2011-04-06 13:33:00,2011-04-06 13:33:00,0,1.0,1.0,1.540794701986755,302.0,246,1
17141.0,754.33,4,436,4.335229885057472,2010-01-24 14:19:00,2010-10-17 14:54:00,266,8.866666666666667,0.4511278195488721,1.7301146788990829,109.0,417,1
17142.0,1283.75,4,323,14.26388888888889,2010-01-24 15:23:00,2011-04-14 18:22:00,445,14.833333333333334,0.2696629213483146,3.974458204334365,80.75,238,1
17143.0,924.11,2,330,7.637272727272728,2010-07-12 13:26:00,2010-10-18 15:27:00,98,3.2666666666666666,0.6122448979591837,2.8003333333333336,165.0,416,1
17144.0,984.57,2,483,20.511875,2011-09-16 12:50:00,2011-12-08 17:57:00,83,2.7666666666666666,0.7228915662650602,2.038447204968944,241.5,0,0
17145.0,3014.64,7,2563,16.20774193548387,2010-02-19 12:07:00,2010-08-31 16:53:00,193,6.433333333333334,1.088082901554404,1.1762153726102222,366.1428571428572,464,1
17146.0,5795.99,16,2176,18.75724919093851,2010-02-02 09:39:00,2011-08-26 12:44:00,570,19.0,0.8421052631578947,2.6635983455882357,136.0,105,1
17147.0,3069.15,16,1295,20.87857142857143,2010-01-11 09:38:00,2011-11-17 12:32:00,675,22.5,0.7111111111111111,2.37,80.9375,22,0
17148.0,124.88,1,82,13.875555555555556,2011-10-19 09:59:00,2011-10-19 09:59:00,0,1.0,1.0,1.5229268292682927,82.0,51,0
17149.0,143.10000000000002,1,18,23.850000000000005,2010-09-14 14:56:00,2010-09-14 14:56:00,0,1.0,1.0,7.950000000000001,18.0,450,1
17150.0,1375.65,6,403,14.791935483870969,2009-12-06 10:51:00,2010-11-28 11:27:00,357,11.9,0.5042016806722689,3.413523573200993,67.16666666666667,376,1
17151.0,231.90000000000003,1,42,57.97500000000001,2009-12-04 14:56:00,2009-12-04 14:56:00,0,1.0,1.0,5.521428571428572,42.0,734,1
17152.0,1830.5,5,537,101.69444444444444,2010-10-10 12:40:00,2011-05-29 12:19:00,230,7.666666666666667,0.6521739130434783,3.408752327746741,107.4,194,1
17153.0,213.78,1,104,15.27,2011-11-15 13:42:00,2011-11-15 13:42:00,0,1.0,1.0,2.055576923076923,104.0,23,0
17154.0,329.34,1,490,14.319130434782608,2011-09-25 13:42:00,2011-09-25 13:42:00,0,1.0,1.0,0.6721224489795918,490.0,74,0
17155.0,892.46,7,987,12.225479452054795,2009-12-03 11:34:00,2011-11-22 12:38:00,719,23.966666666666665,0.2920723226703755,0.9042147922998988,141.0,17,0
17156.0,572.07,2,385,13.952926829268296,2010-08-05 11:30:00,2010-08-12 15:53:00,7,0.2333333333333333,8.571428571428571,1.485896103896104,192.5,483,1
17157.0,5139.45,20,2089,35.94020979020979,2009-12-04 13:00:00,2011-12-02 09:10:00,727,24.23333333333333,0.8253094910591472,2.4602441359502154,104.45,7,0
17158.0,1962.3,6,1143,17.063478260869566,2010-03-07 15:50:00,2011-11-07 15:15:00,609,20.3,0.2955665024630541,1.7167979002624671,190.5,31,0
17159.0,2095.44,6,1347,15.995725190839694,2010-03-04 14:53:00,2011-11-18 10:52:00,623,20.766666666666666,0.2889245585874799,1.5556347438752784,224.5,21,0
17160.0,10201.36,18,8386,15.574595419847329,2009-12-04 10:57:00,2011-11-08 14:05:00,704,23.466666666666665,0.7670454545454546,1.216475077510136,465.8888888888889,30,0
17161.0,856.01,1,537,16.46173076923077,2010-09-21 16:44:00,2010-09-21 16:44:00,0,1.0,1.0,1.5940595903165735,537.0,443,1
17162.0,1707.21,11,1000,16.25914285714286,2011-02-07 12:27:00,2011-11-11 11:34:00,276,9.2,1.1956521739130437,1.70721,90.9090909090909,28,0
17163.0,699.78,4,531,23.326,2010-02-02 10:39:00,2011-11-18 08:57:00,653,21.766666666666666,0.1837672281776416,1.317853107344633,132.75,21,0
17164.0,2466.4,8,1500,17.009655172413794,2011-03-11 14:26:00,2011-11-07 09:14:00,240,8.0,1.0,1.6442666666666668,187.5,32,0
17165.0,1783.63,8,785,17.316796116504854,2009-12-11 09:18:00,2011-02-28 16:39:00,444,14.8,0.5405405405405405,2.272140127388535,98.125,283,1
17166.0,189.49,3,75,13.535,2011-05-20 08:18:00,2011-11-01 09:46:00,165,5.5,0.5454545454545454,2.526533333333333,25.0,38,0
17167.0,867.11,3,429,10.97607594936709,2010-09-20 14:02:00,2010-11-25 10:05:00,65,2.1666666666666665,1.3846153846153848,2.0212354312354317,143.0,379,1
17168.0,400.2,1,220,19.057142857142857,2010-07-29 12:33:00,2010-07-29 12:33:00,0,1.0,1.0,1.819090909090909,220.0,498,1
17169.0,1129.88,6,659,13.292705882352942,2010-05-10 13:00:00,2011-10-20 19:15:00,528,17.6,0.3409090909090909,1.71453717754173,109.83333333333331,49,0
17170.0,118.98,3,146,10.816363636363636,2010-11-02 17:45:00,2010-11-30 15:55:00,27,0.9,3.333333333333333,0.8149315068493151,48.66666666666666,373,1
17171.0,384.59,2,225,15.3836,2010-02-16 12:02:00,2011-02-23 16:37:00,372,12.4,0.1612903225806451,1.7092888888888889,112.5,288,1
17172.0,910.99,6,1198,21.18581395348837,2009-12-13 11:46:00,2011-09-26 12:04:00,652,21.73333333333333,0.2760736196319018,0.7604257095158597,199.66666666666663,74,0
17173.0,3755.65,9,1121,43.1683908045977,2011-07-31 15:26:00,2011-12-04 14:40:00,125,4.166666666666667,2.16,3.3502676181980378,124.55555555555556,4,0
17174.0,59.9,1,41,14.975,2011-05-06 11:47:00,2011-05-06 11:47:00,0,1.0,1.0,1.4609756097560975,41.0,217,1
17175.0,1430.94,5,865,22.3584375,2011-02-16 14:56:00,2011-10-26 15:31:00,252,8.4,0.5952380952380952,1.6542658959537573,173.0,43,0
17176.0,902.32,3,576,21.483809523809523,2010-01-31 15:49:00,2011-05-22 12:41:00,475,15.833333333333334,0.1894736842105263,1.5665277777777775,192.0,201,1
17177.0,119.5,1,40,4.120689655172414,2010-07-22 14:53:00,2010-07-22 14:53:00,0,1.0,1.0,2.9875,40.0,504,1
17178.0,436.71,1,101,13.6471875,2009-12-08 16:20:00,2009-12-08 16:20:00,0,1.0,1.0,4.323861386138614,101.0,730,1
17179.0,1507.26,6,625,9.539620253164555,2010-05-26 11:22:00,2011-06-14 16:48:00,384,12.8,0.46875,2.411616,104.16666666666669,177,1
17180.0,2236.33,14,1822,5.401763285024154,2010-01-21 17:43:00,2011-10-14 15:46:00,630,21.0,0.6666666666666666,1.227403951701427,130.14285714285714,55,0
17181.0,465.37,3,484,15.512333333333334,2010-04-23 11:21:00,2011-10-13 14:48:00,538,17.933333333333334,0.1672862453531598,0.96150826446281,161.33333333333334,56,0
17182.0,321.3,2,54,53.55,2009-12-21 15:22:00,2010-10-13 10:09:00,295,9.833333333333334,0.2033898305084745,5.95,27.0,422,1
17183.0,3286.9100000000003,8,1264,43.24881578947369,2011-08-26 15:25:00,2011-12-02 10:07:00,97,3.2333333333333334,2.4742268041237114,2.6004034810126586,158.0,7,0
17184.0,198.41,2,73,14.172142857142855,2009-12-09 14:17:00,2010-05-19 14:24:00,161,5.366666666666666,0.3726708074534162,2.717945205479452,36.5,568,1
17185.0,229.46,3,119,5.215,2010-04-20 13:49:00,2010-04-27 12:15:00,6,0.2,15.0,1.928235294117647,39.66666666666666,591,1
17186.0,144.0,2,200,72.0,2011-10-10 12:52:00,2011-10-24 10:20:00,13,0.4333333333333333,4.615384615384615,0.72,100.0,46,0
17187.0,467.71,2,426,20.335217391304347,2010-07-01 14:38:00,2011-04-27 12:39:00,299,9.966666666666669,0.2006688963210702,1.0979107981220655,213.0,226,1
17188.0,4361.83,17,2535,23.9660989010989,2009-12-08 19:16:00,2011-11-28 13:53:00,719,23.966666666666665,0.7093184979137692,1.7206429980276134,149.11764705882354,10,0
17189.0,957.63,5,604,7.785609756097561,2009-12-02 11:45:00,2011-08-25 19:39:00,631,21.03333333333333,0.2377179080824088,1.5854801324503311,120.8,105,1
17190.0,1548.04,8,2224,7.898163265306122,2010-03-05 13:21:00,2011-10-12 11:33:00,585,19.5,0.4102564102564102,0.6960611510791367,278.0,58,0
17191.0,4810.55,16,2534,8.351649305555556,2009-12-01 16:34:00,2011-11-11 16:58:00,710,23.666666666666668,0.676056338028169,1.898401736385162,158.375,27,0
17192.0,77.83,1,46,3.706190476190476,2010-06-21 16:07:00,2010-06-21 16:07:00,0,1.0,1.0,1.6919565217391304,46.0,535,1
17193.0,2254.6,12,1616,46.97083333333333,2009-12-02 10:02:00,2011-11-04 12:47:00,702,23.4,0.5128205128205129,1.3951732673267323,134.66666666666666,35,0
17194.0,812.5,3,420,13.31967213114754,2010-06-27 13:16:00,2011-03-11 12:05:00,256,8.533333333333333,0.3515625,1.934523809523809,140.0,273,1
17195.0,562.98,1,486,18.16064516129032,2010-02-22 13:05:00,2010-02-22 13:05:00,0,1.0,1.0,1.1583950617283951,486.0,654,1
17196.0,352.9,1,168,3.3932692307692305,2010-10-08 11:31:00,2010-10-08 11:31:00,0,1.0,1.0,2.100595238095238,168.0,427,1
17197.0,1013.01,1,191,34.93137931034483,2011-11-10 10:32:00,2011-11-10 10:32:00,0,1.0,1.0,5.303717277486911,191.0,29,0
17198.0,1213.88,3,599,7.016647398843931,2010-12-03 14:54:00,2011-11-16 10:39:00,347,11.566666666666666,0.2593659942363112,2.026510851419032,199.66666666666663,23,0
17199.0,145.12,1,304,16.124444444444446,2010-05-06 13:53:00,2010-05-06 13:53:00,0,1.0,1.0,0.4773684210526316,304.0,581,1
17200.0,356.71,4,367,14.2684,2010-02-25 13:23:00,2010-11-17 13:04:00,264,8.8,0.4545454545454545,0.9719618528610352,91.75,386,1
17201.0,1226.44,5,1051,6.558502673796792,2010-02-10 12:26:00,2011-10-17 11:55:00,613,20.433333333333334,0.2446982055464926,1.1669267364414844,210.2,53,0
17202.0,160.65,1,55,20.08125,2010-10-15 11:25:00,2010-10-15 11:25:00,0,1.0,1.0,2.920909090909091,55.0,420,1
17203.0,5575.88,10,4606,20.651407407407408,2010-11-16 12:52:00,2011-11-04 12:27:00,352,11.733333333333333,0.8522727272727273,1.2105688232739904,460.6,35,0
17204.0,5263.6900000000005,15,2591,27.70363157894737,2010-06-10 11:37:00,2011-06-23 13:54:00,378,12.6,1.1904761904761905,2.0315283674257048,172.73333333333332,168,1
17205.0,999.35,3,2214,28.552857142857142,2010-05-24 15:36:00,2011-10-17 12:46:00,510,17.0,0.1764705882352941,0.4513775971093044,738.0,53,0
17206.0,204.24,1,76,29.177142857142854,2011-10-17 13:25:00,2011-10-17 13:25:00,0,1.0,1.0,2.687368421052632,76.0,52,0
17207.0,303.22,1,241,4.525671641791044,2010-02-25 19:08:00,2010-02-25 19:08:00,0,1.0,1.0,1.258174273858921,241.0,651,1
17208.0,115.35,1,103,4.80625,2010-11-09 12:50:00,2010-11-09 12:50:00,0,1.0,1.0,1.119902912621359,103.0,395,1
17209.0,611.6,3,731,15.29,2009-12-03 11:10:00,2010-02-28 16:01:00,87,2.9,1.0344827586206895,0.8366621067031464,243.66666666666663,648,1
17210.0,253.37,1,243,4.6920370370370375,2010-11-12 12:15:00,2010-11-12 12:15:00,0,1.0,1.0,1.0426748971193416,243.0,392,1
17211.0,4002.1,15,2328,10.531842105263156,2009-12-13 13:17:00,2011-11-13 12:03:00,699,23.3,0.6437768240343348,1.719115120274914,155.2,26,0
17212.0,794.41,3,727,27.393448275862067,2010-08-10 09:22:00,2011-03-31 19:42:00,233,7.766666666666667,0.3862660944206008,1.092723521320495,242.33333333333331,252,1
17213.0,5078.93,20,2157,17.043389261744966,2009-12-08 12:51:00,2011-10-30 14:53:00,691,23.03333333333333,0.8683068017366136,2.354626796476588,107.85,39,0
17214.0,984.12,7,275,9.462692307692308,2010-12-15 15:14:00,2011-10-10 13:17:00,298,9.933333333333334,0.7046979865771812,3.578618181818182,39.285714285714285,59,0
17215.0,186.15,1,104,16.922727272727272,2010-09-01 13:39:00,2010-09-01 13:39:00,0,1.0,1.0,1.789903846153846,104.0,463,1
17216.0,65.05,1,22,4.646428571428571,2010-06-03 13:03:00,2010-06-03 13:03:00,0,1.0,1.0,2.9568181818181816,22.0,553,1
17217.0,218.0,2,95,7.517241379310345,2010-03-30 13:35:00,2011-04-19 17:19:00,385,12.833333333333334,0.1558441558441558,2.294736842105263,47.5,233,1
17218.0,4192.68,18,2200,7.986057142857144,2010-01-25 16:12:00,2011-12-05 13:52:00,678,22.6,0.7964601769911503,1.9057636363636363,122.22222222222224,3,0
17219.0,259.13,2,188,5.1826,2010-10-19 11:29:00,2011-11-08 11:25:00,384,12.8,0.15625,1.3783510638297871,94.0,31,0
17220.0,4481.75,21,2699,6.581130690161527,2010-01-20 11:57:00,2011-11-15 13:47:00,664,22.133333333333333,0.9487951807228916,1.660522415709522,128.52380952380952,23,0
17221.0,978.52,5,715,7.766031746031746,2010-04-11 15:34:00,2011-12-02 13:35:00,599,19.966666666666665,0.2504173622704507,1.3685594405594406,143.0,6,0
17222.0,1605.01,6,863,14.203628318584071,2010-01-10 15:24:00,2011-10-05 13:58:00,632,21.066666666666663,0.2848101265822785,1.8598030127462344,143.83333333333334,64,0
17223.0,873.53,3,222,8.648811881188118,2010-11-29 17:19:00,2011-02-02 15:57:00,64,2.1333333333333333,1.40625,3.93481981981982,74.0,309,1
17224.0,100.86,1,65,12.6075,2010-07-26 13:30:00,2010-07-26 13:30:00,0,1.0,1.0,1.5516923076923077,65.0,500,1
17225.0,131.15,1,36,26.23,2010-05-07 11:38:00,2010-05-07 11:38:00,0,1.0,1.0,3.643055555555556,36.0,581,1
17226.0,900.12,3,855,14.756065573770492,2010-02-12 14:31:00,2011-02-04 11:52:00,356,11.866666666666667,0.2528089887640449,1.0527719298245617,285.0,308,1
17227.0,2022.03,12,1774,16.17624,2010-01-15 15:05:00,2011-11-21 10:51:00,674,22.466666666666665,0.5341246290801187,1.1398139797068771,147.83333333333334,18,0
17228.0,3177.24,13,2568,8.874972067039106,2010-03-12 11:54:00,2011-11-24 10:24:00,621,20.7,0.6280193236714976,1.2372429906542055,197.53846153846155,15,0
17229.0,318.76,2,185,6.782127659574468,2011-07-20 12:38:00,2011-09-04 13:56:00,46,1.5333333333333334,1.3043478260869563,1.723027027027027,92.5,95,1
17230.0,9695.91,23,3799,42.15613043478261,2009-12-08 13:41:00,2011-03-20 16:12:00,467,15.566666666666666,1.4775160599571735,2.5522269018162675,165.17391304347825,263,1
17231.0,7091.07,35,3720,5.66379392971246,2009-12-07 16:38:00,2011-11-27 15:18:00,719,23.966666666666665,1.4603616133518778,1.9062016129032255,106.28571428571428,11,0
17232.0,421.52,2,203,11.708888888888888,2011-11-25 12:24:00,2011-12-07 12:21:00,11,0.3666666666666666,5.454545454545455,2.076453201970444,101.5,2,0
17233.0,560.86,3,298,9.67,2009-12-15 12:03:00,2011-11-04 14:06:00,689,22.966666666666665,0.1306240928882438,1.882080536912752,99.33333333333331,34,0
17234.0,149.89,1,55,10.706428571428573,2011-06-10 11:20:00,2011-06-10 11:20:00,0,1.0,1.0,2.725272727272728,55.0,182,1
17235.0,1904.88,8,971,19.24121212121212,2010-06-04 17:01:00,2011-11-14 15:51:00,527,17.566666666666666,0.4554079696394687,1.961771369721936,121.375,24,0
17236.0,1929.26,12,804,12.210506329113924,2010-03-07 13:00:00,2011-11-27 12:00:00,629,20.966666666666665,0.5723370429252783,2.399577114427861,67.0,12,0
17237.0,1002.08,4,415,12.526,2010-11-23 11:45:00,2011-11-28 15:02:00,370,12.333333333333334,0.3243243243243243,2.4146506024096386,103.75,10,0
17238.0,7783.1,32,3720,6.322583265637693,2009-12-01 10:59:00,2011-12-07 11:35:00,736,24.53333333333333,1.3043478260869563,2.092231182795699,116.25,2,0
17239.0,1174.15,6,513,34.53382352941177,2009-12-10 15:58:00,2011-01-31 09:41:00,416,13.866666666666667,0.4326923076923076,2.2887914230019497,85.5,312,1
17240.0,130.6,1,108,18.65714285714285,2010-04-22 15:44:00,2010-04-22 15:44:00,0,1.0,1.0,1.2092592592592593,108.0,595,1
17241.0,2744.14,12,865,16.047602339181285,2010-02-15 14:47:00,2010-11-19 13:01:00,276,9.2,1.3043478260869563,3.172416184971098,72.08333333333333,384,1
17242.0,2889.28,5,1459,34.39619047619048,2010-01-24 10:27:00,2011-08-23 14:55:00,576,19.2,0.2604166666666667,1.9803152844413985,291.8,107,1
17243.0,20709.21,80,8171,17.930051948051947,2009-12-01 15:36:00,2011-12-08 13:26:00,736,24.53333333333333,3.260869565217391,2.5344768082242077,102.1375,0,0
17244.0,1826.04,5,1419,15.217,2009-12-06 11:27:00,2011-10-17 15:19:00,680,22.666666666666668,0.2205882352941176,1.2868498942917548,283.8,52,0
17245.0,371.63,2,307,14.8652,2010-01-19 15:39:00,2011-05-19 10:43:00,484,16.133333333333333,0.1239669421487603,1.2105211726384364,153.5,204,1
17246.0,38.92,2,36,6.486666666666667,2009-12-01 17:45:00,2010-06-11 12:36:00,191,6.366666666666666,0.3141361256544502,1.0811111111111111,18.0,546,1
17247.0,282.19,1,106,5.130727272727273,2011-11-24 15:21:00,2011-11-24 15:21:00,0,1.0,1.0,2.6621698113207546,106.0,14,0
17248.0,546.16,2,292,4.668034188034188,2010-08-15 11:55:00,2011-08-11 13:34:00,361,12.033333333333331,0.1662049861495844,1.8704109589041096,146.0,119,1
17249.0,68.03,1,79,2.51962962962963,2010-10-07 11:33:00,2010-10-07 11:33:00,0,1.0,1.0,0.8611392405063292,79.0,428,1
17250.0,384.52,2,168,6.7459649122807015,2011-03-23 16:45:00,2011-12-06 12:15:00,257,8.566666666666666,0.2334630350194552,2.288809523809524,84.0,3,0
17251.0,803.73,4,377,9.80158536585366,2009-12-15 10:36:00,2010-12-12 11:06:00,362,12.066666666666666,0.3314917127071823,2.1319098143236075,94.25,362,1
17252.0,353.86,2,193,4.067356321839081,2011-06-06 16:41:00,2011-08-15 09:45:00,69,2.3,0.8695652173913044,1.8334715025906736,96.5,116,1
17253.0,178.26,1,43,9.903333333333332,2011-11-21 12:59:00,2011-11-21 12:59:00,0,1.0,1.0,4.145581395348837,43.0,17,0
17254.0,470.73,3,398,3.180608108108108,2010-11-03 14:00:00,2011-12-05 12:46:00,396,13.2,0.2272727272727273,1.1827386934673367,132.66666666666666,4,0
17255.0,799.13,4,594,4.205947368421053,2010-09-19 15:53:00,2011-10-30 12:18:00,405,13.5,0.2962962962962963,1.3453367003367005,148.5,40,0
17256.0,498.93,5,299,16.094516129032257,2010-04-18 13:40:00,2011-08-24 13:30:00,492,16.4,0.3048780487804878,1.6686622073578596,59.8,106,1
17257.0,192.73,2,188,12.848666666666666,2010-09-29 12:49:00,2010-09-29 12:51:00,0,1.0,2.0,1.025159574468085,94.0,435,1
17258.0,417.3,2,188,7.587272727272728,2010-02-12 15:51:00,2010-11-08 12:37:00,268,8.933333333333334,0.2238805970149253,2.21968085106383,94.0,396,1
17259.0,1889.34,6,1158,5.725272727272727,2010-02-22 13:38:00,2011-07-14 15:01:00,507,16.9,0.3550295857988166,1.6315544041450776,193.0,147,1
17260.0,120.95,1,23,20.15833333333333,2010-10-24 13:21:00,2010-10-24 13:21:00,0,1.0,1.0,5.258695652173913,23.0,410,1
17261.0,230.44,1,98,5.009565217391304,2010-07-18 11:49:00,2010-07-18 11:49:00,0,1.0,1.0,2.3514285714285714,98.0,509,1
17262.0,2757.62,11,709,131.3152380952381,2009-12-15 11:26:00,2011-10-18 12:56:00,672,22.4,0.4910714285714286,3.889449929478138,64.45454545454545,51,0
17263.0,63.44,1,36,2.758260869565217,2011-05-15 14:32:00,2011-05-15 14:32:00,0,1.0,1.0,1.762222222222222,36.0,207,1
17264.0,279.59,1,227,3.3284523809523807,2010-10-11 12:52:00,2010-10-11 12:52:00,0,1.0,1.0,1.2316740088105729,227.0,423,1
17265.0,562.9,2,394,4.432283464566929,2011-06-12 12:00:00,2011-07-24 10:49:00,41,1.3666666666666667,1.4634146341463414,1.428680203045685,197.0,138,1
17266.0,517.73,5,252,4.0766141732283465,2010-03-09 10:42:00,2011-12-07 14:12:00,638,21.266666666666666,0.2351097178683385,2.054484126984127,50.4,1,0
17267.0,317.62,2,159,8.358421052631579,2011-08-04 17:19:00,2011-08-04 17:22:00,0,1.0,2.0,1.9976100628930815,79.5,126,1
17268.0,1733.89,11,1395,57.79633333333333,2009-12-08 11:46:00,2011-08-24 10:06:00,623,20.766666666666666,0.5296950240770466,1.242931899641577,126.8181818181818,107,1
17269.0,537.46,1,336,3.681232876712329,2010-11-19 11:12:00,2010-11-19 11:12:00,0,1.0,1.0,1.5995833333333334,336.0,385,1
17270.0,604.4,2,421,12.33469387755102,2009-12-07 17:18:00,2010-08-27 14:09:00,262,8.733333333333333,0.2290076335877862,1.4356294536817102,210.5,468,1
17271.0,210.39,1,117,4.045961538461539,2009-12-03 13:49:00,2009-12-03 13:49:00,0,1.0,1.0,1.798205128205128,117.0,735,1
17272.0,2144.53,5,1776,18.4873275862069,2011-03-22 12:05:00,2011-10-28 16:37:00,220,7.333333333333333,0.6818181818181819,1.2075056306306309,355.2,41,0
17273.0,141.12,1,133,11.76,2010-10-11 15:57:00,2010-10-11 15:57:00,0,1.0,1.0,1.0610526315789477,133.0,423,1
17274.0,577.38,2,273,7.308607594936709,2010-11-09 12:06:00,2011-11-04 13:16:00,360,12.0,0.1666666666666666,2.114945054945055,136.5,34,0
17275.0,114.52,1,72,4.7716666666666665,2010-11-21 13:26:00,2010-11-21 13:26:00,0,1.0,1.0,1.5905555555555555,72.0,382,1
17276.0,451.34,2,184,7.918245614035087,2010-11-02 16:20:00,2010-11-05 10:42:00,2,0.0666666666666666,30.0,2.452934782608696,92.0,399,1
17277.0,1065.35,2,430,15.439855072463766,2011-01-21 12:37:00,2011-04-26 12:47:00,95,3.1666666666666665,0.6315789473684211,2.477558139534884,215.0,227,1
17278.0,271.24,2,195,15.95529411764706,2010-05-23 13:49:00,2011-04-12 13:10:00,323,10.766666666666667,0.1857585139318885,1.390974358974359,97.5,240,1
17279.0,187.83,1,48,20.87,2011-10-13 11:58:00,2011-10-13 11:58:00,0,1.0,1.0,3.913125,48.0,57,0
17280.0,118.86,1,74,19.81,2010-09-27 16:46:00,2010-09-27 16:46:00,0,1.0,1.0,1.606216216216216,74.0,437,1
17281.0,797.8499999999999,6,295,132.975,2010-02-04 13:00:00,2010-11-30 18:05:00,299,9.966666666666669,0.6020066889632107,2.7045762711864403,49.16666666666666,373,1
17282.0,2339.66,5,2351,10.78184331797235,2010-06-09 12:07:00,2011-08-01 14:29:00,418,13.933333333333334,0.3588516746411483,0.9951765206295192,470.2,129,1
17283.0,188.46,1,179,12.564,2010-11-26 11:53:00,2010-11-26 11:53:00,0,1.0,1.0,1.0528491620111733,179.0,378,1
17284.0,2328.22,11,2067,6.159312169312169,2010-09-20 15:54:00,2011-10-10 14:38:00,384,12.8,0.859375,1.1263763909046929,187.9090909090909,59,0
17285.0,428.34,2,140,8.741632653061224,2010-02-14 14:10:00,2010-03-21 13:38:00,34,1.1333333333333333,1.7647058823529411,3.0595714285714286,70.0,627,1
17286.0,395.48,3,371,4.25247311827957,2010-11-04 13:43:00,2011-11-18 12:47:00,378,12.6,0.2380952380952381,1.0659838274932616,123.66666666666669,21,0
17287.0,4095.71,23,2097,8.24086519114688,2009-12-03 12:45:00,2011-11-13 13:27:00,710,23.666666666666668,0.9718309859154928,1.9531282784930852,91.17391304347828,25,0
17288.0,2499.98,11,1706,8.474508474576272,2010-11-10 14:44:00,2011-11-30 16:09:00,385,12.833333333333334,0.8571428571428571,1.4654044548651817,155.0909090909091,8,0
17289.0,2069.89,11,1258,7.366156583629893,2010-03-08 12:52:00,2011-11-08 12:01:00,609,20.3,0.541871921182266,1.6453815580286169,114.36363636363636,31,0
17290.0,1501.44,8,1147,7.396256157635468,2009-12-13 13:28:00,2011-12-06 12:38:00,722,24.066666666666663,0.3324099722991689,1.3090148212728858,143.375,3,0
17291.0,550.8000000000001,1,72,550.8000000000001,2011-02-04 13:04:00,2011-02-04 13:04:00,0,1.0,1.0,7.650000000000001,72.0,307,1
17292.0,271.75,2,131,18.116666666666667,2010-05-09 14:52:00,2010-08-24 17:14:00,107,3.566666666666667,0.5607476635514018,2.0744274809160306,65.5,471,1
17293.0,3774.23,17,2234,15.405020408163264,2009-12-03 15:09:00,2011-12-01 14:37:00,727,24.23333333333333,0.7015130674002751,1.689449418084154,131.41176470588235,7,0
17294.0,467.79,2,297,27.51705882352941,2010-02-08 14:21:00,2010-02-08 16:12:00,0,1.0,2.0,1.575050505050505,148.5,668,1
17295.0,556.95,3,294,8.071739130434784,2011-10-06 12:22:00,2011-11-11 10:49:00,35,1.1666666666666667,2.571428571428571,1.894387755102041,98.0,28,0
17296.0,338.13,1,216,10.246363636363636,2009-12-09 14:01:00,2009-12-09 14:01:00,0,1.0,1.0,1.565416666666667,216.0,729,1
17297.0,131.78,1,67,2.583921568627451,2011-11-22 14:43:00,2011-11-22 14:43:00,0,1.0,1.0,1.9668656716417912,67.0,16,0
17298.0,952.52,6,842,13.415774647887323,2010-03-08 08:56:00,2011-08-30 16:43:00,540,18.0,0.3333333333333333,1.1312589073634205,140.33333333333334,100,1
17299.0,1016.08,6,934,8.467333333333334,2010-08-15 16:00:00,2011-11-28 12:01:00,469,15.633333333333333,0.3837953091684435,1.087880085653105,155.66666666666666,11,0
17300.0,393.64,2,467,8.946363636363635,2010-08-15 11:02:00,2010-11-14 10:56:00,90,3.0,0.6666666666666666,0.8429122055674518,233.5,390,1
17301.0,330.43,2,229,2.730826446280992,2010-03-25 13:16:00,2011-11-18 13:43:00,603,20.1,0.099502487562189,1.4429257641921398,114.5,20,0
17302.0,1119.93,6,573,13.826296296296295,2011-02-07 10:14:00,2011-11-25 09:36:00,290,9.666666666666666,0.6206896551724138,1.9545026178010472,95.5,14,0
17303.0,250.04,1,144,4.717735849056604,2010-12-13 13:32:00,2010-12-13 13:32:00,0,1.0,1.0,1.7363888888888888,144.0,360,1
17304.0,111.5,1,73,22.3,2010-06-23 16:23:00,2010-06-23 16:23:00,0,1.0,1.0,1.5273972602739727,73.0,533,1
17305.0,2135.46,1,1006,237.2733333333333,2010-03-01 12:47:00,2010-03-01 12:47:00,0,1.0,1.0,2.1227236580516897,1006.0,648,1
17306.0,9751.77,23,13726,130.02360000000002,2010-11-01 11:38:00,2011-11-29 12:14:00,393,13.1,1.7557251908396947,0.7104597114964302,596.7826086956521,10,0
17307.0,3225.67,15,3089,60.861698113207545,2010-01-19 16:36:00,2010-12-09 15:24:00,323,10.766666666666667,1.393188854489164,1.044244091939139,205.9333333333333,364,1
17308.0,4511.76,2,5148,644.5371428571428,2010-09-13 09:35:00,2010-11-11 13:19:00,59,1.9666666666666663,1.0169491525423728,0.8764102564102565,2574.0,392,1
17309.0,330.59,3,193,8.934864864864863,2010-02-04 15:49:00,2011-09-05 15:20:00,577,19.23333333333333,0.1559792027729636,1.712901554404145,64.33333333333333,94,1
17310.0,1025.1,2,402,512.55,2010-06-23 11:38:00,2010-11-17 16:00:00,147,4.9,0.4081632653061224,2.55,201.0,386,1
17311.0,3490.66,7,2709,27.05937984496124,2010-02-03 12:38:00,2011-09-22 14:11:00,596,19.866666666666667,0.3523489932885906,1.2885418973791067,387.0,77,0
17312.0,644.3,3,372,46.021428571428565,2011-07-03 13:12:00,2011-07-24 11:52:00,20,0.6666666666666666,4.5,1.731989247311828,124.0,138,1
17313.0,2288.13,2,1382,81.71892857142858,2011-11-08 15:45:00,2011-11-22 09:23:00,13,0.4333333333333333,4.615384615384615,1.6556657018813314,691.0,17,0
17314.0,4514.7,22,3225,15.785664335664334,2009-12-03 11:25:00,2011-11-15 09:41:00,711,23.7,0.9282700421940928,1.399906976744186,146.5909090909091,24,0
17315.0,9558.55,49,5091,12.34954780361757,2010-09-27 12:45:00,2011-12-09 11:58:00,437,14.566666666666666,3.3638443935926774,1.877538793950108,103.89795918367346,0,0
17316.0,124.45,1,44,3.5557142857142856,2010-10-15 14:35:00,2010-10-15 14:35:00,0,1.0,1.0,2.828409090909091,44.0,419,1
17317.0,2524.02,5,1074,229.45636363636365,2011-09-11 12:45:00,2011-10-24 17:26:00,43,1.4333333333333331,3.488372093023256,2.350111731843576,214.8,45,0
17318.0,164.28,1,60,9.126666666666669,2009-12-14 13:11:00,2009-12-14 13:11:00,0,1.0,1.0,2.738,60.0,724,1
17319.0,29.1,1,14,9.7,2010-02-08 15:47:00,2010-02-08 15:47:00,0,1.0,1.0,2.0785714285714287,14.0,668,1
17320.0,2895.77,6,1392,16.64235632183908,2010-01-21 16:29:00,2011-08-31 13:31:00,586,19.53333333333333,0.3071672354948805,2.080294540229885,232.0,99,1
17321.0,1741.18,6,817,5.9023050847457625,2010-05-11 12:10:00,2011-12-01 13:41:00,569,18.966666666666665,0.3163444639718805,2.131187270501836,136.16666666666666,7,0
17322.0,900.64,7,624,5.003555555555556,2009-12-03 11:46:00,2010-11-28 14:41:00,360,12.0,0.5833333333333334,1.4433333333333334,89.14285714285714,375,1
17323.0,1553.51,14,1436,4.569147058823529,2010-01-10 11:58:00,2011-11-24 17:29:00,683,22.766666666666666,0.6149341142020498,1.0818314763231198,102.57142857142856,14,0
17324.0,2148.87,13,1501,14.044901960784314,2009-12-18 15:29:00,2011-11-22 10:34:00,703,23.433333333333334,0.5547652916073968,1.4316255829447035,115.46153846153848,17,0
17325.0,609.5699999999999,3,465,15.63,2010-03-08 11:31:00,2011-03-04 13:09:00,361,12.033333333333331,0.2493074792243767,1.3109032258064517,155.0,279,1
17326.0,321.95,2,140,3.617415730337079,2010-06-28 14:05:00,2010-10-27 15:38:00,121,4.033333333333333,0.4958677685950413,2.299642857142857,70.0,407,1
17327.0,152.35,2,59,38.0875,2010-05-26 11:20:00,2010-10-26 09:54:00,152,5.066666666666666,0.3947368421052631,2.582203389830509,29.5,409,1
17328.0,104.7,1,86,17.45,2010-02-04 17:11:00,2010-02-04 17:11:00,0,1.0,1.0,1.2174418604651165,86.0,672,1
17329.0,1004.43,5,432,9.566,2009-12-03 16:09:00,2011-11-25 14:24:00,721,24.03333333333333,0.2080443828016643,2.3250694444444444,86.4,13,0
17330.0,423.8,4,122,52.975,2010-03-02 09:20:00,2011-11-17 08:56:00,624,20.8,0.1923076923076923,3.4737704918032786,30.5,22,0
17331.0,175.2,1,16,175.2,2011-08-08 11:55:00,2011-08-08 11:55:00,0,1.0,1.0,10.95,16.0,123,1
17332.0,838.27,5,794,8.823894736842105,2010-02-21 14:41:00,2010-06-29 16:10:00,128,4.266666666666667,1.171875,1.0557556675062971,158.8,527,1
17333.0,494.25,1,375,17.651785714285715,2011-09-15 10:11:00,2011-09-15 10:11:00,0,1.0,1.0,1.318,375.0,85,0
17334.0,634.73,4,565,19.8353125,2010-10-29 12:16:00,2011-02-11 16:34:00,105,3.5,1.1428571428571428,1.12341592920354,141.25,300,1
17335.0,508.0,2,216,13.025641025641026,2010-01-24 11:15:00,2010-11-21 10:17:00,300,10.0,0.2,2.351851851851852,108.0,383,1
17336.0,81.12,1,48,81.12,2010-08-24 15:37:00,2010-08-24 15:37:00,0,1.0,1.0,1.6900000000000002,48.0,471,1
17337.0,1944.32,7,1240,3.548029197080292,2011-02-02 17:06:00,2011-07-11 14:56:00,158,5.266666666666667,1.3291139240506329,1.5679999999999998,177.14285714285714,150,1
17338.0,12036.57,20,5863,8.798662280701754,2010-03-10 16:09:00,2011-11-22 14:23:00,621,20.7,0.9661835748792272,2.052971175166297,293.15,16,0
17339.0,303.36,4,168,20.224,2010-07-18 13:08:00,2011-09-06 13:29:00,415,13.833333333333334,0.2891566265060241,1.8057142857142856,42.0,93,1
17340.0,21411.64,30,11093,26.336580565805654,2009-12-08 17:34:00,2011-11-30 17:12:00,721,24.03333333333333,1.248266296809986,1.9301938159199492,369.76666666666665,8,0
17341.0,1889.83,5,1169,4.643316953316953,2010-06-17 18:17:00,2011-07-06 12:33:00,383,12.766666666666667,0.3916449086161879,1.6166210436270316,233.8,156,1
17342.0,1155.84,7,499,28.896000000000004,2010-02-08 09:16:00,2010-11-30 14:08:00,295,9.833333333333334,0.711864406779661,2.316312625250501,71.28571428571429,373,1
17343.0,1259.94,6,454,15.74925,2009-12-03 18:30:00,2010-12-19 15:07:00,380,12.666666666666666,0.4736842105263158,2.7751982378854625,75.66666666666667,354,1
17344.0,454.61,3,211,6.494428571428571,2009-12-11 11:20:00,2011-10-24 12:56:00,682,22.73333333333333,0.1319648093841642,2.154549763033176,70.33333333333333,45,0
17345.0,1484.38,12,1954,6.568053097345132,2009-12-01 15:34:00,2011-11-24 15:03:00,722,24.066666666666663,0.4986149584487535,0.7596622313203684,162.83333333333334,14,0
17346.0,5258.02,27,3635,5.1956719367588935,2010-04-18 12:18:00,2011-12-06 12:18:00,597,19.9,1.35678391959799,1.4464979367262725,134.62962962962962,3,0
17347.0,228.96,1,216,228.96,2011-09-14 13:12:00,2011-09-14 13:12:00,0,1.0,1.0,1.06,216.0,85,0
17348.0,2476.41,9,2793,5.371822125813448,2010-03-10 12:13:00,2011-11-25 11:25:00,624,20.8,0.4326923076923076,0.8866487647690655,310.3333333333333,14,0
17349.0,852.25,5,840,9.066489361702128,2010-03-18 14:26:00,2011-06-13 14:29:00,452,15.066666666666666,0.331858407079646,1.0145833333333334,168.0,178,1
17350.0,1876.161,8,1180,12.763,2010-02-01 15:38:00,2011-12-01 15:47:00,668,22.266666666666666,0.3592814371257485,1.5899669491525423,147.5,7,0
17351.0,1988.23,12,383,28.814927536231885,2009-12-10 18:43:00,2011-11-03 18:45:00,693,23.1,0.5194805194805194,5.191201044386423,31.916666666666668,35,0
17352.0,36.25,1,15,7.25,2010-01-12 16:13:00,2010-01-12 16:13:00,0,1.0,1.0,2.4166666666666665,15.0,695,1
17353.0,3155.55,7,2136,185.6205882352941,2010-01-26 11:38:00,2011-08-02 17:19:00,553,18.433333333333334,0.3797468354430379,1.4773174157303373,305.1428571428572,128,1
17354.0,3143.46,4,2535,30.22557692307692,2010-10-07 13:22:00,2011-10-20 10:34:00,377,12.566666666666666,0.3183023872679045,1.2400236686390531,633.75,50,0
17355.0,285.11,1,257,7.705675675675676,2010-11-18 13:18:00,2010-11-18 13:18:00,0,1.0,1.0,1.1093774319066148,257.0,385,1
17356.0,946.47,5,925,11.00546511627907,2010-01-20 12:14:00,2011-02-01 11:07:00,376,12.533333333333331,0.3989361702127659,1.023210810810811,185.0,311,1
17357.0,388.14,2,153,8.625333333333334,2011-11-15 16:29:00,2011-11-15 16:30:00,0,1.0,2.0,2.536862745098039,76.5,23,0
17358.0,866.0500000000001,5,442,5.891496598639456,2010-02-24 16:42:00,2011-02-09 16:57:00,350,11.666666666666666,0.4285714285714286,1.9593891402714931,88.4,302,1
17359.0,284.46,2,237,7.48578947368421,2010-03-01 14:48:00,2011-11-28 14:37:00,636,21.2,0.0943396226415094,1.2002531645569618,118.5,10,0
17360.0,1201.43,7,635,4.985186721991702,2010-10-01 12:07:00,2011-11-22 13:11:00,417,13.9,0.5035971223021583,1.892015748031496,90.71428571428572,16,0
17361.0,880.64,5,383,15.18344827586207,2010-02-01 14:30:00,2011-10-21 15:43:00,627,20.9,0.2392344497607655,2.299321148825065,76.6,48,0
17362.0,1010.54,8,547,6.921506849315068,2010-01-06 10:53:00,2011-04-14 14:43:00,463,15.433333333333334,0.5183585313174945,1.847422303473492,68.375,238,1
17363.0,940.86,3,523,26.135,2010-11-02 17:25:00,2010-11-09 17:11:00,6,0.2,15.0,1.7989674952198853,174.33333333333334,394,1
17364.0,11684.55,31,7490,12.631945945945946,2009-12-07 15:28:00,2011-12-09 09:00:00,731,24.366666666666667,1.2722298221614228,1.5600200267022697,241.6129032258065,0,0
17365.0,8205.83,16,8053,10.244481897627963,2010-02-01 10:22:00,2011-11-27 12:13:00,664,22.133333333333333,0.7228915662650602,1.018978020613436,503.3125,12,0
17366.0,1094.59,3,509,8.04845588235294,2010-09-09 19:46:00,2010-11-12 16:55:00,63,2.1,1.4285714285714286,2.150471512770137,169.66666666666666,391,1
17367.0,168.4,1,150,4.952941176470588,2011-04-15 14:21:00,2011-04-15 14:21:00,0,1.0,1.0,1.1226666666666667,150.0,237,1
17368.0,2213.24,16,1627,8.5784496124031,2009-12-15 17:45:00,2011-11-16 15:26:00,700,23.33333333333333,0.6857142857142857,1.360319606637984,101.6875,22,0
17369.0,979.2,1,1152,979.2,2010-09-10 09:49:00,2010-09-10 09:49:00,0,1.0,1.0,0.85,1152.0,455,1
17370.0,446.18,4,540,13.52060606060606,2011-06-23 11:50:00,2011-09-28 10:14:00,96,3.2,1.25,0.8262592592592592,135.0,72,0
17371.0,662.55,6,283,4.538013698630136,2009-12-08 12:25:00,2011-11-22 13:30:00,714,23.8,0.2521008403361344,2.341166077738516,47.16666666666666,16,0
17372.0,4325.43,31,1827,6.436651785714286,2009-12-03 18:41:00,2011-10-30 11:37:00,695,23.166666666666668,1.3381294964028776,2.3675041050903123,58.935483870967744,40,0
17373.0,1167.5,7,738,12.82967032967033,2010-02-28 14:17:00,2011-10-30 15:28:00,609,20.3,0.3448275862068965,1.5819783197831978,105.42857142857144,39,0
17374.0,711.21,4,153,16.539767441860466,2010-11-09 17:14:00,2011-05-05 09:05:00,176,5.866666666666666,0.6818181818181819,4.64843137254902,38.25,218,1
17375.0,632.95,5,474,7.192613636363637,2010-10-04 09:14:00,2011-06-02 17:30:00,241,8.033333333333333,0.6224066390041494,1.335337552742616,94.8,189,1
17376.0,453.64,4,244,8.248,2010-07-05 11:11:00,2011-09-30 12:36:00,452,15.066666666666666,0.2654867256637168,1.8591803278688523,61.0,70,0
17377.0,17851.41,91,7540,9.939537861915367,2009-12-02 12:39:00,2011-11-16 11:17:00,713,23.766666666666666,3.8288920056100975,2.36756100795756,82.85714285714286,23,0
17378.0,0.0,2,0,0.0,2010-11-30 15:52:00,2010-11-30 18:46:00,0,1.0,2.0,,0.0,373,1
17379.0,404.66,1,663,4.875421686746988,2011-11-28 13:56:00,2011-11-28 13:56:00,0,1.0,1.0,0.6103469079939668,663.0,10,0
17380.0,643.75,4,251,58.52272727272727,2010-06-23 11:24:00,2010-10-01 16:42:00,100,3.333333333333333,1.2,2.564741035856574,62.75,433,1
17381.0,39999.19,39,45764,228.5668,2010-06-09 12:55:00,2011-12-01 11:59:00,539,17.966666666666665,2.1706864564007424,0.8740317716982782,1173.4358974358977,8,0
17382.0,902.28,8,457,50.126666666666665,2010-05-19 11:33:00,2011-10-05 13:05:00,504,16.8,0.4761904761904761,1.9743544857768047,57.125,64,0
17383.0,309.99,2,162,5.848867924528302,2010-09-12 14:54:00,2011-12-05 17:36:00,449,14.966666666666669,0.1336302895322939,1.9135185185185184,81.0,3,0
17384.0,507.55,3,121,25.3775,2010-08-29 16:01:00,2011-11-20 15:48:00,447,14.9,0.2013422818791946,4.194628099173554,40.333333333333336,18,0
17385.0,261.11,1,201,5.555531914893617,2011-11-25 11:02:00,2011-11-25 11:02:00,0,1.0,1.0,1.299054726368159,201.0,14,0
17386.0,2812.77,7,1955,74.02026315789473,2010-11-19 13:40:00,2011-12-02 11:28:00,377,12.566666666666666,0.5570291777188329,1.438757033248082,279.2857142857143,7,0
17387.0,784.11,2,542,10.052692307692308,2011-11-06 11:25:00,2011-11-20 11:00:00,13,0.4333333333333333,4.615384615384615,1.4466974169741698,271.0,19,0
17388.0,2691.57,11,2567,47.22052631578948,2009-12-10 11:45:00,2011-09-23 10:31:00,651,21.7,0.5069124423963134,1.0485274639657187,233.3636363636364,77,0
17389.0,54587.03,77,17520,121.57467706013362,2009-12-04 12:06:00,2011-12-09 09:38:00,734,24.466666666666665,3.147138964577657,3.11569805936073,227.53246753246756,0,0
17390.0,149.29999999999998,1,49,12.441666666666665,2010-10-15 11:29:00,2010-10-15 11:29:00,0,1.0,1.0,3.0469387755102035,49.0,420,1
17391.0,508.8,2,480,169.6,2011-06-28 12:21:00,2011-06-29 09:58:00,0,1.0,2.0,1.06,240.0,163,1
17392.0,626.56,3,493,8.244210526315788,2010-09-15 16:17:00,2011-02-06 12:48:00,143,4.766666666666667,0.6293706293706294,1.2709127789046653,164.33333333333334,306,1
17393.0,381.15,2,238,7.940625000000001,2010-08-08 15:53:00,2010-10-25 11:10:00,77,2.566666666666667,0.7792207792207791,1.6014705882352942,119.0,410,1
17394.0,203.87,1,241,50.9675,2011-05-04 13:22:00,2011-05-04 13:22:00,0,1.0,1.0,0.8459336099585061,241.0,218,1
17395.0,97.5,1,66,32.5,2010-07-19 15:34:00,2010-07-19 15:34:00,0,1.0,1.0,1.4772727272727273,66.0,507,1
17396.0,8529.6,16,2325,149.6421052631579,2010-09-24 13:04:00,2011-10-31 14:12:00,402,13.4,1.1940298507462686,3.6686451612903226,145.3125,38,0
17397.0,1233.18,3,697,8.93608695652174,2010-10-19 13:20:00,2011-11-17 14:08:00,394,13.133333333333333,0.2284263959390863,1.7692682926829268,232.33333333333331,21,0
17398.0,653.38,3,310,17.19421052631579,2011-03-29 13:04:00,2011-08-17 09:48:00,140,4.666666666666667,0.6428571428571428,2.1076774193548387,103.33333333333331,114,1
17399.0,-25111.09,1,-1,-25111.09,2010-06-17 16:52:00,2010-06-17 16:52:00,0,1.0,1.0,25111.09,-1.0,539,1
17400.0,4677.05,8,2199,9.723596673596674,2009-12-17 15:41:00,2011-08-05 15:38:00,595,19.83333333333333,0.4033613445378151,2.126898590268304,274.875,125,1
17401.0,114.85,1,34,9.570833333333333,2010-06-16 16:54:00,2010-06-16 16:54:00,0,1.0,1.0,3.377941176470588,34.0,540,1
17402.0,5047.08,26,1567,24.382028985507247,2009-12-16 17:40:00,2011-12-05 10:15:00,718,23.933333333333334,1.086350974930362,3.22085513720485,60.26923076923077,4,0
17403.0,400.57,2,194,8.708043478260869,2010-09-15 12:29:00,2011-11-03 15:18:00,414,13.8,0.144927536231884,2.06479381443299,97.0,35,0
17404.0,46006.82,28,50005,154.90511784511784,2010-01-07 11:31:00,2011-12-05 16:26:00,697,23.23333333333333,1.2051649928263988,0.920044395560444,1785.892857142857,3,0
17405.0,967.22,5,705,10.289574468085108,2011-07-12 14:17:00,2011-12-08 17:12:00,149,4.966666666666667,1.006711409395973,1.3719432624113477,141.0,0,0
17406.0,4592.1,18,2104,17.07100371747212,2009-12-06 13:45:00,2011-01-13 12:52:00,402,13.4,1.343283582089552,2.1825570342205327,116.88888888888889,329,1
17407.0,552.9,1,426,24.039130434782606,2010-10-24 11:57:00,2010-10-24 11:57:00,0,1.0,1.0,1.297887323943662,426.0,411,1
17408.0,164.89,4,91,18.32111111111111,2010-07-13 14:02:00,2011-06-29 12:53:00,350,11.666666666666666,0.3428571428571428,1.8119780219780224,22.75,162,1
17409.0,7793.51,10,4089,74.93759615384616,2009-12-11 12:17:00,2011-06-08 10:36:00,543,18.1,0.5524861878453038,1.9059696747371,408.9,184,1
17410.0,1214.72,5,616,18.98,2011-05-08 15:21:00,2011-11-23 15:46:00,199,6.633333333333334,0.7537688442211055,1.971948051948052,123.2,15,0
17411.0,1286.53,9,573,15.13564705882353,2009-12-03 12:02:00,2011-11-27 14:25:00,724,24.133333333333333,0.3729281767955801,2.2452530541012217,63.66666666666666,11,0
17412.0,4384.98,19,2577,18.1197520661157,2009-12-02 13:51:00,2011-12-07 11:36:00,734,24.466666666666665,0.776566757493188,1.7015832363213037,135.6315789473684,2,0
17413.0,560.14,2,302,56.014,2010-05-19 11:11:00,2010-10-31 12:33:00,165,5.5,0.3636363636363636,1.8547682119205295,151.0,404,1
17414.0,2249.52,6,6256,107.12,2009-12-03 16:49:00,2011-10-27 12:13:00,692,23.066666666666663,0.2601156069364161,0.3595780051150895,1042.6666666666667,43,0
17415.0,507.84,1,114,36.27428571428571,2011-09-21 12:50:00,2011-09-21 12:50:00,0,1.0,1.0,4.454736842105263,114.0,79,0
17416.0,17221.47,25,8731,28.70245,2009-12-14 16:29:00,2011-11-10 12:47:00,695,23.166666666666668,1.079136690647482,1.9724510365364796,349.24,29,0
17417.0,164.18,1,76,10.26125,2010-06-09 10:00:00,2010-06-09 10:00:00,0,1.0,1.0,2.160263157894737,76.0,548,1
17418.0,670.0600000000001,3,521,15.953809523809523,2010-11-17 13:42:00,2011-10-28 13:00:00,344,11.466666666666669,0.2616279069767442,1.2861036468330136,173.66666666666666,41,0
17419.0,6474.92,20,3083,20.234125,2010-01-25 13:19:00,2011-11-28 13:47:00,672,22.4,0.8928571428571429,2.1002011028219267,154.15,10,0
17420.0,1074.53,8,497,18.21237288135593,2010-11-03 13:09:00,2011-10-20 14:52:00,351,11.7,0.6837606837606838,2.1620321931589537,62.125,49,0
17421.0,1059.41,3,807,18.265689655172416,2009-12-04 15:43:00,2010-11-18 16:57:00,349,11.633333333333333,0.2578796561604584,1.3127757125154895,269.0,385,1
17422.0,3341.65,20,3375,14.341845493562232,2010-06-23 10:19:00,2011-11-23 13:27:00,518,17.266666666666666,1.1583011583011584,0.9901185185185184,168.75,15,0
17423.0,1084.17,5,752,24.09266666666667,2010-11-11 12:26:00,2011-10-25 16:49:00,348,11.6,0.4310344827586207,1.441715425531915,150.4,44,0
17424.0,-176.96,1,-1,-176.96,2010-10-07 14:25:00,2010-10-07 14:25:00,0,1.0,1.0,176.96,-1.0,427,1
17425.0,759.1700000000001,2,407,17.65511627906977,2011-10-10 11:37:00,2011-11-20 15:30:00,41,1.3666666666666667,1.4634146341463414,1.8652825552825556,203.5,18,0
17426.0,7606.37,17,5090,17.287204545454546,2010-02-17 13:39:00,2011-12-05 16:12:00,656,21.866666666666667,0.7774390243902439,1.4943752455795678,299.4117647058824,3,0
17427.0,100.8,1,34,50.4,2011-09-29 11:29:00,2011-09-29 11:29:00,0,1.0,1.0,2.9647058823529413,34.0,71,0
17428.0,31238.06,51,17391,41.76211229946525,2009-12-01 17:28:00,2011-12-09 09:45:00,737,24.566666666666663,2.075983717774762,1.7962198838479675,341.0,0,0
17429.0,1342.16,7,1276,13.557171717171718,2010-10-06 12:30:00,2011-08-11 10:13:00,308,10.266666666666667,0.6818181818181818,1.0518495297805643,182.28571428571428,120,1
17430.0,735.17,4,515,17.50404761904762,2010-08-17 11:52:00,2011-11-07 09:24:00,446,14.866666666666667,0.2690582959641255,1.427514563106796,128.75,32,0
17431.0,403.3,1,292,9.37906976744186,2011-01-30 14:36:00,2011-01-30 14:36:00,0,1.0,1.0,1.3811643835616438,292.0,312,1
17432.0,1751.39,9,1016,6.322707581227437,2009-12-03 19:13:00,2011-11-21 17:33:00,717,23.9,0.3765690376569038,1.7238090551181104,112.88888888888889,17,0
17433.0,569.96,2,305,6.128602150537635,2010-11-19 13:37:00,2011-09-12 14:24:00,297,9.9,0.202020202020202,1.86872131147541,152.5,87,0
17434.0,2333.42,9,1685,16.908840579710144,2011-09-15 13:54:00,2011-12-07 13:16:00,82,2.7333333333333334,3.292682926829268,1.384818991097923,187.22222222222223,1,0
17435.0,331.35,1,195,22.09,2010-10-24 13:55:00,2010-10-24 13:55:00,0,1.0,1.0,1.699230769230769,195.0,410,1
17436.0,521.31,7,173,24.82428571428571,2009-12-07 12:31:00,2011-12-08 12:30:00,730,24.33333333333333,0.2876712328767123,3.013352601156069,24.714285714285715,1,0
17437.0,373.17,1,284,7.040943396226416,2010-06-28 11:11:00,2010-06-28 11:11:00,0,1.0,1.0,1.3139788732394366,284.0,529,1
17438.0,1412.62,6,550,19.35095890410959,2010-03-08 16:53:00,2011-04-06 17:16:00,394,13.133333333333333,0.4568527918781726,2.5684,91.66666666666669,246,1
17439.0,325.74,1,370,40.7175,2010-02-22 12:48:00,2010-02-22 12:48:00,0,1.0,1.0,0.8803783783783784,370.0,655,1
17440.0,314.26,6,268,34.91777777777778,2010-06-08 14:40:00,2011-07-15 10:36:00,401,13.366666666666667,0.4488778054862842,1.1726119402985071,44.66666666666666,147,1
17441.0,293.35,1,245,13.96904761904762,2009-12-07 13:32:00,2009-12-07 13:32:00,0,1.0,1.0,1.1973469387755102,245.0,731,1
17442.0,4500.7,23,3107,15.308503401360545,2010-02-15 15:54:00,2011-11-10 14:54:00,632,21.066666666666663,1.0917721518987342,1.4485677502413905,135.08695652173913,28,0
17443.0,534.24,1,504,534.24,2011-05-04 10:47:00,2011-05-04 10:47:00,0,1.0,1.0,1.06,504.0,219,1
17444.0,2940.04,3,2119,21.778074074074077,2011-06-20 09:04:00,2011-07-15 12:05:00,25,0.8333333333333334,3.6,1.3874657857479944,706.3333333333334,147,1
17445.0,-506.51,1,-1,-506.51,2010-03-19 12:27:00,2010-03-19 12:27:00,0,1.0,1.0,506.51,-1.0,630,1
17446.0,120.9,2,198,13.433333333333334,2011-02-02 14:40:00,2011-06-16 10:42:00,133,4.433333333333334,0.4511278195488721,0.6106060606060606,99.0,176,1
17447.0,541.53,2,443,15.0425,2011-09-29 10:10:00,2011-10-30 14:18:00,31,1.0333333333333334,1.9354838709677415,1.222415349887133,221.5,39,0
17448.0,10192.73,54,11517,8.988298059964727,2010-03-04 17:29:00,2011-07-18 12:26:00,500,16.666666666666668,3.24,0.8850160632109055,213.27777777777777,144,1
17449.0,4935.15,14,2528,8.225249999999999,2009-12-09 14:16:00,2011-12-07 16:56:00,728,24.266666666666666,0.576923076923077,1.952195411392405,180.57142857142856,1,0
17450.0,233579.39,61,81644,521.3825669642857,2010-09-27 16:59:00,2011-12-01 13:29:00,429,14.3,4.265734265734266,2.8609498554700896,1338.426229508197,7,0
17451.0,1648.95,10,1178,15.410747663551405,2011-08-26 11:54:00,2011-12-08 15:02:00,104,3.466666666666667,2.8846153846153846,1.3997877758913413,117.8,0,0
17452.0,-227.28,1,-1,-227.28,2010-04-15 15:16:00,2010-04-15 15:16:00,0,1.0,1.0,227.28,-1.0,602,1
17453.0,486.72,2,219,25.61684210526316,2011-10-06 17:02:00,2011-11-22 09:42:00,46,1.5333333333333334,1.3043478260869563,2.222465753424657,109.5,17,0
17454.0,1532.64,11,721,12.068031496062993,2010-01-15 15:40:00,2011-05-31 13:58:00,500,16.666666666666668,0.6599999999999999,2.125714285714286,65.54545454545455,191,1
17455.0,131.7,1,66,16.4625,2011-05-20 12:31:00,2011-05-20 12:31:00,0,1.0,1.0,1.9954545454545451,66.0,203,1
17456.0,1225.42,2,730,15.914545454545456,2010-09-09 15:28:00,2010-12-09 15:23:00,90,3.0,0.6666666666666666,1.6786575342465755,365.0,364,1
17457.0,5799.01,18,2635,80.54180555555556,2009-12-07 14:52:00,2011-08-05 12:48:00,605,20.166666666666668,0.8925619834710743,2.2007628083491464,146.38888888888889,126,1
17458.0,529.58,2,282,6.1579069767441865,2010-11-23 11:43:00,2011-11-24 13:01:00,366,12.2,0.1639344262295082,1.877943262411348,141.0,14,0
17459.0,657.3,2,537,5.921621621621621,2011-10-10 17:00:00,2011-10-27 13:25:00,16,0.5333333333333333,3.75,1.224022346368715,268.5,42,0
17460.0,2007.4,21,909,12.86794871794872,2010-01-22 13:25:00,2011-09-22 10:58:00,607,20.23333333333333,1.037891268533773,2.2083608360836084,43.285714285714285,78,0
17461.0,757.46,3,799,6.823963963963965,2011-11-10 12:01:00,2011-11-17 10:21:00,6,0.2,15.0,0.9480100125156448,266.3333333333333,22,0
17462.0,662.9399999999999,3,224,23.67642857142857,2011-02-28 17:01:00,2011-10-19 13:36:00,232,7.733333333333333,0.3879310344827586,2.9595535714285712,74.66666666666667,50,0
17463.0,2537.91,9,1484,7.714012158054711,2010-04-29 17:57:00,2011-11-23 13:40:00,572,19.066666666666663,0.472027972027972,1.7101819407008083,164.88888888888889,15,0
17464.0,879.74,4,580,19.549777777777777,2010-03-30 13:15:00,2011-07-04 13:19:00,461,15.366666666666667,0.2603036876355748,1.5167931034482758,145.0,157,1
17465.0,2533.64,9,1470,17.59472222222222,2009-12-03 13:25:00,2010-10-10 11:56:00,310,10.333333333333334,0.8709677419354839,1.72356462585034,163.33333333333334,425,1
17466.0,763.28,2,306,18.61658536585366,2011-09-22 09:16:00,2011-11-29 13:15:00,68,2.2666666666666666,0.8823529411764706,2.49437908496732,153.0,9,0
17467.0,102.6,1,20,25.65,2010-11-09 12:58:00,2010-11-09 12:58:00,0,1.0,1.0,5.13,20.0,394,1
17468.0,194.8,3,184,24.35,2010-11-29 17:25:00,2011-11-29 15:33:00,364,12.133333333333333,0.2472527472527472,1.058695652173913,61.333333333333336,9,0
17469.0,4958.34,22,2277,17.90014440433213,2009-12-16 15:06:00,2011-11-23 13:15:00,706,23.53333333333333,0.9348441926345608,2.1775757575757577,103.5,15,0
17470.0,2804.87,11,2843,16.896807228915662,2010-07-19 16:16:00,2011-10-26 12:42:00,463,15.433333333333334,0.712742980561555,0.9865881111501934,258.45454545454544,44,0
17471.0,321.65000000000003,1,153,16.928947368421053,2010-08-22 11:53:00,2010-08-22 11:53:00,0,1.0,1.0,2.1022875816993465,153.0,474,1
17472.0,935.1,4,558,4.065652173913044,2010-03-21 13:27:00,2011-06-01 14:57:00,437,14.566666666666666,0.2745995423340961,1.6758064516129032,139.5,190,1
17473.0,592.15,3,267,16.91857142857143,2010-09-09 19:03:00,2010-11-03 13:30:00,54,1.8,1.6666666666666663,2.2177902621722847,89.0,400,1
17474.0,1047.0,1,200,174.5,2010-04-19 10:43:00,2010-04-19 10:43:00,0,1.0,1.0,5.235,200.0,599,1
17475.0,194.37,1,178,13.883571428571427,2011-09-21 14:55:00,2011-09-21 14:55:00,0,1.0,1.0,1.0919662921348314,178.0,78,0
17476.0,446.51,4,220,13.13264705882353,2009-12-02 12:09:00,2010-11-11 19:11:00,344,11.466666666666669,0.3488372093023256,2.029590909090909,55.0,392,1
17477.0,1079.0,5,211,22.95744680851064,2010-03-02 11:53:00,2010-04-06 10:06:00,34,1.1333333333333333,4.411764705882353,5.113744075829384,42.2,612,1
17478.0,1272.8,2,516,31.82,2010-03-16 14:19:00,2010-10-27 15:01:00,225,7.5,0.2666666666666666,2.466666666666667,258.0,407,1
17479.0,389.26,1,266,21.625555555555557,2010-03-17 09:26:00,2010-03-17 09:26:00,0,1.0,1.0,1.4633834586466166,266.0,632,1
17480.0,896.72,3,591,16.012857142857143,2010-09-21 12:31:00,2011-09-27 10:21:00,370,12.333333333333334,0.2432432432432432,1.5172927241962777,197.0,73,0
17481.0,1249.34,5,1060,15.052289156626506,2011-09-07 09:57:00,2011-12-06 12:28:00,90,3.0,1.6666666666666667,1.178622641509434,212.0,3,0
17482.0,778.19,2,241,14.410925925925929,2010-05-10 14:10:00,2010-08-09 15:33:00,91,3.033333333333333,0.6593406593406593,3.2290041493775936,120.5,486,1
17483.0,591.73,4,265,21.133214285714285,2010-10-21 12:43:00,2011-10-05 13:10:00,349,11.633333333333333,0.3438395415472779,2.232943396226416,66.25,64,0
17484.0,209.57,2,339,14.969285714285714,2010-03-25 16:17:00,2010-05-12 15:41:00,47,1.5666666666666669,1.2765957446808511,0.6182005899705014,169.5,575,1
17485.0,-29.55,1,-9,-4.925,2009-12-01 14:52:00,2009-12-01 14:52:00,0,1.0,1.0,3.283333333333333,-9.0,737,1
17486.0,396.87,1,191,16.53625,2011-03-23 14:00:00,2011-03-23 14:00:00,0,1.0,1.0,2.0778534031413614,191.0,260,1
17487.0,160.55,1,37,20.06875,2009-12-11 15:06:00,2009-12-11 15:06:00,0,1.0,1.0,4.33918918918919,37.0,727,1
17488.0,336.5,1,136,18.694444444444443,2010-03-08 14:07:00,2010-03-08 14:07:00,0,1.0,1.0,2.474264705882353,136.0,640,1
17489.0,376.64,2,428,12.987586206896552,2011-05-11 11:34:00,2011-10-12 08:56:00,153,5.1,0.3921568627450981,0.88,214.0,58,0
17490.0,2585.06,13,1418,20.516349206349204,2010-05-19 12:40:00,2011-12-09 09:08:00,568,18.933333333333334,0.6866197183098591,1.8230324400564173,109.07692307692308,0,0
17491.0,5964.12,18,3629,32.59081967213115,2010-04-28 11:57:00,2011-12-08 16:18:00,589,19.633333333333333,0.9168081494057724,1.643461008542298,201.61111111111111,0,0
17492.0,1122.42,3,450,28.78,2010-07-09 13:27:00,2011-04-05 15:21:00,270,9.0,0.3333333333333333,2.494266666666667,150.0,247,1
17493.0,100.91,1,62,12.61375,2010-11-19 16:57:00,2010-11-19 16:57:00,0,1.0,1.0,1.6275806451612904,62.0,384,1
17494.0,54.7,1,26,18.23333333333333,2010-07-26 10:06:00,2010-07-26 10:06:00,0,1.0,1.0,2.103846153846153,26.0,501,1
17495.0,759.07,4,358,14.322075471698112,2010-11-14 11:50:00,2011-12-02 12:08:00,383,12.766666666666667,0.3133159268929503,2.1203072625698325,89.5,7,0
17496.0,1385.89,5,671,18.728243243243245,2010-01-14 13:36:00,2010-12-16 08:39:00,335,11.166666666666666,0.4477611940298507,2.065409836065574,134.2,358,1
17497.0,287.25,2,59,41.035714285714285,2010-04-08 08:01:00,2010-11-14 14:17:00,220,7.333333333333333,0.2727272727272727,4.86864406779661,29.5,389,1
17498.0,272.22,1,394,16.01294117647059,2011-09-25 12:25:00,2011-09-25 12:25:00,0,1.0,1.0,0.6909137055837564,394.0,75,0
17499.0,1296.84,3,1077,17.764931506849315,2010-05-27 09:59:00,2011-02-23 09:14:00,271,9.033333333333331,0.3321033210332103,1.2041225626740946,359.0,289,1
17500.0,1138.0,3,17,227.6,2011-11-10 09:08:00,2011-11-22 14:25:00,12,0.4,7.5,66.94117647058823,5.666666666666667,16,0
17501.0,288.6,2,160,16.033333333333335,2011-05-03 09:46:00,2011-05-03 09:47:00,0,1.0,2.0,1.80375,80.0,220,1
17502.0,689.1,4,376,24.610714285714288,2011-11-10 16:39:00,2011-11-30 13:13:00,19,0.6333333333333333,6.315789473684211,1.832712765957447,94.0,8,0
17503.0,558.96,2,486,14.709473684210527,2011-11-01 11:12:00,2011-12-07 09:18:00,35,1.1666666666666667,1.7142857142857142,1.1501234567901235,243.0,2,0
17504.0,9313.37,19,5309,25.942534818941507,2010-02-08 09:22:00,2011-05-17 12:59:00,463,15.433333333333334,1.2311015118790496,1.7542606893953665,279.42105263157896,205,1
17505.0,2435.48,5,1242,23.877254901960782,2010-04-13 16:33:00,2011-07-01 12:50:00,443,14.766666666666667,0.3386004514672686,1.9609339774557168,248.4,161,1
17506.0,294.29,2,136,18.393125,2011-09-25 11:39:00,2011-09-30 12:54:00,5,0.1666666666666666,12.0,2.1638970588235296,68.0,69,0
17507.0,605.58,2,359,6.881590909090909,2011-02-03 18:08:00,2011-03-23 11:48:00,47,1.5666666666666669,1.2765957446808511,1.6868523676880225,179.5,261,1
17508.0,4546.78,9,2880,19.59818965517241,2009-12-07 11:46:00,2011-03-04 08:10:00,451,15.033333333333331,0.5986696230598669,1.5787430555555555,320.0,280,1
17509.0,6100.74,11,3530,16.533170731707315,2011-10-07 13:14:00,2011-10-13 12:16:00,5,0.1666666666666666,66.0,1.728254957507082,320.90909090909093,57,0
17510.0,514.56,2,422,14.701714285714283,2010-10-15 10:20:00,2011-11-15 10:00:00,395,13.166666666666666,0.1518987341772152,1.219336492890995,211.0,24,0
17511.0,171885.98,85,117913,80.5463823805061,2009-12-02 10:52:00,2011-12-07 10:12:00,734,24.466666666666665,3.474114441416894,1.4577356186340775,1387.2117647058824,2,0
17512.0,5432.27,20,5421,27.2978391959799,2009-12-10 19:35:00,2011-11-11 12:11:00,700,23.33333333333333,0.8571428571428572,1.0020789522228373,271.05,28,0
17513.0,1158.8,3,440,64.37777777777778,2010-08-17 15:08:00,2011-09-28 16:42:00,407,13.566666666666666,0.2211302211302211,2.6336363636363638,146.66666666666666,71,0
17514.0,542.83,2,295,6.2394252873563225,2010-02-08 14:00:00,2011-08-03 15:45:00,541,18.03333333333333,0.11090573012939,1.8401016949152544,147.5,127,1
17515.0,1617.46,9,528,8.985888888888889,2010-06-07 13:29:00,2011-11-08 14:04:00,519,17.3,0.5202312138728323,3.063371212121212,58.66666666666666,30,0
17516.0,957.55,6,527,4.885459183673469,2010-11-26 12:50:00,2011-11-24 16:51:00,363,12.1,0.4958677685950413,1.8169829222011384,87.83333333333333,14,0
17517.0,153.94,1,102,13.994545454545454,2011-02-04 11:48:00,2011-02-04 11:48:00,0,1.0,1.0,1.50921568627451,102.0,308,1
17518.0,329.42,2,267,4.278181818181818,2010-03-28 13:31:00,2010-10-10 12:40:00,195,6.5,0.3076923076923077,1.2337827715355807,133.5,425,1
17519.0,5102.8,17,3410,22.780357142857145,2009-12-01 09:57:00,2011-11-22 16:43:00,721,24.03333333333333,0.7073509015256587,1.4964222873900297,200.58823529411765,16,0
17520.0,546.81,1,365,18.227,2011-10-17 12:04:00,2011-10-17 12:04:00,0,1.0,1.0,1.4981095890410958,365.0,53,0
17521.0,1276.81,6,805,16.162151898734177,2010-10-01 11:49:00,2011-11-15 14:00:00,410,13.666666666666666,0.4390243902439024,1.5860993788819877,134.16666666666666,23,0
17522.0,1070.71,5,1034,14.667260273972603,2011-05-05 16:31:00,2011-12-08 12:31:00,216,7.2,0.6944444444444444,1.0355029013539652,206.8,1,0
17523.0,652.74,4,872,19.78,2011-11-20 13:40:00,2011-11-28 13:20:00,7,0.2333333333333333,17.142857142857142,0.7485550458715596,218.0,10,0
17524.0,508.9,4,290,11.30888888888889,2010-09-27 16:20:00,2010-12-13 14:32:00,76,2.533333333333333,1.5789473684210529,1.7548275862068965,72.5,360,1
17525.0,1161.9,3,338,44.68846153846154,2010-10-07 09:12:00,2010-12-15 12:05:00,69,2.3,1.3043478260869563,3.437573964497042,112.66666666666669,359,1
17526.0,3676.84,16,1429,36.40435643564357,2009-12-17 16:18:00,2011-12-08 18:56:00,721,24.03333333333333,0.6657420249653259,2.5730160951714485,89.3125,0,0
17527.0,888.86,6,463,18.14,2011-05-05 13:43:00,2011-10-17 12:32:00,164,5.466666666666667,1.0975609756097562,1.9197840172786176,77.16666666666667,53,0
17528.0,3540.1,11,2130,13.61576923076923,2011-09-29 13:04:00,2011-12-08 13:27:00,70,2.333333333333333,4.714285714285714,1.662018779342723,193.63636363636363,0,0
17529.0,1240.25,2,790,15.125,2010-01-11 12:29:00,2010-04-08 17:51:00,87,2.9,0.6896551724137931,1.5699367088607594,395.0,609,1
17530.0,3140.56,13,1964,5.618175313059034,2009-12-06 16:17:00,2011-12-08 18:42:00,732,24.4,0.5327868852459017,1.5990631364562118,151.07692307692307,0,0
17531.0,1191.22,9,460,18.32646153846154,2009-12-08 17:30:00,2011-08-11 10:19:00,610,20.33333333333333,0.4426229508196722,2.5896086956521738,51.11111111111112,120,1
17532.0,65.34,1,30,16.335,2010-11-19 08:13:00,2010-11-19 08:13:00,0,1.0,1.0,2.178,30.0,385,1
17533.0,34.8,1,24,34.8,2010-10-01 09:14:00,2010-10-01 09:14:00,0,1.0,1.0,1.45,24.0,434,1
17534.0,1668.83,5,860,18.13945652173913,2010-02-25 16:55:00,2011-10-17 12:47:00,598,19.933333333333334,0.2508361204013378,1.9405,172.0,53,0
17535.0,164.4,1,136,12.646153846153847,2011-03-04 15:20:00,2011-03-04 15:20:00,0,1.0,1.0,1.2088235294117649,136.0,279,1
17536.0,364.83,3,201,22.801875,2010-01-26 12:00:00,2011-06-15 13:23:00,505,16.833333333333332,0.1782178217821782,1.815074626865672,67.0,176,1
17537.0,897.62,2,700,11.968266666666668,2011-02-09 13:37:00,2011-11-10 10:56:00,273,9.1,0.2197802197802197,1.2823142857142855,350.0,29,0
17538.0,98.42,1,134,10.935555555555556,2011-11-14 12:12:00,2011-11-14 12:12:00,0,1.0,1.0,0.7344776119402985,134.0,25,0
17539.0,1047.07,7,735,6.888618421052631,2009-12-13 12:36:00,2010-04-01 15:45:00,109,3.633333333333333,1.926605504587156,1.4245850340136053,105.0,616,1
17540.0,1582.1,7,587,24.340000000000003,2010-04-19 09:47:00,2011-12-01 09:00:00,590,19.666666666666668,0.3559322033898305,2.695229982964225,83.85714285714286,8,0
17541.0,124.46,1,46,3.771515151515152,2010-07-18 11:36:00,2010-07-18 11:36:00,0,1.0,1.0,2.705652173913044,46.0,509,1
17542.0,341.7,3,324,5.256923076923076,2010-03-08 12:08:00,2011-03-15 11:45:00,371,12.366666666666667,0.2425876010781671,1.0546296296296296,108.0,269,1
17543.0,120.05,1,62,9.234615384615385,2010-06-08 12:41:00,2010-06-08 12:41:00,0,1.0,1.0,1.9362903225806447,62.0,549,1
17544.0,960.69,3,439,10.442282608695653,2010-11-14 14:47:00,2010-11-14 15:08:00,0,1.0,3.0,2.188359908883827,146.33333333333334,389,1
17545.0,1448.54,6,733,5.210575539568345,2010-05-11 10:04:00,2011-10-27 14:04:00,534,17.8,0.3370786516853932,1.9761800818553887,122.16666666666669,42,0
17546.0,-648.05,1,-1,-648.05,2010-06-11 15:31:00,2010-06-11 15:31:00,0,1.0,1.0,648.05,-1.0,545,1
17547.0,680.5500000000001,4,209,17.909210526315793,2010-02-12 14:34:00,2010-12-02 14:29:00,292,9.733333333333333,0.4109589041095891,3.2562200956937803,52.25,371,1
17548.0,345.0,6,172,6.509433962264151,2010-11-08 16:19:00,2011-05-06 10:00:00,178,5.933333333333334,1.0112359550561798,2.005813953488372,28.666666666666668,217,1
17549.0,148.86,2,210,24.81,2011-10-19 10:05:00,2011-11-16 09:59:00,27,0.9,2.2222222222222223,0.708857142857143,105.0,23,0
17550.0,2206.54,10,929,6.286438746438746,2010-02-07 15:07:00,2011-05-26 14:09:00,472,15.733333333333333,0.6355932203389831,2.375177610333692,92.9,196,1
17551.0,306.84,1,150,7.135813953488372,2010-12-15 14:12:00,2010-12-15 14:12:00,0,1.0,1.0,2.0456,150.0,358,1
17552.0,3039.2,16,2072,18.76049382716049,2010-03-22 09:19:00,2011-10-28 12:14:00,585,19.5,0.8205128205128205,1.4667953667953668,129.5,42,0
17553.0,3757.6,4,2288,626.2666666666667,2010-04-08 09:44:00,2011-08-02 10:00:00,481,16.033333333333335,0.2494802494802494,1.6423076923076922,572.0,129,1
17554.0,1952.45,5,1763,22.18693181818182,2011-07-14 20:01:00,2011-12-08 14:15:00,146,4.866666666666666,1.0273972602739727,1.1074588769143503,352.6,0,0
17555.0,1057.74,5,747,3.88875,2010-05-02 16:02:00,2011-11-20 12:22:00,566,18.866666666666667,0.2650176678445229,1.415983935742972,149.4,19,0
17556.0,300.67,2,184,21.47642857142857,2010-11-25 17:00:00,2011-05-18 10:48:00,173,5.766666666666667,0.3468208092485549,1.6340760869565218,92.0,205,1
17557.0,575.46,4,310,16.441714285714287,2009-12-07 10:15:00,2011-11-25 12:57:00,718,23.933333333333334,0.1671309192200557,1.856322580645161,77.5,13,0
17558.0,259.17,1,54,9.25607142857143,2010-11-11 14:36:00,2010-11-11 14:36:00,0,1.0,1.0,4.799444444444445,54.0,392,1
17559.0,167.62,1,270,13.968333333333334,2010-07-15 12:02:00,2010-07-15 12:02:00,0,1.0,1.0,0.6208148148148148,270.0,512,1
17560.0,1895.8,9,1604,33.85357142857143,2010-02-17 12:11:00,2011-09-06 09:18:00,565,18.83333333333333,0.4778761061946903,1.181920199501247,178.22222222222223,94,1
17561.0,722.34,4,396,3.5583251231527093,2009-12-06 13:29:00,2011-11-20 12:53:00,713,23.766666666666666,0.1683029453015427,1.8240909090909088,99.0,18,0
17562.0,1107.38,8,813,17.3028125,2011-06-19 13:06:00,2011-11-25 14:21:00,159,5.3,1.509433962264151,1.3620910209102093,101.625,13,0
17563.0,309.28000000000003,5,227,8.83657142857143,2010-04-07 10:02:00,2010-05-10 14:55:00,33,1.1,4.545454545454545,1.362466960352423,45.4,577,1
17564.0,454.01,3,146,9.265510204081632,2011-09-20 14:00:00,2011-11-15 13:27:00,55,1.8333333333333333,1.6363636363636365,3.1096575342465758,48.66666666666666,23,0
17565.0,131.83,1,67,4.394333333333334,2010-05-02 11:54:00,2010-05-02 11:54:00,0,1.0,1.0,1.967611940298508,67.0,586,1
17566.0,901.21,2,518,5.929013157894737,2011-11-14 13:42:00,2011-12-01 19:54:00,17,0.5666666666666667,3.5294117647058822,1.7397876447876448,259.0,7,0
17567.0,5037.11,11,2948,21.43451063829787,2010-09-24 10:48:00,2011-12-02 15:48:00,434,14.466666666666669,0.7603686635944701,1.7086533242876525,268.0,6,0
17568.0,382.79,1,283,5.889076923076924,2010-03-16 16:45:00,2010-03-16 16:45:00,0,1.0,1.0,1.3526148409893994,283.0,632,1
17569.0,344.14,1,159,11.866896551724135,2011-01-11 14:15:00,2011-01-11 14:15:00,0,1.0,1.0,2.1644025157232702,159.0,331,1
17570.0,0.0,2,0,0.0,2010-11-23 11:56:00,2010-11-23 13:54:00,0,1.0,2.0,,0.0,380,1
17571.0,1703.75,5,1020,4.826487252124646,2010-06-15 12:50:00,2011-10-20 15:57:00,492,16.4,0.3048780487804878,1.670343137254902,204.0,49,0
17572.0,723.01,10,351,20.08361111111111,2009-12-15 10:00:00,2011-09-29 17:53:00,653,21.766666666666666,0.4594180704441041,2.0598575498575498,35.1,70,0
17573.0,362.9,4,302,13.957692307692309,2011-09-07 10:36:00,2011-11-10 13:01:00,64,2.1333333333333333,1.875,1.2016556291390728,75.5,28,0
17574.0,185.65,1,77,23.20625,2011-04-11 09:47:00,2011-04-11 09:47:00,0,1.0,1.0,2.4110389610389613,77.0,242,1
17575.0,171.7,1,72,34.34,2010-02-10 13:48:00,2010-02-10 13:48:00,0,1.0,1.0,2.384722222222222,72.0,666,1
17576.0,8885.66,45,4695,9.503379679144384,2009-12-03 16:11:00,2011-12-01 18:12:00,728,24.266666666666666,1.8543956043956045,1.8925793397231097,104.33333333333331,7,0
17577.0,348.75,2,179,16.607142857142858,2010-02-09 10:10:00,2010-03-04 13:01:00,23,0.7666666666666667,2.608695652173913,1.9483240223463687,89.5,644,1
17578.0,1003.73,10,471,14.339,2010-06-28 11:55:00,2011-06-02 11:42:00,338,11.266666666666667,0.8875739644970414,2.1310615711252656,47.1,190,1
17579.0,744.58,5,373,7.756041666666667,2010-05-10 14:28:00,2011-12-05 12:28:00,573,19.1,0.2617801047120419,1.9961930294906167,74.6,4,0
17580.0,545.27,5,224,5.739684210526316,2010-10-13 14:28:00,2011-04-01 12:41:00,169,5.633333333333334,0.8875739644970414,2.434241071428571,44.8,252,1
17581.0,18247.47,53,9877,20.7122247446084,2009-12-03 12:34:00,2011-12-09 12:21:00,735,24.5,2.163265306122449,1.8474708919712464,186.35849056603772,0,0
17582.0,1433.7,6,604,11.4696,2010-03-26 12:23:00,2011-04-17 13:18:00,387,12.9,0.4651162790697674,2.3736754966887417,100.66666666666669,235,1
17583.0,135.95,1,55,19.42142857142857,2010-05-28 14:24:00,2010-05-28 14:24:00,0,1.0,1.0,2.4718181818181817,55.0,559,1
17584.0,5294.42,7,2452,42.35536,2010-01-25 08:17:00,2011-12-02 17:12:00,676,22.53333333333333,0.3106508875739645,2.159225122349103,350.2857142857143,6,0
17585.0,2093.3,7,2539,5.2727959697733,2010-08-18 16:39:00,2011-08-22 13:30:00,368,12.266666666666667,0.5706521739130435,0.824458448207956,362.7142857142857,108,1
17586.0,167.4,1,68,20.925,2010-03-30 13:12:00,2010-03-30 13:12:00,0,1.0,1.0,2.461764705882353,68.0,618,1
17587.0,181.66,1,68,4.224651162790698,2010-03-21 14:16:00,2010-03-21 14:16:00,0,1.0,1.0,2.671470588235294,68.0,627,1
17588.0,2901.65,9,1367,38.68866666666667,2010-03-12 12:34:00,2011-08-31 13:37:00,537,17.9,0.5027932960893855,2.122640819312363,151.88888888888889,99,1
17589.0,13904.82,21,8736,10.277028824833703,2010-03-07 13:48:00,2011-10-10 16:58:00,582,19.4,1.082474226804124,1.591668956043956,416.0,59,0
17590.0,1479.22,3,828,7.359303482587065,2011-10-30 14:05:00,2011-12-07 12:55:00,37,1.2333333333333334,2.4324324324324325,1.7864975845410629,276.0,1,0
17591.0,2765.7200000000003,9,1172,10.281486988847584,2010-01-17 16:09:00,2011-09-27 13:42:00,617,20.566666666666663,0.4376012965964344,2.3598293515358364,130.22222222222223,72,0
17592.0,0.0,2,0,0.0,2009-12-01 10:44:00,2009-12-01 10:49:00,0,1.0,2.0,,0.0,738,1
17593.0,8044.0,15,5587,19.198090692124104,2009-12-04 14:35:00,2011-12-06 10:30:00,731,24.366666666666667,0.615595075239398,1.439770896724539,372.4666666666666,3,0
17594.0,2497.88,4,1368,24.01807692307693,2010-04-14 08:53:00,2011-09-15 16:34:00,519,17.3,0.2312138728323699,1.82593567251462,342.0,84,0
17595.0,388.79,2,229,4.68421686746988,2011-11-02 16:19:00,2011-11-27 16:08:00,24,0.8,2.5,1.6977729257641925,114.5,11,0
17596.0,4907.32,14,7612,8.778747763864043,2009-12-15 13:21:00,2011-11-16 14:11:00,701,23.366666666666667,0.5991440798858773,0.6446820809248555,543.7142857142857,22,0
17597.0,3425.29,7,2205,25.56186567164179,2010-05-05 15:33:00,2011-05-10 11:54:00,369,12.3,0.5691056910569106,1.5534195011337868,315.0,213,1
17598.0,409.98,1,126,40.998000000000005,2010-11-23 17:43:00,2010-11-23 17:43:00,0,1.0,1.0,3.253809523809524,126.0,380,1
17599.0,44.55,3,9,8.91,2010-08-19 12:50:00,2010-09-01 12:17:00,12,0.4,7.5,4.949999999999999,3.0,464,1
17600.0,161.67000000000002,1,144,12.436153846153848,2011-11-22 09:43:00,2011-11-22 09:43:00,0,1.0,1.0,1.1227083333333334,144.0,17,0
17601.0,421.48,2,299,5.545789473684211,2010-11-24 14:29:00,2011-04-14 18:02:00,141,4.7,0.425531914893617,1.4096321070234117,149.5,238,1
17602.0,7337.43,18,5914,7.83076840981857,2010-03-30 17:25:00,2011-12-07 13:53:00,616,20.53333333333333,0.8766233766233765,1.2406881974974635,328.55555555555554,1,0
17603.0,120.01000000000002,11,510,1.0345689655172416,2009-12-10 09:44:00,2011-10-20 19:19:00,679,22.633333333333333,0.4860088365243004,0.2353137254901961,46.36363636363637,49,0
17604.0,945.93,6,616,4.504428571428572,2010-01-27 12:19:00,2011-05-06 13:43:00,464,15.466666666666669,0.3879310344827586,1.5356006493506495,102.66666666666669,216,1
17605.0,160.75,1,71,12.365384615384617,2010-04-28 14:45:00,2010-04-28 14:45:00,0,1.0,1.0,2.264084507042253,71.0,589,1
17606.0,87.30000000000001,1,42,14.550000000000002,2009-12-02 13:32:00,2009-12-02 13:32:00,0,1.0,1.0,2.0785714285714287,42.0,736,1
17607.0,333.81,1,269,15.17318181818182,2010-11-28 13:11:00,2010-11-28 13:11:00,0,1.0,1.0,1.2409293680297395,269.0,375,1
17608.0,498.53,4,539,2.9498816568047337,2010-04-11 13:37:00,2011-11-06 13:06:00,573,19.1,0.2094240837696334,0.9249165120593692,134.75,32,0
17609.0,1758.99,14,1248,4.487219387755102,2010-04-09 16:54:00,2011-10-30 12:28:00,568,18.933333333333334,0.7394366197183099,1.409447115384615,89.14285714285714,40,0
17610.0,1427.84,8,882,8.30139534883721,2009-12-06 14:58:00,2010-06-17 16:34:00,193,6.433333333333334,1.243523316062176,1.6188662131519274,110.25,539,1
17611.0,8205.38,35,5283,7.24217122683142,2009-12-01 13:29:00,2011-12-06 09:46:00,734,24.466666666666665,1.4305177111716625,1.5531667613098616,150.94285714285715,3,0
17612.0,5156.14,32,3461,14.01125,2009-12-08 18:30:00,2011-10-17 14:59:00,677,22.566666666666663,1.4180206794682422,1.489783299624386,108.15625,52,0
17613.0,4509.37,17,2470,14.135956112852664,2011-02-07 11:20:00,2011-11-17 10:51:00,282,9.4,1.808510638297872,1.825655870445344,145.2941176470588,22,0
17614.0,390.07,1,238,3.9007,2011-10-13 16:01:00,2011-10-13 16:01:00,0,1.0,1.0,1.638949579831933,238.0,56,0
17615.0,725.7,7,380,12.095,2010-08-11 12:54:00,2011-08-01 14:06:00,355,11.833333333333334,0.5915492957746479,1.9097368421052632,54.285714285714285,129,1
17616.0,1060.8,4,416,212.16,2010-09-14 10:43:00,2011-06-19 10:11:00,277,9.233333333333333,0.4332129963898917,2.55,104.0,173,1
17617.0,237.28,2,226,11.299047619047618,2010-05-18 09:52:00,2010-05-30 12:48:00,12,0.4,5.0,1.0499115044247789,113.0,558,1
17618.0,4047.94,13,1815,10.652473684210529,2010-01-24 11:03:00,2011-12-04 11:50:00,679,22.633333333333333,0.5743740795287187,2.2302699724517905,139.6153846153846,5,0
17619.0,218.52,1,127,2.837922077922078,2011-01-31 14:18:00,2011-01-31 14:18:00,0,1.0,1.0,1.7206299212598426,127.0,311,1
17620.0,81.44,1,60,20.36,2011-10-11 12:08:00,2011-10-11 12:08:00,0,1.0,1.0,1.3573333333333333,60.0,59,0
17621.0,3029.32,8,1094,44.54882352941177,2010-10-04 09:37:00,2011-11-18 17:11:00,410,13.666666666666666,0.5853658536585367,2.7690310786106034,136.75,20,0
17622.0,1125.17,3,367,28.850512820512822,2010-04-20 13:38:00,2010-04-22 11:23:00,1,0.0333333333333333,90.0,3.065858310626703,122.33333333333331,596,1
17623.0,2383.67,7,801,12.161581632653062,2009-12-14 14:36:00,2011-11-07 11:32:00,692,23.066666666666663,0.3034682080924855,2.9758676654182272,114.42857142857144,32,0
17624.0,1568.63,4,958,16.171443298969074,2009-12-20 12:35:00,2011-11-25 10:52:00,704,23.466666666666665,0.1704545454545454,1.637400835073069,239.5,14,0
17625.0,6067.8,8,3551,8.631294452347085,2009-12-15 11:49:00,2011-11-21 13:36:00,706,23.53333333333333,0.3399433427762039,1.7087580963108984,443.875,17,0
17626.0,254.0,1,202,14.11111111111111,2010-04-16 12:15:00,2010-04-16 12:15:00,0,1.0,1.0,1.2574257425742574,202.0,602,1
17627.0,285.11,2,673,25.91909090909091,2009-12-10 19:08:00,2010-08-18 11:27:00,250,8.333333333333334,0.24,0.4236404160475483,336.5,478,1
17628.0,75.75,1,79,15.15,2011-09-19 15:21:00,2011-09-19 15:21:00,0,1.0,1.0,0.9588607594936708,79.0,80,0
17629.0,2425.52,11,1895,15.449171974522294,2010-10-14 13:35:00,2011-12-04 10:56:00,415,13.833333333333334,0.7951807228915663,1.2799577836411609,172.27272727272728,5,0
17630.0,503.6,2,158,19.369230769230768,2011-04-21 14:03:00,2011-06-23 11:58:00,62,2.066666666666667,0.9677419354838708,3.1873417721518984,79.0,169,1
17631.0,998.49,7,591,14.470869565217392,2009-12-09 14:15:00,2011-12-08 09:47:00,728,24.266666666666666,0.2884615384615385,1.689492385786802,84.42857142857143,1,0
17632.0,-12.7,2,-2,-6.35,2009-12-22 10:40:00,2009-12-22 14:25:00,0,1.0,2.0,6.35,-1.0,716,1
17633.0,1974.89,9,885,19.173689320388352,2010-11-15 14:55:00,2011-11-08 13:25:00,357,11.9,0.7563025210084033,2.2315141242937853,98.33333333333331,30,0
17634.0,2361.9700000000003,9,840,7.952760942760944,2011-01-06 12:45:00,2011-11-03 13:09:00,301,10.033333333333331,0.8970099667774086,2.811869047619048,93.33333333333331,35,0
17635.0,1256.83,4,763,16.75773333333333,2010-04-28 10:51:00,2010-10-11 15:12:00,166,5.533333333333333,0.7228915662650602,1.6472214941022278,190.75,423,1
17636.0,265.93,2,176,11.080416666666666,2011-11-20 14:40:00,2011-12-01 08:29:00,10,0.3333333333333333,6.0,1.510965909090909,88.0,8,0
17637.0,547.0600000000001,2,280,15.630285714285716,2011-08-16 13:25:00,2011-11-08 12:51:00,83,2.7666666666666666,0.7228915662650602,1.9537857142857145,140.0,30,0
17638.0,842.4,2,432,280.8,2009-12-18 09:58:00,2010-03-02 14:32:00,74,2.466666666666667,0.8108108108108107,1.95,216.0,646,1
17639.0,615.17,6,576,7.786962025316455,2010-08-13 11:59:00,2011-03-08 15:22:00,207,6.9,0.8695652173913043,1.0680034722222222,96.0,275,1
17640.0,3107.59,8,1671,45.69985294117648,2010-03-23 09:15:00,2011-09-14 09:13:00,539,17.966666666666665,0.4452690166975881,1.859718731298624,208.875,86,0
17641.0,-6.95,1,-1,-6.95,2009-12-01 12:35:00,2009-12-01 12:35:00,0,1.0,1.0,6.95,-1.0,738,1
17642.0,1824.49,5,1475,16.893425925925925,2009-12-05 16:01:00,2011-08-12 09:11:00,614,20.466666666666665,0.244299674267101,1.236942372881356,295.0,119,1
17643.0,541.25,2,297,13.878205128205128,2010-07-22 13:07:00,2010-12-01 14:38:00,132,4.4,0.4545454545454545,1.8223905723905724,148.5,372,1
17644.0,5864.54,28,3410,17.048081395348838,2010-02-16 08:44:00,2011-12-08 13:43:00,660,22.0,1.2727272727272727,1.7198064516129032,121.78571428571428,0,0
17645.0,-9.9,1,-2,-9.9,2009-12-11 13:31:00,2009-12-11 13:31:00,0,1.0,1.0,4.95,-2.0,727,1
17646.0,4094.16,16,1409,19.13158878504673,2009-12-16 09:37:00,2011-05-04 13:17:00,504,16.8,0.9523809523809524,2.9057203690560685,88.0625,218,1
17647.0,331.66,3,82,27.63833333333333,2010-02-08 14:39:00,2011-10-05 15:38:00,604,20.133333333333333,0.1490066225165563,4.044634146341463,27.33333333333333,64,0
17648.0,2208.42,6,953,17.52714285714286,2010-11-19 16:41:00,2011-10-10 09:41:00,324,10.8,0.5555555555555555,2.3173347324239244,158.83333333333334,60,0
17649.0,1542.44,5,716,15.271683168316832,2010-08-24 13:01:00,2011-07-28 10:50:00,337,11.233333333333333,0.4451038575667656,2.154245810055866,143.2,134,1
17650.0,166.08,1,150,20.76,2011-11-18 14:52:00,2011-11-18 14:52:00,0,1.0,1.0,1.1072000000000002,150.0,20,0
17651.0,5632.59,22,4062,16.51785923753666,2010-07-01 12:17:00,2011-11-28 10:29:00,514,17.133333333333333,1.284046692607004,1.3866543574593797,184.63636363636363,11,0
17652.0,4737.13,18,2479,17.544925925925927,2011-03-03 14:05:00,2011-11-14 12:55:00,255,8.5,2.117647058823529,1.9109035901573213,137.72222222222223,24,0
17653.0,1175.88,5,1401,23.5176,2011-08-11 15:24:00,2011-11-10 14:26:00,90,3.0,1.6666666666666667,0.8393147751605996,280.2,28,0
17654.0,117.55,1,41,5.343181818181818,2011-03-07 13:17:00,2011-03-07 13:17:00,0,1.0,1.0,2.8670731707317074,41.0,276,1
17655.0,3585.28,10,1382,29.38754098360656,2010-10-19 10:20:00,2011-11-29 11:34:00,406,13.533333333333331,0.7389162561576355,2.5942691751085385,138.2,10,0
17656.0,1674.69,5,1399,20.423048780487804,2011-08-03 10:45:00,2011-09-27 13:04:00,55,1.8333333333333333,2.7272727272727275,1.1970621872766265,279.8,72,0
17657.0,126.0,1,60,18.0,2010-10-05 14:52:00,2010-10-05 14:52:00,0,1.0,1.0,2.1,60.0,429,1
17658.0,485.88,3,522,21.125217391304343,2011-05-12 15:23:00,2011-11-29 11:47:00,200,6.666666666666667,0.4499999999999999,0.9308045977011494,174.0,10,0
17659.0,3784.13,17,1776,18.192932692307693,2010-11-18 14:20:00,2011-12-06 09:29:00,382,12.733333333333333,1.3350785340314135,2.1307038288288287,104.47058823529412,3,0
17660.0,359.47,2,268,4.038988764044944,2009-12-02 16:02:00,2011-07-21 13:37:00,595,19.83333333333333,0.1008403361344537,1.3413059701492538,134.0,140,1
17661.0,-54.0,1,-8,-54.0,2010-03-08 16:28:00,2010-03-08 16:28:00,0,1.0,1.0,6.75,-8.0,640,1
17662.0,412.92,2,184,27.528,2009-12-17 09:54:00,2010-02-16 09:38:00,60,2.0,1.0,2.2441304347826088,92.0,661,1
17663.0,5081.04,23,2268,20.40578313253012,2009-12-03 18:29:00,2011-11-14 08:56:00,710,23.666666666666668,0.9718309859154928,2.2403174603174603,98.6086956521739,25,0
17664.0,1166.23,4,1058,14.577875,2010-03-29 17:17:00,2011-11-21 11:29:00,601,20.03333333333333,0.1996672212978369,1.102296786389414,264.5,18,0
17665.0,563.1,1,690,29.63684210526316,2010-08-03 13:12:00,2010-08-03 13:12:00,0,1.0,1.0,0.8160869565217391,690.0,492,1
17666.0,2047.8,5,1552,46.54090909090909,2010-06-30 12:03:00,2011-12-06 09:06:00,523,17.433333333333334,0.2868068833652007,1.319458762886598,310.4,3,0
17667.0,3883.8,12,2188,16.526808510638297,2010-02-23 09:57:00,2011-10-04 14:32:00,588,19.6,0.6122448979591836,1.7750457038391223,182.33333333333331,65,0
17668.0,347.75,2,93,23.183333333333334,2011-11-01 14:45:00,2011-12-08 13:25:00,36,1.2,1.6666666666666667,3.739247311827957,46.5,0,0
17669.0,6142.35,10,3505,42.65520833333333,2010-04-01 18:48:00,2011-10-28 08:53:00,574,19.133333333333333,0.5226480836236934,1.7524536376604851,350.5,42,0
17670.0,205.7,1,110,18.7,2011-04-26 09:12:00,2011-04-26 09:12:00,0,1.0,1.0,1.87,110.0,227,1
17671.0,2114.71,7,1064,21.1471,2010-11-29 11:53:00,2011-11-24 12:21:00,360,12.0,0.5833333333333334,1.9875093984962409,152.0,15,0
17672.0,5707.08,9,2740,27.04777251184834,2010-01-26 17:20:00,2011-10-27 10:56:00,638,21.266666666666666,0.4231974921630094,2.0828759124087592,304.44444444444446,43,0
17673.0,4216.33,15,3333,8.077260536398468,2010-03-19 12:17:00,2011-12-08 13:06:00,629,20.966666666666665,0.7154213036565978,1.265025502550255,222.2,0,0
17674.0,851.7,2,1021,22.413157894736845,2010-12-06 10:20:00,2011-09-26 13:35:00,294,9.8,0.2040816326530612,0.8341821743388835,510.5,73,0
17675.0,37605.84,90,16226,32.30742268041237,2009-12-10 16:10:00,2011-12-08 18:03:00,728,24.266666666666666,3.708791208791209,2.317628497473192,180.2888888888889,0,0
17676.0,2722.52,13,1866,16.109585798816568,2010-03-30 10:49:00,2011-12-05 15:16:00,615,20.5,0.6341463414634146,1.4590139335476957,143.53846153846155,3,0
17677.0,35866.63,91,21746,47.13091984231274,2009-12-11 13:19:00,2011-12-08 09:56:00,726,24.2,3.760330578512397,1.649343787363193,238.96703296703296,1,0
17678.0,579.81,3,367,19.993448275862068,2010-04-15 13:54:00,2011-03-21 11:52:00,339,11.3,0.2654867256637168,1.5798637602179837,122.33333333333331,263,1
17679.0,3166.56,11,1414,30.157714285714285,2009-12-03 17:32:00,2011-10-18 07:43:00,683,22.766666666666666,0.4831625183016105,2.2394342291372,128.54545454545453,52,0
17680.0,462.5,4,154,22.02380952380953,2010-07-16 16:07:00,2011-11-16 12:42:00,487,16.233333333333334,0.2464065708418891,3.0032467532467533,38.5,23,0
17681.0,529.5999999999999,6,354,35.30666666666666,2009-12-11 13:11:00,2010-04-21 17:22:00,131,4.366666666666666,1.3740458015267176,1.4960451977401128,59.0,596,1
17682.0,4441.78,12,2489,18.58485355648536,2010-03-08 09:49:00,2011-11-29 15:59:00,631,21.03333333333333,0.5705229793977813,1.7845640819606263,207.41666666666663,9,0
17683.0,819.01,3,781,17.804565217391303,2010-06-03 17:15:00,2010-11-19 10:11:00,168,5.6,0.5357142857142857,1.0486683738796414,260.3333333333333,385,1
17684.0,239.41,1,145,15.960666666666665,2011-10-27 11:10:00,2011-10-27 11:10:00,0,1.0,1.0,1.6511034482758618,145.0,43,0
17685.0,5928.17,14,3842,27.572883720930232,2010-02-11 13:44:00,2011-11-23 11:36:00,649,21.633333333333333,0.6471494607087828,1.5429906298802707,274.42857142857144,16,0
17686.0,8296.81,9,3583,19.339883449883448,2010-06-24 09:49:00,2011-12-02 15:39:00,526,17.533333333333335,0.5133079847908745,2.3156042422550933,398.1111111111111,6,0
17687.0,432.68,1,210,16.641538461538463,2010-10-15 12:30:00,2010-10-15 12:30:00,0,1.0,1.0,2.060380952380952,210.0,420,1
17688.0,286.5,2,108,14.325,2010-11-11 10:41:00,2010-11-30 10:51:00,19,0.6333333333333333,3.1578947368421053,2.6527777777777777,54.0,374,1
17689.0,317.08,2,300,14.412727272727272,2010-08-22 13:54:00,2010-11-16 13:22:00,85,2.833333333333333,0.7058823529411764,1.0569333333333333,150.0,387,1
17690.0,7438.6,21,3120,19.32103896103896,2010-02-03 14:26:00,2011-11-09 15:17:00,644,21.466666666666665,0.9782608695652176,2.3841666666666668,148.57142857142858,29,0
17691.0,769.85,5,361,14.525471698113208,2010-06-11 11:50:00,2010-12-16 17:20:00,188,6.266666666666667,0.7978723404255319,2.1325484764542937,72.2,357,1
17692.0,2962.4,14,2330,18.06341463414634,2010-06-17 11:14:00,2011-08-04 14:01:00,413,13.766666666666667,1.0169491525423728,1.2714163090128756,166.42857142857142,126,1
17693.0,187.02,3,229,10.39,2011-07-25 15:48:00,2011-07-26 17:12:00,1,0.0333333333333333,90.0,0.8166812227074236,76.33333333333333,135,1
17694.0,1695.97,3,1493,20.937901234567903,2010-05-26 08:27:00,2011-07-21 12:00:00,421,14.033333333333331,0.2137767220902612,1.1359477561955793,497.6666666666667,141,1
17695.0,1720.54,6,1803,27.75064516129032,2010-01-28 09:27:00,2011-07-31 10:40:00,549,18.3,0.3278688524590163,0.95426511369939,300.5,131,1
17696.0,7380.89,48,5749,18.452225,2009-12-10 17:09:00,2011-11-01 13:43:00,690,23.0,2.0869565217391304,1.2838563228387547,119.77083333333331,37,0
17697.0,338.95000000000005,1,93,17.839473684210528,2011-04-17 15:40:00,2011-04-17 15:40:00,0,1.0,1.0,3.644623655913979,93.0,235,1
17698.0,154.95,1,93,19.36875,2011-03-24 11:34:00,2011-03-24 11:34:00,0,1.0,1.0,1.6661290322580644,93.0,260,1
17699.0,442.0,2,208,23.26315789473684,2010-05-27 11:53:00,2010-08-20 09:39:00,84,2.8,0.7142857142857143,2.125,104.0,476,1
17700.0,6630.87,17,3459,18.01866847826087,2009-12-01 11:37:00,2011-11-23 11:51:00,722,24.066666666666663,0.7063711911357341,1.916990459670425,203.4705882352941,16,0
17701.0,417.95,1,109,17.414583333333333,2011-04-01 12:25:00,2011-04-01 12:25:00,0,1.0,1.0,3.8344036697247703,109.0,252,1
17702.0,2911.79,9,2092,17.332083333333333,2010-11-04 12:09:00,2011-11-09 16:03:00,370,12.333333333333334,0.7297297297297297,1.3918690248565966,232.44444444444449,29,0
17703.0,1094.84,4,897,14.036410256410257,2010-10-17 16:16:00,2011-11-04 15:51:00,382,12.733333333333333,0.3141361256544502,1.220557413600892,224.25,34,0
17704.0,885.19,2,343,28.554516129032255,2011-04-14 09:28:00,2011-06-24 09:40:00,71,2.3666666666666667,0.8450704225352113,2.580728862973761,171.5,168,1
17705.0,2041.5,12,1295,16.332,2010-05-12 09:47:00,2011-12-06 13:45:00,573,19.1,0.6282722513089005,1.5764478764478764,107.91666666666669,2,0
17706.0,19543.9,43,7852,24.368952618453868,2010-01-19 12:13:00,2011-12-05 13:34:00,685,22.83333333333333,1.883211678832117,2.489034640855833,182.6046511627907,3,0
17707.0,605.0500000000001,9,545,24.202,2009-12-07 12:19:00,2011-06-07 15:03:00,547,18.23333333333333,0.4936014625228519,1.1101834862385322,60.55555555555556,184,1
17708.0,887.9300000000001,4,388,11.999054054054056,2010-10-12 12:13:00,2011-06-05 10:12:00,235,7.833333333333333,0.5106382978723405,2.2884793814432998,97.0,187,1
17709.0,671.01,5,295,16.77525,2010-04-15 14:48:00,2011-06-23 11:55:00,433,14.433333333333334,0.3464203233256351,2.2746101694915253,59.0,169,1
17710.0,293.5,1,158,14.675,2010-10-12 07:49:00,2010-10-12 07:49:00,0,1.0,1.0,1.8575949367088609,158.0,423,1
17711.0,385.1,2,246,16.743478260869566,2011-02-23 11:32:00,2011-11-29 11:40:00,279,9.3,0.2150537634408602,1.5654471544715447,123.0,10,0
17712.0,522.91,1,215,18.031379310344825,2011-10-26 12:28:00,2011-10-26 12:28:00,0,1.0,1.0,2.4321395348837207,215.0,44,0
17713.0,1198.09,4,989,15.764342105263156,2010-06-09 09:33:00,2010-11-22 16:50:00,166,5.533333333333333,0.7228915662650602,1.2114155712841252,247.25,381,1
17714.0,1376.58,9,590,16.19505882352941,2010-07-14 10:41:00,2011-01-23 10:32:00,192,6.4,1.40625,2.333186440677966,65.55555555555556,320,1
17715.0,489.6,2,576,244.8,2010-04-26 12:17:00,2011-05-23 12:32:00,392,13.066666666666666,0.1530612244897959,0.85,288.0,200,1
17716.0,15671.32,27,8704,25.523322475570037,2009-12-02 17:18:00,2011-11-17 12:00:00,714,23.8,1.134453781512605,1.8004733455882354,322.3703703703704,22,0
17717.0,376.92,1,344,14.496923076923078,2010-10-14 12:54:00,2010-10-14 12:54:00,0,1.0,1.0,1.0956976744186049,344.0,420,1
17718.0,386.98,3,238,16.124166666666667,2010-03-05 08:01:00,2011-04-21 13:39:00,412,13.733333333333333,0.2184466019417476,1.625966386554622,79.33333333333333,231,1
17719.0,5367.8,18,2455,19.30863309352518,2011-03-29 11:29:00,2011-11-02 10:36:00,217,7.233333333333333,2.488479262672811,2.1864765784114053,136.38888888888889,37,0
17720.0,2715.06,12,1608,19.96367647058824,2010-05-10 09:58:00,2011-11-13 15:04:00,552,18.4,0.6521739130434783,1.6884701492537313,134.0,25,0
17721.0,307.21000000000004,1,107,27.928181818181823,2010-02-18 15:18:00,2010-02-18 15:18:00,0,1.0,1.0,2.871121495327103,107.0,658,1
17722.0,4386.96,7,2914,19.584642857142857,2010-11-29 09:44:00,2011-09-04 15:22:00,279,9.3,0.7526881720430108,1.50547700754976,416.2857142857143,95,1
17723.0,3378.4,7,912,281.53333333333336,2010-11-29 10:35:00,2011-08-04 18:37:00,248,8.266666666666667,0.846774193548387,3.704385964912281,130.28571428571428,126,1
17724.0,995.65,4,289,22.12555555555556,2011-07-24 13:26:00,2011-10-13 10:53:00,80,2.6666666666666665,1.5,3.445155709342561,72.25,57,0
17725.0,3371.13,14,2141,17.025909090909092,2011-03-17 19:47:00,2011-11-23 16:34:00,250,8.333333333333334,1.68,1.5745586174684727,152.92857142857142,15,0
17726.0,1089.56,8,442,16.762461538461537,2010-01-26 14:58:00,2010-11-09 13:37:00,286,9.533333333333331,0.8391608391608392,2.4650678733031675,55.25,394,1
17727.0,1042.55,2,639,15.560447761194029,2011-11-24 17:06:00,2011-11-30 15:21:00,5,0.1666666666666666,12.0,1.6315336463223786,319.5,8,0
17728.0,3861.13,8,2137,15.382988047808766,2010-09-12 14:58:00,2011-12-06 08:52:00,449,14.966666666666669,0.5345211581291759,1.8067992512868507,267.125,3,0
17729.0,438.65,1,247,19.071739130434786,2010-04-22 15:03:00,2010-04-22 15:03:00,0,1.0,1.0,1.7759109311740893,247.0,595,1
17730.0,7757.35,23,5283,24.4711356466877,2010-04-29 11:48:00,2011-12-06 15:43:00,586,19.53333333333333,1.1774744027303754,1.468360779859928,229.69565217391303,2,0
17731.0,1347.08,7,606,11.713739130434782,2010-02-09 12:37:00,2011-09-21 15:02:00,589,19.633333333333333,0.3565365025466893,2.222904290429043,86.57142857142857,78,0
17732.0,2448.14,10,1145,17.11986013986014,2010-08-09 08:41:00,2010-12-02 09:29:00,115,3.8333333333333335,2.608695652173913,2.138113537117904,114.5,372,1
17733.0,692.19,2,463,19.776857142857143,2011-03-23 09:54:00,2011-11-01 08:16:00,222,7.4,0.2702702702702702,1.4950107991360693,231.5,38,0
17734.0,1442.32,6,741,16.771162790697673,2010-03-07 13:55:00,2011-10-17 12:33:00,588,19.6,0.3061224489795918,1.946450742240216,123.5,53,0
17735.0,17162.58,29,10872,19.04836847946726,2010-07-30 13:25:00,2011-12-07 16:47:00,495,16.5,1.7575757575757576,1.578603752759382,374.8965517241379,1,0
17736.0,337.49,4,237,12.980384615384615,2011-08-18 14:33:00,2011-11-30 15:36:00,104,3.466666666666667,1.1538461538461535,1.4240084388185654,59.25,8,0
17737.0,168.24,2,108,16.824,2011-10-12 14:42:00,2011-11-30 15:16:00,49,1.6333333333333333,1.2244897959183674,1.557777777777778,54.0,8,0
17738.0,4145.36,15,2768,17.79124463519313,2010-03-19 10:07:00,2011-11-20 15:05:00,611,20.366666666666667,0.7364975450081833,1.497601156069364,184.53333333333333,18,0
17739.0,7718.14,20,2327,50.77723684210527,2009-12-07 10:48:00,2011-11-28 09:12:00,720,24.0,0.8333333333333334,3.316776966050709,116.35,11,0
17740.0,426.9,6,222,47.43333333333333,2010-01-11 13:11:00,2010-11-15 16:33:00,308,10.266666666666667,0.5844155844155844,1.9229729729729728,37.0,388,1
17741.0,101.1,2,114,16.849999999999998,2010-05-28 12:11:00,2010-10-29 11:59:00,153,5.1,0.3921568627450981,0.8868421052631579,57.0,406,1
17742.0,2098.48,11,653,24.688,2009-12-01 13:16:00,2011-08-18 15:28:00,625,20.83333333333333,0.528,3.2135987748851456,59.36363636363637,112,1
17743.0,208.85,2,83,41.77,2010-09-17 14:54:00,2010-09-23 15:01:00,6,0.2,10.0,2.516265060240964,41.5,441,1
17744.0,2617.82,8,3790,17.2225,2010-11-24 09:34:00,2011-12-06 12:11:00,377,12.566666666666666,0.636604774535809,0.6907176781002639,473.75,3,0
17745.0,600.34,2,164,21.44071428571429,2010-06-02 09:03:00,2010-08-19 12:30:00,78,2.6,0.7692307692307692,3.660609756097561,82.0,477,1
17746.0,873.4300000000001,7,659,21.83575,2010-04-08 12:54:00,2011-04-19 11:26:00,375,12.5,0.56,1.3253869499241275,94.14285714285714,234,1
17747.0,64.65,2,11,32.325,2011-08-19 08:13:00,2011-08-31 13:29:00,12,0.4,5.0,5.877272727272728,5.5,99,1
17748.0,358.15,1,111,21.06764705882353,2010-06-30 13:49:00,2010-06-30 13:49:00,0,1.0,1.0,3.2265765765765764,111.0,526,1
17749.0,1026.18,3,446,18.003157894736844,2010-06-11 14:56:00,2011-06-14 15:45:00,368,12.266666666666667,0.2445652173913043,2.30085201793722,148.66666666666666,177,1
17750.0,1797.57,9,3957,9.313834196891191,2011-06-28 15:44:00,2011-12-04 14:09:00,158,5.266666666666667,1.7088607594936709,0.4542759666413949,439.6666666666667,4,0
17751.0,157.86,1,147,4.933125,2010-10-14 13:57:00,2010-10-14 13:57:00,0,1.0,1.0,1.0738775510204082,147.0,420,1
17752.0,80.64,1,192,80.64,2010-12-15 16:19:00,2010-12-15 16:19:00,0,1.0,1.0,0.42,192.0,358,1
17753.0,388.06,5,126,5.315890410958904,2010-01-06 14:20:00,2010-09-01 15:49:00,238,7.933333333333334,0.6302521008403361,3.07984126984127,25.2,463,1
17754.0,4509.39,16,4374,19.437025862068968,2009-12-11 15:52:00,2011-12-09 11:20:00,727,24.23333333333333,0.6602475928473177,1.0309533607681756,273.375,0,0
17755.0,-72.23,1,-30,-7.223000000000001,2010-10-11 15:45:00,2010-10-11 15:45:00,0,1.0,1.0,2.4076666666666666,-30.0,423,1
17756.0,733.7,3,400,8.631764705882354,2010-11-10 12:54:00,2010-11-29 12:20:00,18,0.6,5.0,1.83425,133.33333333333334,375,1
17757.0,9342.84,60,5104,7.104821292775665,2010-01-13 15:56:00,2011-12-08 15:31:00,693,23.1,2.5974025974025974,1.8304937304075235,85.06666666666666,0,0
17758.0,5012.53,12,3236,9.351735074626864,2010-05-20 13:18:00,2011-11-20 14:45:00,549,18.3,0.6557377049180327,1.5489894932014832,269.6666666666667,18,0
17759.0,1276.91,5,976,9.252971014492754,2010-05-05 11:40:00,2011-11-22 16:02:00,566,18.866666666666667,0.2650176678445229,1.3083094262295083,195.2,16,0
17760.0,911.68,7,695,11.84,2010-02-28 12:15:00,2011-11-18 10:56:00,627,20.9,0.3349282296650718,1.311769784172662,99.28571428571428,21,0
17761.0,712.78,1,398,37.51473684210527,2011-11-07 10:23:00,2011-11-07 10:23:00,0,1.0,1.0,1.790904522613065,398.0,32,0
17762.0,129.75,1,129,7.632352941176471,2010-09-09 17:40:00,2010-09-09 17:40:00,0,1.0,1.0,1.005813953488372,129.0,455,1
17763.0,51.15,5,27,2.5575,2010-02-18 14:32:00,2011-03-21 14:25:00,395,13.166666666666666,0.379746835443038,1.8944444444444444,5.4,262,1
17764.0,1623.64,5,729,10.211572327044026,2009-12-03 14:28:00,2011-10-20 11:03:00,685,22.83333333333333,0.218978102189781,2.22721536351166,145.8,50,0
17765.0,530.8,4,197,6.395180722891566,2010-09-17 12:45:00,2011-07-04 12:41:00,289,9.633333333333333,0.4152249134948097,2.694416243654822,49.25,158,1
17766.0,299.61,2,155,13.618636363636364,2010-11-23 14:17:00,2010-11-23 14:29:00,0,1.0,2.0,1.932967741935484,77.5,380,1
17767.0,413.05,2,198,10.591025641025642,2010-10-25 16:22:00,2011-11-24 14:42:00,394,13.133333333333333,0.1522842639593908,2.0861111111111112,99.0,14,0
17768.0,3504.56,8,2432,18.34848167539267,2009-12-02 12:26:00,2011-12-01 13:22:00,729,24.3,0.3292181069958848,1.4410197368421052,304.0,7,0
17769.0,6994.66,21,3127,11.59976782752902,2010-01-19 11:33:00,2011-11-27 11:18:00,676,22.53333333333333,0.9319526627218936,2.236859609849696,148.9047619047619,12,0
17770.0,1143.27,5,365,30.086052631578948,2011-03-02 13:35:00,2011-05-25 12:34:00,83,2.7666666666666666,1.8072289156626504,3.132246575342465,73.0,198,1
17771.0,387.41,4,373,5.61463768115942,2010-04-29 13:21:00,2011-10-14 11:43:00,532,17.733333333333334,0.225563909774436,1.0386327077747988,93.25,56,0
17772.0,384.77,3,122,3.6644761904761904,2010-11-12 11:31:00,2011-11-29 11:05:00,381,12.7,0.2362204724409449,3.153852459016393,40.66666666666666,10,0
17773.0,585.27,2,260,10.45125,2010-01-18 14:32:00,2010-07-13 14:07:00,175,5.833333333333333,0.3428571428571428,2.251038461538461,130.0,513,1
17774.0,2945.7,13,1605,7.115217391304348,2010-02-08 16:06:00,2011-09-04 12:49:00,572,19.066666666666663,0.6818181818181819,1.835327102803738,123.46153846153848,96,1
17775.0,56.4,1,72,18.8,2011-03-30 10:50:00,2011-03-30 10:50:00,0,1.0,1.0,0.7833333333333333,72.0,254,1
17776.0,331.81,3,276,3.9036470588235295,2009-12-16 14:59:00,2010-11-18 12:14:00,336,11.2,0.2678571428571428,1.2022101449275362,92.0,386,1
17777.0,665.86,3,507,3.4322680412371134,2011-08-31 14:35:00,2011-11-15 12:02:00,75,2.5,1.2,1.3133333333333337,169.0,24,0
17778.0,197.7,1,214,19.770000000000003,2010-02-16 12:44:00,2010-02-16 12:44:00,0,1.0,1.0,0.9238317757009348,214.0,661,1
17779.0,642.17,5,394,7.644880952380951,2011-07-19 12:19:00,2011-11-18 14:15:00,122,4.066666666666666,1.2295081967213115,1.6298730964467003,78.8,20,0
17780.0,352.91,3,158,4.356913580246914,2010-01-24 11:21:00,2010-02-10 13:43:00,17,0.5666666666666667,5.294117647058823,2.233607594936709,52.66666666666666,666,1
17781.0,188.02,2,34,15.668333333333337,2011-03-31 19:54:00,2011-07-03 16:00:00,93,3.1,0.6451612903225806,5.53,17.0,158,1
17782.0,679.02,2,538,23.41448275862069,2010-11-22 10:03:00,2010-11-22 11:15:00,0,1.0,2.0,1.2621189591078066,269.0,382,1
17783.0,379.91,3,439,4.12945652173913,2010-07-15 12:50:00,2011-09-28 16:07:00,440,14.666666666666666,0.2045454545454545,0.8653986332574033,146.33333333333334,71,0
17784.0,112.86,1,72,4.90695652173913,2010-06-07 16:08:00,2010-06-07 16:08:00,0,1.0,1.0,1.5675,72.0,549,1
17785.0,403.38,3,227,7.909411764705882,2010-05-23 13:01:00,2011-10-17 13:43:00,512,17.066666666666666,0.17578125,1.7770044052863436,75.66666666666667,52,0
17786.0,278.74,2,200,3.871388888888889,2011-01-26 14:35:00,2011-09-15 12:51:00,231,7.7,0.2597402597402597,1.3937,100.0,84,0
17787.0,2601.4700000000003,4,1266,15.76648484848485,2010-12-03 13:43:00,2011-07-10 11:24:00,218,7.266666666666667,0.5504587155963303,2.054873617693523,316.5,152,1
17788.0,1117.9,2,211,223.58,2011-08-02 10:38:00,2011-09-27 10:09:00,55,1.8333333333333333,1.090909090909091,5.298104265402844,105.5,73,0
17789.0,397.15,2,199,13.694827586206896,2010-02-16 13:16:00,2011-03-03 13:14:00,379,12.633333333333333,0.158311345646438,1.9957286432160803,99.5,280,1
17790.0,2783.61,20,1389,9.156611842105264,2010-06-13 13:30:00,2011-11-13 11:30:00,517,17.233333333333334,1.1605415860735009,2.0040388768898487,69.45,26,0
17791.0,106.1,1,46,10.61,2011-11-10 12:09:00,2011-11-10 12:09:00,0,1.0,1.0,2.3065217391304347,46.0,29,0
17792.0,370.05,2,151,6.9820754716981135,2010-08-18 13:08:00,2010-08-29 14:30:00,11,0.3666666666666666,5.454545454545455,2.450662251655629,75.5,466,1
17793.0,323.04,1,232,5.5696551724137935,2011-11-14 14:24:00,2011-11-14 14:24:00,0,1.0,1.0,1.3924137931034484,232.0,24,0
17794.0,147.3,2,46,21.042857142857144,2010-01-20 12:17:00,2010-01-22 10:18:00,1,0.0333333333333333,60.0,3.2021739130434783,23.0,686,1
17795.0,350.39,2,341,7.617173913043478,2011-03-20 12:02:00,2011-06-13 12:36:00,85,2.833333333333333,0.7058823529411764,1.0275366568914956,170.5,179,1
17796.0,1361.99,7,379,6.053288888888889,2010-10-14 13:37:00,2011-10-30 15:38:00,381,12.7,0.5511811023622047,3.593641160949868,54.142857142857146,39,0
17797.0,1985.87,8,1090,7.221345454545454,2009-12-15 14:30:00,2011-11-17 13:21:00,701,23.366666666666667,0.3423680456490727,1.8218990825688075,136.25,21,0
17798.0,183.09,1,142,3.736530612244898,2010-05-07 11:42:00,2010-05-07 11:42:00,0,1.0,1.0,1.2893661971830983,142.0,581,1
17799.0,6216.74,23,3692,6.663172561629153,2009-12-13 16:03:00,2011-11-17 15:16:00,703,23.433333333333334,0.9815078236130867,1.6838407367280606,160.52173913043478,21,0
17800.0,1199.01,9,736,11.528942307692308,2011-01-09 13:50:00,2011-11-02 12:57:00,296,9.866666666666667,0.9121621621621622,1.6290896739130434,81.77777777777777,36,0
17801.0,795.78,4,835,9.253255813953489,2010-01-17 11:31:00,2010-09-14 14:32:00,240,8.0,0.5,0.9530299401197604,208.75,450,1
17802.0,4915.84,16,2755,8.793989266547406,2009-12-13 13:39:00,2011-09-18 14:56:00,644,21.466666666666665,0.7453416149068324,1.7843339382940109,172.1875,81,0
17803.0,184.66,1,98,6.839259259259259,2010-11-12 13:53:00,2010-11-12 13:53:00,0,1.0,1.0,1.8842857142857143,98.0,391,1
17804.0,380.13,4,194,4.087419354838709,2009-12-01 12:22:00,2010-11-28 14:01:00,362,12.066666666666666,0.3314917127071823,1.9594329896907217,48.5,375,1
17805.0,927.03,2,1126,84.27545454545454,2010-04-08 14:36:00,2011-09-27 11:49:00,536,17.866666666666667,0.1119402985074626,0.8232948490230906,563.0,73,0
17806.0,546.04,1,727,12.698604651162787,2011-11-28 14:12:00,2011-11-28 14:12:00,0,1.0,1.0,0.7510866574965611,727.0,10,0
17807.0,437.87,3,262,4.919887640449439,2010-01-04 14:00:00,2010-11-09 16:21:00,309,10.3,0.2912621359223301,1.671259541984733,87.33333333333333,394,1
17808.0,262.64,4,143,7.958787878787878,2010-05-07 16:26:00,2010-06-09 10:44:00,32,1.0666666666666669,3.75,1.8366433566433569,35.75,548,1
17809.0,10498.85,24,3309,89.73376068376069,2009-12-02 14:52:00,2011-11-23 13:00:00,720,24.0,1.0,3.17281656089453,137.875,15,0
17810.0,344.86,3,118,6.050175438596492,2010-01-25 10:26:00,2010-02-09 10:51:00,15,0.5,6.0,2.922542372881356,39.333333333333336,668,1
17811.0,9448.53,60,5277,7.847616279069768,2010-09-20 11:24:00,2011-12-05 13:46:00,441,14.7,4.081632653061225,1.790511654349062,87.95,3,0
17812.0,1165.89,7,612,5.00381974248927,2010-06-27 13:34:00,2011-11-27 11:47:00,517,17.233333333333334,0.4061895551257253,1.905049019607843,87.42857142857143,12,0
17813.0,1714.6,7,777,4.535978835978836,2011-09-29 15:57:00,2011-11-25 16:13:00,57,1.9,3.68421052631579,2.2066924066924067,111.0,13,0
17814.0,1617.32,2,1440,11.07753424657534,2010-10-13 14:03:00,2010-11-29 14:21:00,47,1.5666666666666669,1.2765957446808511,1.123138888888889,720.0,374,1
17815.0,591.96,1,612,45.535384615384615,2010-11-11 14:39:00,2010-11-11 14:39:00,0,1.0,1.0,0.9672549019607845,612.0,392,1
17816.0,112.32,6,96,2.042181818181818,2009-12-15 15:27:00,2011-11-03 11:34:00,687,22.9,0.2620087336244541,1.17,16.0,36,0
17817.0,801.15,7,363,5.7225,2010-10-13 15:07:00,2011-12-05 14:39:00,417,13.9,0.5035971223021583,2.2070247933884297,51.85714285714285,3,0
17818.0,130.18,1,90,2.83,2009-12-02 11:34:00,2009-12-02 11:34:00,0,1.0,1.0,1.4464444444444444,90.0,737,1
17819.0,6568.72,13,1845,64.39921568627452,2009-12-13 15:24:00,2011-09-29 10:52:00,654,21.8,0.5963302752293578,3.560281842818428,141.92307692307693,71,0
17820.0,159.51,3,107,3.393829787234042,2010-11-30 17:43:00,2011-06-01 15:14:00,182,6.066666666666666,0.4945054945054945,1.490747663551402,35.666666666666664,190,1
17821.0,334.62,1,162,55.77,2010-10-29 13:20:00,2010-10-29 13:20:00,0,1.0,1.0,2.065555555555556,162.0,405,1
17822.0,2188.5,5,1389,12.434659090909092,2010-05-28 12:15:00,2010-10-15 13:47:00,140,4.666666666666667,1.0714285714285714,1.5755939524838012,277.8,419,1
17823.0,494.25,2,262,4.493181818181818,2010-10-14 16:14:00,2010-10-14 16:24:00,0,1.0,2.0,1.8864503816793892,131.0,420,1
17824.0,298.4,1,408,22.95384615384615,2011-10-19 14:14:00,2011-10-19 14:14:00,0,1.0,1.0,0.7313725490196078,408.0,50,0
17825.0,731.96,4,540,26.141428571428573,2009-12-14 12:09:00,2010-04-20 12:01:00,126,4.2,0.9523809523809524,1.3554814814814815,135.0,598,1
17826.0,134.59,1,85,3.958529411764706,2010-11-30 13:23:00,2010-11-30 13:23:00,0,1.0,1.0,1.5834117647058823,85.0,373,1
17827.0,2381.3,7,1591,8.239792387543254,2010-03-28 12:20:00,2011-12-04 15:00:00,616,20.53333333333333,0.3409090909090909,1.4967316153362666,227.28571428571428,4,0
17828.0,1599.97,9,641,19.511829268292683,2011-06-08 08:31:00,2011-12-01 09:34:00,176,5.866666666666666,1.5340909090909092,2.496053042121685,71.22222222222223,8,0
17829.0,4680.42,6,2937,27.211744186046516,2010-02-22 15:39:00,2011-02-14 12:46:00,356,11.866666666666667,0.5056179775280899,1.5936057201225742,489.5,298,1
17830.0,398.7,3,92,17.33478260869565,2011-02-24 10:15:00,2011-12-08 12:28:00,287,9.566666666666666,0.313588850174216,4.333695652173913,30.666666666666668,1,0
17831.0,35.400000000000006,1,12,17.700000000000003,2011-11-06 15:09:00,2011-11-06 15:09:00,0,1.0,1.0,2.9500000000000006,12.0,32,0
17832.0,155.37,1,208,2.547049180327869,2011-10-21 11:43:00,2011-10-21 11:43:00,0,1.0,1.0,0.7469711538461539,208.0,49,0
17833.0,342.36,1,145,10.69875,2009-12-16 13:40:00,2009-12-16 13:40:00,0,1.0,1.0,2.361103448275862,145.0,722,1
17834.0,730.47,2,687,12.38084745762712,2010-09-20 15:32:00,2010-10-21 12:09:00,30,1.0,2.0,1.0632751091703057,343.5,414,1
17835.0,350.64,3,348,5.748196721311476,2011-11-16 16:30:00,2011-12-07 11:48:00,20,0.6666666666666666,4.5,1.0075862068965518,116.0,2,0
17836.0,110.21,1,88,4.592083333333333,2011-10-23 16:13:00,2011-10-23 16:13:00,0,1.0,1.0,1.2523863636363637,88.0,46,0
17837.0,1560.53,10,515,9.0728488372093,2011-06-29 16:44:00,2011-10-28 16:15:00,120,4.0,2.5,3.0301553398058254,51.5,41,0
17838.0,6239.55,15,3686,19.13972392638037,2010-03-19 09:53:00,2011-11-13 11:38:00,604,20.133333333333333,0.7450331125827815,1.6927699403147043,245.7333333333333,26,0
17839.0,338.8,1,285,6.05,2011-10-28 17:27:00,2011-10-28 17:27:00,0,1.0,1.0,1.1887719298245614,285.0,41,0
17840.0,185.72,1,138,3.376727272727273,2010-09-22 12:24:00,2010-09-22 12:24:00,0,1.0,1.0,1.3457971014492751,138.0,443,1
17841.0,69516.19,289,37120,5.307794914866,2009-12-02 15:41:00,2011-12-08 12:07:00,735,24.5,11.79591836734694,1.8727421875,128.44290657439447,1,0
17842.0,430.69,1,89,23.927222222222223,2010-04-16 14:23:00,2010-04-16 14:23:00,0,1.0,1.0,4.839213483146067,89.0,601,1
17843.0,326.23,2,276,5.09734375,2010-10-24 10:56:00,2011-02-09 15:33:00,108,3.6,0.5555555555555556,1.1819927536231885,138.0,302,1
17844.0,51.56,1,52,10.312,2011-08-25 11:27:00,2011-08-25 11:27:00,0,1.0,1.0,0.9915384615384616,52.0,106,1
17845.0,598.19,4,196,12.462291666666667,2010-05-12 13:04:00,2010-06-02 15:20:00,21,0.7,5.714285714285714,3.0519897959183675,49.0,554,1
17846.0,2033.1,1,1,2033.1,2011-09-15 15:20:00,2011-09-15 15:20:00,0,1.0,1.0,2033.1,1.0,84,0
17847.0,129.69,2,29,14.41,2010-03-04 12:57:00,2010-07-12 10:00:00,129,4.3,0.4651162790697674,4.472068965517241,14.5,515,1
17848.0,3638.15,31,1437,21.52751479289941,2009-12-06 13:19:00,2011-09-19 16:49:00,652,21.73333333333333,1.4263803680981595,2.531767571329158,46.354838709677416,80,0
17849.0,1063.76,8,224,21.2752,2010-03-14 15:17:00,2011-05-05 13:46:00,416,13.866666666666667,0.5769230769230769,4.748928571428571,28.0,217,1
17850.0,55703.130000000005,159,22594,19.703972408914044,2009-12-05 12:28:00,2011-02-10 14:38:00,432,14.4,11.041666666666666,2.4653947950783395,142.1006289308176,301,1
17851.0,1563.34,6,938,6.596371308016877,2009-12-03 17:46:00,2010-10-13 15:13:00,313,10.433333333333334,0.5750798722044729,1.6666737739872068,156.33333333333334,421,1
17852.0,663.21,5,376,6.029181818181819,2009-12-08 12:51:00,2011-11-28 12:36:00,719,23.966666666666665,0.2086230876216968,1.7638563829787235,75.2,11,0
17853.0,1608.19,3,627,15.171603773584906,2009-12-03 15:09:00,2010-10-28 15:29:00,329,10.966666666666669,0.2735562310030395,2.564896331738437,209.0,406,1
17854.0,1071.45,6,610,8.92875,2009-12-08 11:13:00,2011-06-07 16:21:00,546,18.2,0.3296703296703296,1.7564754098360655,101.66666666666669,184,1
17855.0,417.94,1,394,12.292352941176471,2010-12-02 09:44:00,2010-12-02 09:44:00,0,1.0,1.0,1.060761421319797,394.0,372,1
17856.0,1393.79,6,826,81.98764705882353,2011-03-03 11:40:00,2011-12-08 09:40:00,279,9.3,0.6451612903225806,1.6873970944309926,137.66666666666666,1,0
17857.0,28566.54,26,21890,460.7506451612903,2010-03-08 12:09:00,2011-12-06 13:41:00,638,21.266666666666666,1.2225705329153609,1.305004111466423,841.9230769230769,2,0
17858.0,12723.3,32,5480,32.048614609571786,2009-12-06 15:41:00,2011-12-04 11:56:00,727,24.23333333333333,1.3204951856946354,2.3217700729927007,171.25,5,0
17859.0,148.21,1,127,5.9284,2011-02-08 10:32:00,2011-02-08 10:32:00,0,1.0,1.0,1.167007874015748,127.0,304,1
17860.0,1015.54,4,817,4.3773275862068965,2009-12-11 16:48:00,2010-12-06 12:41:00,359,11.966666666666669,0.3342618384401114,1.2430110159118726,204.25,368,1
17861.0,5064.59,22,4550,8.838726003490402,2009-12-10 10:33:00,2011-12-06 16:21:00,726,24.2,0.9090909090909092,1.1130967032967034,206.8181818181818,2,0
17862.0,1279.09,4,443,12.540098039215684,2010-05-25 17:22:00,2011-01-20 12:23:00,239,7.966666666666667,0.502092050209205,2.887336343115124,110.75,323,1
17863.0,5745.2,12,4952,20.815942028985507,2010-02-25 12:01:00,2011-10-11 13:45:00,593,19.766666666666666,0.6070826306913997,1.1601777059773828,412.6666666666667,58,0
17864.0,924.32,5,1121,6.374620689655173,2010-10-08 11:49:00,2011-11-27 11:15:00,414,13.8,0.3623188405797101,0.824549509366637,224.2,12,0
17865.0,25649.05,62,12827,24.151647834274957,2009-12-01 10:49:00,2011-11-09 12:08:00,708,23.6,2.6271186440677963,1.9996140952677943,206.88709677419357,30,0
17866.0,1131.0,4,534,41.888888888888886,2009-12-14 16:01:00,2011-07-20 11:09:00,582,19.4,0.2061855670103093,2.117977528089888,133.5,142,1
17867.0,895.7800000000001,20,352,5.49558282208589,2009-12-02 13:02:00,2011-11-09 14:15:00,707,23.566666666666663,0.8486562942008486,2.544829545454545,17.6,29,0
17868.0,234.65,1,91,12.35,2010-11-18 18:55:00,2010-11-18 18:55:00,0,1.0,1.0,2.5785714285714287,91.0,385,1
17869.0,1036.16,7,560,10.573061224489797,2010-06-10 13:47:00,2011-08-24 16:16:00,440,14.666666666666666,0.4772727272727273,1.8502857142857143,80.0,106,1
17870.0,3103.2,14,1876,10.96537102473498,2010-11-23 11:39:00,2011-12-07 15:07:00,379,12.633333333333333,1.108179419525066,1.6541577825159914,134.0,1,0
17871.0,1118.99,5,713,13.16458823529412,2010-01-15 14:48:00,2011-05-19 11:32:00,488,16.266666666666666,0.3073770491803279,1.5694109396914446,142.6,204,1
17872.0,235.87,1,176,15.724666666666668,2010-11-23 12:02:00,2010-11-23 12:02:00,0,1.0,1.0,1.3401704545454545,176.0,381,1
17873.0,6229.56,20,3760,33.13595744680851,2009-12-16 15:11:00,2011-09-20 16:41:00,643,21.433333333333334,0.9331259720062208,1.6567978723404255,188.0,79,0
17874.0,658.26,7,209,14.005531914893616,2011-03-29 11:25:00,2011-06-07 12:54:00,70,2.333333333333333,3.0,3.1495693779904306,29.857142857142858,184,1
17875.0,167.1,1,98,6.426923076923076,2010-01-20 15:30:00,2010-01-20 15:30:00,0,1.0,1.0,1.7051020408163264,98.0,687,1
17876.0,3424.02,3,1958,856.005,2010-02-02 13:00:00,2010-11-05 10:52:00,275,9.166666666666666,0.3272727272727272,1.7487334014300306,652.6666666666666,399,1
17877.0,237.61,1,98,19.800833333333333,2011-06-22 13:00:00,2011-06-22 13:00:00,0,1.0,1.0,2.424591836734694,98.0,169,1
17878.0,1412.33,3,1038,16.61564705882353,2010-11-09 13:50:00,2011-10-27 11:24:00,351,11.7,0.2564102564102564,1.360626204238921,346.0,43,0
17879.0,178.51999999999998,1,45,29.75333333333333,2011-06-19 12:36:00,2011-06-19 12:36:00,0,1.0,1.0,3.967111111111111,45.0,173,1
17880.0,824.9200000000001,3,466,18.33155555555556,2009-12-09 16:13:00,2010-12-10 10:21:00,365,12.166666666666666,0.2465753424657534,1.7702145922746784,155.33333333333334,364,1
17881.0,133.35000000000002,1,32,16.668750000000003,2011-02-08 17:16:00,2011-02-08 17:16:00,0,1.0,1.0,4.167187500000001,32.0,303,1
17882.0,313.46,2,134,5.597499999999999,2010-11-25 14:35:00,2010-11-25 14:40:00,0,1.0,2.0,2.3392537313432835,67.0,378,1
17883.0,979.95,8,479,5.536440677966102,2010-02-25 20:07:00,2011-12-06 17:49:00,648,21.6,0.3703703703703703,2.0458246346555327,59.875,2,0
17884.0,3028.89,23,3075,6.194049079754601,2009-12-04 16:22:00,2011-12-06 11:33:00,731,24.366666666666667,0.9439124487004104,0.9850048780487805,133.69565217391303,3,0
17885.0,190.19,1,167,2.97171875,2011-11-27 14:40:00,2011-11-27 14:40:00,0,1.0,1.0,1.1388622754491018,167.0,11,0
17886.0,1598.43,7,724,9.081988636363636,2009-12-14 10:51:00,2011-11-08 10:09:00,693,23.1,0.303030303030303,2.2077762430939227,103.42857142857144,31,0
17887.0,111.35,1,30,11.135,2011-08-02 17:29:00,2011-08-02 17:29:00,0,1.0,1.0,3.7116666666666656,30.0,128,1
17888.0,1318.9,31,852,6.40242718446602,2009-12-21 16:34:00,2011-11-21 10:18:00,699,23.3,1.330472103004292,1.548004694835681,27.483870967741936,18,0
17889.0,774.87,7,417,6.351393442622951,2010-03-31 10:54:00,2011-05-11 16:26:00,406,13.533333333333331,0.5172413793103449,1.858201438848921,59.57142857142857,211,1
17890.0,602.09,2,416,6.405212765957447,2010-12-13 15:12:00,2011-01-21 11:19:00,38,1.2666666666666666,1.5789473684210529,1.4473317307692308,208.0,322,1
17891.0,203.86,1,393,5.995882352941176,2011-06-30 20:08:00,2011-06-30 20:08:00,0,1.0,1.0,0.5187277353689567,393.0,161,1
17892.0,244.1,3,109,8.717857142857143,2011-07-07 12:56:00,2011-10-14 16:49:00,99,3.3,0.9090909090909092,2.2394495412844035,36.333333333333336,55,0
17893.0,112.25,1,161,7.015625,2011-04-28 13:50:00,2011-04-28 13:50:00,0,1.0,1.0,0.6972049689440993,161.0,224,1
17894.0,2397.66,20,976,5.575953488372092,2010-08-27 14:13:00,2011-09-29 09:23:00,397,13.233333333333333,1.5113350125944585,2.4566188524590165,48.8,71,0
17895.0,98.0,1,130,6.125,2011-10-26 17:00:00,2011-10-26 17:00:00,0,1.0,1.0,0.7538461538461538,130.0,43,0
17896.0,256.32,1,288,128.16,2011-11-16 13:59:00,2011-11-16 13:59:00,0,1.0,1.0,0.89,288.0,22,0
17897.0,2534.0,10,1031,7.281609195402299,2010-05-12 16:03:00,2011-06-20 11:23:00,403,13.433333333333334,0.7444168734491315,2.457807953443259,103.1,172,1
17898.0,299.18,4,251,5.9836,2010-05-21 17:22:00,2011-09-15 14:56:00,481,16.033333333333335,0.2494802494802494,1.1919521912350597,62.75,84,0
17899.0,155.8,1,171,4.86875,2011-07-03 14:58:00,2011-07-03 14:58:00,0,1.0,1.0,0.9111111111111112,171.0,158,1
17900.0,15.0,4,1,1.3636363636363635,2011-06-02 14:28:00,2011-06-28 12:09:00,25,0.8333333333333334,4.8,15.0,0.25,164,1
17901.0,260.08,3,38,11.82181818181818,2010-07-06 10:54:00,2011-11-10 17:29:00,492,16.4,0.1829268292682927,6.844210526315789,12.666666666666666,28,0
17902.0,216.4,1,526,9.016666666666667,2010-06-11 12:25:00,2010-06-11 12:25:00,0,1.0,1.0,0.4114068441064639,526.0,546,1
17903.0,381.09,1,142,8.468666666666667,2010-11-10 15:39:00,2010-11-10 15:39:00,0,1.0,1.0,2.683732394366197,142.0,393,1
17904.0,178.92,2,62,4.587692307692308,2011-11-18 12:57:00,2011-11-18 13:57:00,0,1.0,2.0,2.885806451612903,31.0,20,0
17905.0,2374.22,14,1371,13.80360465116279,2010-01-28 17:54:00,2011-09-29 17:33:00,608,20.266666666666666,0.6907894736842105,1.7317432530999268,97.92857142857144,70,0
17906.0,72.9,1,26,6.075,2011-04-06 17:25:00,2011-04-06 17:25:00,0,1.0,1.0,2.803846153846154,26.0,246,1
17907.0,291.76,1,1046,22.443076923076923,2010-03-09 12:33:00,2010-03-09 12:33:00,0,1.0,1.0,0.2789292543021032,1046.0,640,1
17908.0,1357.89,7,829,4.849607142857143,2009-12-14 12:24:00,2010-12-01 11:45:00,351,11.7,0.5982905982905983,1.6379855247285888,118.42857142857144,373,1
17909.0,132.55,1,41,14.72777777777778,2009-12-02 13:10:00,2009-12-02 13:10:00,0,1.0,1.0,3.232926829268293,41.0,736,1
17910.0,261.7,1,121,10.065384615384614,2009-12-13 16:04:00,2009-12-13 16:04:00,0,1.0,1.0,2.162809917355372,121.0,725,1
17911.0,366.23,1,223,9.39051282051282,2011-11-30 14:52:00,2011-11-30 14:52:00,0,1.0,1.0,1.6422869955156951,223.0,8,0
17912.0,360.1,7,214,6.668518518518519,2010-11-29 13:53:00,2011-02-02 14:25:00,65,2.1666666666666665,3.230769230769231,1.682710280373832,30.571428571428573,309,1
17913.0,3479.64,14,1745,7.310168067226891,2009-12-03 13:02:00,2011-10-12 10:45:00,677,22.566666666666663,0.620384047267356,1.994063037249284,124.64285714285714,58,0
17914.0,336.43,1,473,4.205375,2011-12-06 11:58:00,2011-12-06 11:58:00,0,1.0,1.0,0.7112684989429175,473.0,3,0
17915.0,242.13,1,191,6.918,2010-06-06 13:22:00,2010-06-06 13:22:00,0,1.0,1.0,1.267696335078534,191.0,550,1
17916.0,43.87,2,90,2.3089473684210526,2009-12-06 14:10:00,2010-03-21 12:26:00,104,3.466666666666667,0.5769230769230769,0.4874444444444444,45.0,628,1
17917.0,341.28,3,187,3.63063829787234,2010-12-12 12:08:00,2011-10-25 13:20:00,317,10.566666666666666,0.2839116719242902,1.8250267379679144,62.333333333333336,44,0
17918.0,396.39,3,352,9.90975,2010-07-22 14:20:00,2010-07-27 11:51:00,4,0.1333333333333333,22.5,1.1261079545454544,117.33333333333331,500,1
17919.0,1840.32,2,1452,46.008,2010-09-27 10:40:00,2011-09-12 13:41:00,350,11.666666666666666,0.1714285714285714,1.2674380165289256,726.0,87,0
17920.0,24509.91,56,12663,13.571378737541528,2009-12-06 10:37:00,2011-12-05 14:29:00,729,24.3,2.304526748971193,1.9355531864487088,226.125,3,0
17921.0,2383.35,12,989,6.441486486486486,2010-07-15 20:05:00,2011-10-06 18:56:00,447,14.9,0.8053691275167785,2.4098584428715872,82.41666666666667,63,0
17922.0,170.4,1,49,21.3,2010-06-14 16:32:00,2010-06-14 16:32:00,0,1.0,1.0,3.477551020408163,49.0,542,1
17923.0,497.0,3,140,165.66666666666666,2010-06-13 13:58:00,2011-03-02 15:15:00,262,8.733333333333333,0.3435114503816794,3.55,46.66666666666666,281,1
17924.0,3445.28,14,1244,78.30181818181819,2010-10-21 12:17:00,2011-12-08 19:28:00,413,13.766666666666667,1.0169491525423728,2.76951768488746,88.85714285714286,0,0
17925.0,488.16,1,144,244.08,2010-12-02 10:10:00,2010-12-02 10:10:00,0,1.0,1.0,3.39,144.0,372,1
17926.0,1035.49,5,572,23.53386363636364,2010-05-09 14:07:00,2011-07-29 14:39:00,446,14.866666666666667,0.3363228699551569,1.8102972027972029,114.4,132,1
17927.0,294.0,1,108,29.4,2009-12-18 11:03:00,2009-12-18 11:03:00,0,1.0,1.0,2.7222222222222223,108.0,721,1
17928.0,341.24,3,222,12.638518518518518,2010-05-17 15:30:00,2011-10-25 13:52:00,525,17.5,0.1714285714285714,1.5371171171171172,74.0,44,0
17929.0,3073.6,13,433,192.1,2009-12-09 11:40:00,2011-11-28 16:01:00,719,23.966666666666665,0.5424200278164117,7.09838337182448,33.30769230769231,10,0
17930.0,4242.92,15,3770,47.14355555555556,2010-03-04 10:41:00,2011-11-04 10:23:00,609,20.3,0.7389162561576355,1.1254429708222813,251.33333333333331,35,0
17931.0,3305.96,18,1820,9.10732782369146,2010-02-16 15:47:00,2011-07-28 18:33:00,527,17.566666666666666,1.0246679316888043,1.8164615384615383,101.11111111111111,133,1
17932.0,1331.57,3,789,14.795222222222222,2011-05-12 13:58:00,2011-11-10 19:49:00,182,6.066666666666666,0.4945054945054945,1.6876679340937897,263.0,28,0
17933.0,114.69,1,63,8.192142857142857,2010-03-17 15:11:00,2010-03-17 15:11:00,0,1.0,1.0,1.8204761904761904,63.0,631,1
17934.0,1049.15,3,628,25.589024390243903,2010-10-29 12:23:00,2011-10-19 11:16:00,354,11.8,0.2542372881355932,1.6706210191082804,209.33333333333331,51,0
17935.0,655.54,8,232,9.932424242424242,2009-12-04 14:33:00,2011-07-24 13:18:00,596,19.866666666666667,0.4026845637583892,2.825603448275862,29.0,137,1
17936.0,389.84,1,262,5.062857142857142,2011-12-04 13:32:00,2011-12-04 13:32:00,0,1.0,1.0,1.4879389312977098,262.0,4,0
17937.0,4301.22,7,1754,100.02837209302326,2010-12-12 14:43:00,2011-12-01 11:45:00,353,11.766666666666667,0.5949008498583569,2.4522348916761687,250.57142857142856,8,0
17938.0,144.29,1,53,4.97551724137931,2010-10-15 14:27:00,2010-10-15 14:27:00,0,1.0,1.0,2.7224528301886792,53.0,419,1
17939.0,99.14,1,40,8.261666666666667,2011-07-03 12:27:00,2011-07-03 12:27:00,0,1.0,1.0,2.4785,40.0,159,1
17940.0,26960.02,22,85574,641.9052380952381,2009-12-03 12:31:00,2011-10-21 13:27:00,687,22.9,0.960698689956332,0.3150491971860611,3889.727272727273,48,0
17941.0,1433.28,4,1108,204.7542857142857,2010-01-06 15:37:00,2011-08-01 08:30:00,571,19.03333333333333,0.2101576182136602,1.2935740072202166,277.0,130,1
17942.0,77.50000000000001,1,38,38.75000000000001,2011-12-02 10:45:00,2011-12-02 10:45:00,0,1.0,1.0,2.0394736842105265,38.0,7,0
17943.0,-165.03,1,-3,-165.03,2010-01-29 11:07:00,2010-01-29 11:07:00,0,1.0,1.0,55.01,-3.0,679,1
17944.0,75.41,1,85,2.900384615384615,2010-10-12 16:25:00,2010-10-12 16:25:00,0,1.0,1.0,0.8871764705882352,85.0,422,1
17945.0,360.35,3,244,5.004861111111111,2010-01-12 11:33:00,2010-01-12 11:40:00,0,1.0,3.0,1.476844262295082,81.33333333333333,696,1
17946.0,149.57999999999998,2,75,7.478999999999999,2011-03-25 14:34:00,2011-04-20 17:00:00,26,0.8666666666666667,2.3076923076923075,1.9944,37.5,232,1
17947.0,176.68,1,168,19.63111111111111,2011-11-02 13:05:00,2011-11-02 13:05:00,0,1.0,1.0,1.0516666666666667,168.0,36,0
17948.0,358.56000000000006,1,144,358.56000000000006,2011-07-15 12:58:00,2011-07-15 12:58:00,0,1.0,1.0,2.49,144.0,146,1
17949.0,98895.59,138,54328,540.4130601092896,2009-12-02 11:07:00,2011-12-08 18:46:00,736,24.53333333333333,5.625,1.8203429170961567,393.6811594202899,0,0
17950.0,1412.65,8,799,6.791586538461539,2010-01-04 17:39:00,2011-09-28 15:18:00,631,21.03333333333333,0.3803486529318541,1.7680225281602004,99.875,71,0
17951.0,1618.38,5,892,47.59941176470589,2010-10-31 15:15:00,2011-10-31 12:30:00,364,12.133333333333333,0.4120879120879121,1.8143273542600895,178.4,39,0
17952.0,819.61,4,504,7.880865384615385,2010-06-16 11:54:00,2010-11-26 13:54:00,163,5.433333333333334,0.7361963190184049,1.6262103174603175,126.0,377,1
17953.0,160.82,1,99,7.658095238095238,2010-06-17 15:08:00,2010-06-17 15:08:00,0,1.0,1.0,1.6244444444444444,99.0,539,1
17954.0,3831.56,26,3210,4.880968152866242,2009-12-09 13:22:00,2011-12-04 14:15:00,725,24.166666666666668,1.0758620689655172,1.1936323987538942,123.46153846153848,4,0
17955.0,949.9,6,681,43.17727272727273,2010-02-12 16:27:00,2011-05-25 12:00:00,466,15.533333333333331,0.3862660944206008,1.3948604992657856,113.5,198,1
17956.0,12.75,1,1,12.75,2011-04-04 13:47:00,2011-04-04 13:47:00,0,1.0,1.0,12.75,1.0,248,1
17957.0,111.68,1,287,3.6025806451612907,2011-10-04 14:58:00,2011-10-04 14:58:00,0,1.0,1.0,0.3891289198606272,287.0,65,0
17958.0,973.88,2,284,27.052222222222223,2009-12-11 15:37:00,2011-08-15 12:19:00,611,20.366666666666667,0.0981996726677577,3.429154929577465,142.0,116,1
17959.0,140.75,1,49,70.375,2010-04-26 14:12:00,2010-04-26 14:12:00,0,1.0,1.0,2.872448979591837,49.0,591,1
17960.0,135.08,3,60,3.6508108108108113,2010-03-08 12:22:00,2011-06-21 14:15:00,470,15.666666666666666,0.1914893617021276,2.2513333333333336,20.0,170,1
17961.0,2979.09,102,1534,4.500135951661632,2009-12-01 14:48:00,2011-11-18 16:55:00,717,23.9,4.2677824267782425,1.9420404172099088,15.03921568627451,20,0
17962.0,673.02,5,649,3.331782178217822,2010-01-13 15:24:00,2011-07-20 14:16:00,552,18.4,0.2717391304347826,1.0370107858243451,129.8,141,1
17963.0,651.51,4,344,5.817053571428572,2010-01-19 17:25:00,2010-08-25 15:58:00,217,7.233333333333333,0.5529953917050692,1.893924418604651,86.0,470,1
17964.0,733.46,2,496,5.276690647482015,2010-12-02 13:32:00,2011-11-08 10:44:00,340,11.333333333333334,0.1764705882352941,1.47875,248.0,31,0
17965.0,7117.78,33,4499,8.238171296296295,2009-12-14 13:19:00,2011-11-02 09:31:00,687,22.9,1.4410480349344978,1.5820804623249611,136.33333333333334,37,0
17966.0,1974.42,10,3943,17.31947368421053,2010-01-18 13:24:00,2011-11-02 10:26:00,652,21.73333333333333,0.460122699386503,0.5007405528785189,394.3,37,0
17967.0,357.29,2,198,3.106869565217392,2010-10-19 13:19:00,2010-12-03 11:19:00,44,1.4666666666666666,1.3636363636363638,1.8044949494949496,99.0,371,1
17968.0,888.04,4,525,4.036545454545454,2010-07-15 15:01:00,2010-12-01 12:23:00,138,4.6,0.8695652173913044,1.6915047619047618,131.25,373,1
17969.0,2251.19,27,986,10.140495495495497,2009-12-06 13:41:00,2011-06-26 13:00:00,566,18.866666666666667,1.431095406360424,2.28315415821501,36.51851851851852,165,1
17970.0,582.59,1,525,18.793225806451613,2011-05-12 20:03:00,2011-05-12 20:03:00,0,1.0,1.0,1.109695238095238,525.0,210,1
17971.0,161.94,1,62,7.711428571428572,2010-06-09 14:04:00,2010-06-09 14:04:00,0,1.0,1.0,2.611935483870968,62.0,547,1
17972.0,136.04,1,37,4.388387096774193,2011-04-12 12:16:00,2011-04-12 12:16:00,0,1.0,1.0,3.676756756756757,37.0,241,1
17973.0,337.04,1,176,22.46933333333333,2011-10-19 10:34:00,2011-10-19 10:34:00,0,1.0,1.0,1.915,176.0,51,0
17974.0,1858.06,6,1243,4.610570719602977,2010-10-28 20:03:00,2011-11-15 11:37:00,382,12.733333333333333,0.4712041884816754,1.4948189863234111,207.16666666666663,24,0
17975.0,6927.68,26,2254,14.402661122661124,2010-08-06 11:24:00,2011-11-24 13:27:00,475,15.833333333333334,1.6421052631578947,3.0735048802129548,86.6923076923077,14,0
17976.0,706.38,1,212,5.433692307692308,2010-12-02 13:49:00,2010-12-02 13:49:00,0,1.0,1.0,3.331981132075472,212.0,371,1
17977.0,1507.73,3,2032,13.706636363636363,2010-11-04 14:26:00,2011-11-10 13:28:00,370,12.333333333333334,0.2432432432432432,0.7419931102362205,677.3333333333334,28,0
17978.0,1461.76,4,1797,18.272,2009-12-08 13:27:00,2010-12-09 14:05:00,366,12.2,0.3278688524590164,0.8134446299387869,449.25,364,1
17979.0,737.81,5,395,5.019115646258503,2011-03-25 11:34:00,2011-11-04 12:05:00,224,7.466666666666667,0.6696428571428571,1.8678734177215188,79.0,35,0
17980.0,1033.42,4,782,15.657878787878788,2010-11-11 14:42:00,2011-06-27 12:01:00,227,7.566666666666666,0.5286343612334802,1.3215089514066498,195.5,165,1
17981.0,239.12,1,260,14.065882352941175,2010-10-25 10:40:00,2010-10-25 10:40:00,0,1.0,1.0,0.9196923076923076,260.0,410,1
17982.0,138.18,1,117,10.62923076923077,2010-01-28 09:38:00,2010-01-28 09:38:00,0,1.0,1.0,1.181025641025641,117.0,680,1
17983.0,171.71,1,108,7.154583333333334,2010-11-09 13:23:00,2010-11-09 13:24:00,0,1.0,1.0,1.5899074074074075,108.0,394,1
17984.0,1191.27,5,973,4.74609561752988,2009-12-01 11:51:00,2011-07-17 15:59:00,593,19.766666666666666,0.2529510961214165,1.2243268242548817,194.6,144,1
17985.0,634.95,1,183,27.60652173913044,2011-11-17 14:24:00,2011-11-17 14:24:00,0,1.0,1.0,3.4696721311475414,183.0,21,0
17986.0,20.8,1,10,20.8,2011-10-14 14:22:00,2011-10-14 14:22:00,0,1.0,1.0,2.08,10.0,55,0
17987.0,928.12,6,879,5.127734806629834,2010-06-07 11:23:00,2011-06-07 14:22:00,365,12.166666666666666,0.4931506849315069,1.055881683731513,146.5,184,1
17988.0,479.59,15,185,3.867661290322581,2009-12-07 13:35:00,2011-11-28 11:00:00,720,24.0,0.625,2.5923783783783785,12.333333333333334,11,0
17989.0,228.83,1,329,6.730294117647058,2010-11-25 13:49:00,2010-11-25 13:49:00,0,1.0,1.0,0.695531914893617,329.0,378,1
17990.0,1522.5700000000002,7,765,26.25120689655173,2009-12-07 15:19:00,2011-04-17 11:44:00,495,16.5,0.4242424242424242,1.9902875816993464,109.28571428571428,236,1
17991.0,320.55,3,100,8.01375,2010-04-27 12:46:00,2011-04-28 15:58:00,366,12.2,0.2459016393442623,3.2055,33.333333333333336,224,1
17992.0,254.13,1,131,4.794905660377358,2010-11-15 13:04:00,2010-11-15 13:04:00,0,1.0,1.0,1.9399236641221371,131.0,388,1
17993.0,235.19,1,112,3.67484375,2010-04-01 14:23:00,2010-04-01 14:23:00,0,1.0,1.0,2.099910714285714,112.0,616,1
17994.0,2262.87,14,2169,7.115943396226415,2010-03-29 10:37:00,2011-08-10 11:43:00,499,16.633333333333333,0.841683366733467,1.0432780082987552,154.92857142857142,121,1
17995.0,495.48,3,263,17.08551724137931,2010-11-17 17:01:00,2011-03-03 12:30:00,105,3.5,0.8571428571428571,1.883954372623574,87.66666666666667,281,1
17996.0,482.33,3,587,7.1989552238805965,2010-06-11 11:48:00,2010-11-25 11:00:00,166,5.533333333333333,0.5421686746987951,0.821686541737649,195.66666666666663,379,1
17997.0,1511.3,12,2078,8.39611111111111,2011-06-28 17:28:00,2011-09-26 16:13:00,89,2.966666666666667,4.044943820224719,0.7272858517805582,173.16666666666666,73,0
17998.0,601.74,4,531,10.198983050847458,2009-12-01 13:07:00,2010-11-24 15:35:00,358,11.933333333333334,0.3351955307262569,1.1332203389830509,132.75,379,1
17999.0,730.9,3,395,4.152840909090909,2010-11-26 13:16:00,2011-11-02 15:56:00,341,11.366666666666667,0.2639296187683284,1.850379746835443,131.66666666666666,36,0
18000.0,124.25,1,109,20.70833333333333,2010-05-24 17:34:00,2010-05-24 17:34:00,0,1.0,1.0,1.139908256880734,109.0,563,1
18001.0,953.84,6,893,6.813142857142857,2009-12-02 15:38:00,2011-11-27 16:02:00,725,24.166666666666668,0.2482758620689655,1.0681298992161254,148.83333333333334,11,0
18002.0,249.92,4,72,4.628148148148148,2009-12-08 11:07:00,2010-11-29 10:57:00,355,11.833333333333334,0.3380281690140845,3.471111111111111,18.0,375,1
18003.0,358.61,1,299,14.3444,2010-11-28 15:09:00,2010-11-28 15:09:00,0,1.0,1.0,1.1993645484949833,299.0,375,1
18004.0,169.47,1,78,4.23675,2010-12-12 13:47:00,2010-12-12 13:47:00,0,1.0,1.0,2.172692307692308,78.0,361,1
18005.0,249.72,2,93,4.162,2011-10-23 14:40:00,2011-12-06 11:51:00,43,1.4333333333333331,1.3953488372093024,2.685161290322581,46.5,3,0
18006.0,997.86,4,403,15.351692307692309,2009-12-17 12:27:00,2011-11-16 16:52:00,699,23.3,0.1716738197424892,2.476079404466501,100.75,22,0
18007.0,220.32,1,252,4.32,2010-11-12 11:08:00,2010-11-12 11:08:00,0,1.0,1.0,0.8742857142857142,252.0,392,1
18008.0,19787.13,23,7830,193.9914705882353,2010-01-06 12:35:00,2011-09-30 15:17:00,632,21.066666666666663,1.0917721518987342,2.5270919540229886,340.4347826086956,69,0
18009.0,2077.08,14,637,11.048297872340424,2010-02-25 11:49:00,2011-04-18 13:52:00,417,13.9,1.0071942446043165,3.260722135007849,45.5,234,1
18010.0,174.79999999999998,1,60,12.485714285714284,2011-03-28 12:27:00,2011-03-28 12:27:00,0,1.0,1.0,2.913333333333333,60.0,256,1
18011.0,527.03,2,198,5.666989247311828,2010-05-21 13:28:00,2010-12-01 17:35:00,194,6.466666666666667,0.3092783505154639,2.661767676767677,99.0,372,1
18012.0,115.3,1,63,8.86923076923077,2009-12-16 13:16:00,2009-12-16 13:16:00,0,1.0,1.0,1.83015873015873,63.0,722,1
18013.0,187.29,2,285,6.041612903225806,2011-07-07 14:08:00,2011-07-07 14:11:00,0,1.0,2.0,0.657157894736842,142.5,154,1
18014.0,166.42,1,68,5.200625,2011-11-11 15:28:00,2011-11-11 15:28:00,0,1.0,1.0,2.4473529411764705,68.0,27,0
18015.0,120.03,1,157,2.6093478260869567,2011-12-05 14:49:00,2011-12-05 14:49:00,0,1.0,1.0,0.7645222929936306,157.0,3,0
18016.0,1960.46,7,1209,11.532117647058824,2010-01-27 16:00:00,2011-11-07 13:25:00,648,21.6,0.324074074074074,1.6215550041356492,172.71428571428572,31,0
18017.0,688.0,4,400,172.0,2010-10-04 15:11:00,2011-09-19 16:15:00,350,11.666666666666666,0.3428571428571428,1.72,100.0,80,0
18018.0,156.69,5,66,3.264375,2010-10-15 11:05:00,2011-08-23 17:37:00,312,10.4,0.4807692307692307,2.374090909090909,13.2,107,1
18019.0,38.45,1,7,7.69,2011-10-19 12:10:00,2011-10-19 12:10:00,0,1.0,1.0,5.492857142857143,7.0,51,0
18020.0,129.28,2,43,9.234285714285717,2010-06-14 12:31:00,2010-06-14 12:47:00,0,1.0,2.0,3.006511627906977,21.5,543,1
18021.0,227.06,2,169,6.880606060606061,2010-07-15 18:47:00,2010-07-18 10:52:00,2,0.0666666666666666,30.0,1.343550295857988,84.5,509,1
18022.0,1651.79,5,1390,3.3302217741935483,2010-06-11 13:59:00,2011-11-04 12:45:00,510,17.0,0.2941176470588235,1.1883381294964028,278.0,35,0
18023.0,-3248.86,1,-1,-3248.86,2010-06-17 15:23:00,2010-06-17 15:23:00,0,1.0,1.0,3248.86,-1.0,539,1
18024.0,236.78,3,148,10.762727272727274,2011-07-10 12:28:00,2011-07-10 12:40:00,0,1.0,3.0,1.5998648648648648,49.333333333333336,152,1
18025.0,1177.72,6,1053,10.515357142857145,2010-03-30 17:33:00,2010-11-25 12:37:00,239,7.966666666666667,0.7531380753138075,1.1184425451092117,175.5,379,1
18026.0,2074.07,2,530,122.00411764705883,2010-07-22 16:21:00,2010-07-27 10:37:00,4,0.1333333333333333,15.0,3.9133396226415096,265.0,500,1
18027.0,115.31,1,78,5.490952380952381,2011-09-02 10:38:00,2011-09-02 10:38:00,0,1.0,1.0,1.4783333333333333,78.0,98,1
18028.0,192.05,1,133,48.0125,2010-05-05 13:28:00,2010-05-05 13:28:00,0,1.0,1.0,1.443984962406015,133.0,582,1
18029.0,433.77,1,253,24.098333333333333,2010-03-07 15:30:00,2010-03-07 15:30:00,0,1.0,1.0,1.714505928853755,253.0,641,1
18030.0,220.7,3,66,22.07,2011-10-28 13:55:00,2011-12-05 16:37:00,38,1.2666666666666666,2.368421052631579,3.3439393939393938,22.0,3,0
18031.0,462.1,1,300,7.109230769230769,2010-11-26 11:00:00,2010-11-26 11:00:00,0,1.0,1.0,1.540333333333333,300.0,378,1
18032.0,73.5,1,42,14.7,2011-01-09 15:32:00,2011-01-09 15:32:00,0,1.0,1.0,1.75,42.0,333,1
18033.0,97.97,1,253,2.881470588235294,2011-10-05 17:28:00,2011-10-05 17:28:00,0,1.0,1.0,0.3872332015810276,253.0,64,0
18034.0,793.7,3,992,3.527555555555556,2010-11-29 12:36:00,2011-11-18 12:22:00,353,11.766666666666667,0.254957507082153,0.800100806451613,330.6666666666667,21,0
18035.0,1276.74,5,1161,20.93016393442623,2010-11-19 13:42:00,2011-11-04 12:39:00,349,11.633333333333333,0.4297994269340974,1.0996899224806205,232.2,35,0
18036.0,1563.64,11,748,4.709759036144579,2009-12-18 12:04:00,2011-11-07 14:40:00,689,22.966666666666665,0.4789550072568941,2.090427807486631,68.0,31,0
18037.0,167.42,15,37,5.073333333333333,2009-12-01 13:48:00,2011-07-08 13:39:00,583,19.433333333333334,0.7718696397941681,4.524864864864864,2.466666666666667,153,1
18038.0,149.41,1,85,4.6690625,2010-06-01 15:59:00,2010-06-01 15:59:00,0,1.0,1.0,1.757764705882353,85.0,555,1
18039.0,579.17,4,570,3.447440476190476,2010-03-09 11:19:00,2010-11-30 13:07:00,266,8.866666666666667,0.4511278195488721,1.0160877192982456,142.5,373,1
18040.0,357.20000000000005,2,148,18.8,2011-04-08 08:27:00,2011-11-20 14:20:00,226,7.533333333333333,0.2654867256637168,2.413513513513514,74.0,18,0
18041.0,8669.65,40,7562,9.002751817237797,2010-01-14 10:04:00,2011-11-28 11:39:00,683,22.766666666666666,1.7569546120058566,1.146475800052896,189.05,11,0
18042.0,281.15,2,69,17.571875,2010-06-16 10:53:00,2011-10-17 11:49:00,488,16.266666666666666,0.1229508196721311,4.07463768115942,34.5,53,0
18043.0,875.97,3,454,4.684331550802139,2010-12-08 12:35:00,2011-11-15 12:48:00,342,11.4,0.2631578947368421,1.9294493392070484,151.33333333333334,24,0
18044.0,3502.66,19,1597,17.426169154228855,2010-05-28 15:31:00,2011-12-05 14:26:00,555,18.5,1.027027027027027,2.1932748904195365,84.05263157894737,3,0
18045.0,189.4,1,142,4.029787234042553,2011-10-25 13:07:00,2011-10-25 13:07:00,0,1.0,1.0,1.3338028169014085,142.0,44,0
18046.0,189.63,1,44,7.293461538461538,2010-02-28 11:36:00,2010-02-28 11:36:00,0,1.0,1.0,4.309772727272727,44.0,649,1
18047.0,342.69,2,138,3.894204545454545,2010-11-23 12:57:00,2010-11-23 13:11:00,0,1.0,2.0,2.483260869565217,69.0,380,1
18048.0,401.73,3,258,6.585737704918033,2010-08-03 13:03:00,2011-05-20 14:58:00,290,9.666666666666666,0.3103448275862069,1.557093023255814,86.0,202,1
18049.0,556.52,2,425,5.858105263157895,2010-04-28 13:24:00,2010-09-28 14:26:00,153,5.1,0.3921568627450981,1.3094588235294118,212.5,436,1
18050.0,412.06,2,250,17.915652173913042,2010-11-11 15:51:00,2010-12-15 14:25:00,33,1.1,1.818181818181818,1.64824,125.0,358,1
18051.0,2275.98,8,1657,39.24103448275862,2009-12-09 12:17:00,2010-03-15 13:58:00,96,3.2,2.5,1.3735546167773085,207.125,633,1
18052.0,10877.18,1,17766,679.82375,2010-05-24 11:11:00,2010-05-24 11:11:00,0,1.0,1.0,0.6122469886299674,17766.0,564,1
18053.0,527.77,6,402,15.079142857142855,2010-06-30 12:36:00,2011-10-04 17:31:00,461,15.366666666666667,0.3904555314533622,1.312860696517413,67.0,65,0
18054.0,176.5,1,96,16.045454545454547,2010-11-12 08:18:00,2010-11-12 08:18:00,0,1.0,1.0,1.8385416666666667,96.0,392,1
18055.0,11163.52,15,3834,19.01792163543441,2010-10-22 13:27:00,2011-12-02 14:25:00,406,13.533333333333331,1.1083743842364533,2.911716223265519,255.6,6,0
18056.0,539.75,3,331,17.411290322580644,2010-03-31 12:29:00,2011-02-24 14:27:00,330,11.0,0.2727272727272727,1.6306646525679758,110.33333333333331,287,1
18057.0,1203.56,3,978,8.596857142857143,2010-01-18 12:42:00,2010-11-11 16:55:00,297,9.9,0.303030303030303,1.2306339468302658,326.0,392,1
18058.0,774.06,3,394,48.37875,2010-02-10 09:38:00,2011-11-30 08:38:00,657,21.9,0.136986301369863,1.964619289340101,131.33333333333334,9,0
18059.0,296.71,4,258,14.129047619047618,2011-10-03 09:30:00,2011-11-30 17:02:00,58,1.9333333333333331,2.0689655172413794,1.1500387596899224,64.5,8,0
18060.0,1185.46,2,902,15.806133333333332,2010-05-24 08:34:00,2010-10-27 16:41:00,156,5.2,0.3846153846153846,1.3142572062084257,451.0,407,1
18061.0,6480.47,29,3606,50.2362015503876,2009-12-04 11:36:00,2011-11-18 11:20:00,713,23.766666666666666,1.2201963534361853,1.7971353300055464,124.34482758620688,21,0
18062.0,1523.37,9,817,26.725789473684213,2010-04-21 08:55:00,2011-06-19 14:47:00,424,14.133333333333333,0.6367924528301887,1.8645899632802936,90.77777777777776,172,1
18063.0,186.6,2,48,62.20000000000001,2010-03-16 13:05:00,2010-11-14 10:46:00,242,8.066666666666666,0.2479338842975206,3.8875000000000006,24.0,390,1
18064.0,4441.18,15,2659,64.36492753623189,2010-02-01 15:01:00,2011-07-29 16:39:00,543,18.1,0.8287292817679557,1.6702444528018052,177.26666666666668,132,1
18065.0,5836.88,32,2258,18.5887898089172,2009-12-09 16:00:00,2011-12-04 10:30:00,724,24.133333333333333,1.3259668508287292,2.584977856510186,70.5625,5,0
18066.0,1440.4,3,535,27.17735849056604,2010-10-20 11:42:00,2011-09-25 15:30:00,340,11.333333333333334,0.2647058823529412,2.692336448598131,178.33333333333334,74,0
18067.0,396.33,1,189,10.71162162162162,2011-10-30 15:58:00,2011-10-30 15:58:00,0,1.0,1.0,2.0969841269841267,189.0,39,0
18068.0,101.7,1,6,101.7,2011-02-23 14:50:00,2011-02-23 14:50:00,0,1.0,1.0,16.95,6.0,288,1
18069.0,4525.71,13,3224,4.52571,2010-02-28 16:14:00,2011-11-13 16:05:00,622,20.73333333333333,0.6270096463022508,1.4037562034739457,248.0,25,0
18070.0,307.75,2,85,30.775,2009-12-08 17:15:00,2010-02-08 13:28:00,61,2.033333333333333,0.9836065573770492,3.6205882352941177,42.5,668,1
18071.0,1428.63,6,847,16.611976744186048,2009-12-05 10:31:00,2011-03-27 11:59:00,477,15.9,0.3773584905660377,1.686694214876033,141.16666666666666,257,1
18072.0,-4.440892098500626e-15,2,46,-1.2335811384723962e-16,2011-06-07 10:44:00,2011-07-07 17:22:00,30,1.0,2.0,-9.654113257610055e-17,23.0,154,1
18073.0,3864.44,13,3098,50.84789473684211,2011-05-26 19:38:00,2011-08-17 14:02:00,82,2.7333333333333334,4.7560975609756095,1.2473983214977404,238.30769230769232,113,1
18074.0,1509.04,2,551,26.947142857142858,2010-07-22 10:31:00,2010-12-01 09:53:00,131,4.366666666666666,0.4580152671755725,2.7387295825771325,275.5,373,1
18075.0,5579.91,31,3219,15.9426,2010-07-29 11:47:00,2011-11-16 15:21:00,475,15.833333333333334,1.957894736842105,1.7334296365330848,103.83870967741936,22,0
18076.0,151.49,1,164,18.93625,2010-11-24 14:02:00,2010-11-24 14:02:00,0,1.0,1.0,0.923719512195122,164.0,379,1
18077.0,4338.56,18,3233,11.50811671087533,2009-12-07 11:40:00,2011-12-01 13:32:00,724,24.133333333333333,0.7458563535911602,1.3419610269099906,179.61111111111111,7,0
18078.0,844.6,4,431,10.96883116883117,2010-03-21 15:50:00,2011-05-06 14:32:00,410,13.666666666666666,0.2926829268292683,1.959628770301624,107.75,216,1
18079.0,4242.75,5,8815,30.305357142857144,2010-08-05 12:19:00,2011-10-25 15:27:00,446,14.866666666666667,0.3363228699551569,0.481310266591038,1763.0,44,0
18080.0,1231.5,2,642,615.75,2011-04-11 10:10:00,2011-11-21 08:02:00,223,7.433333333333334,0.2690582959641255,1.9182242990654208,321.0,18,0
18081.0,343.45,3,195,20.20294117647059,2011-07-29 11:56:00,2011-11-03 16:30:00,97,3.2333333333333334,0.9278350515463918,1.7612820512820513,65.0,35,0
18082.0,703.37,1,621,9.635205479452054,2011-11-14 12:45:00,2011-11-14 12:45:00,0,1.0,1.0,1.1326409017713366,621.0,25,0
18083.0,470.73,1,270,11.207857142857144,2010-11-07 11:44:00,2010-11-07 11:44:00,0,1.0,1.0,1.7434444444444446,270.0,397,1
18084.0,193.73,5,335,17.61181818181818,2010-11-16 08:09:00,2011-11-23 13:57:00,372,12.4,0.4032258064516129,0.5782985074626864,67.0,15,0
18085.0,1645.75,4,585,23.17957746478873,2010-03-21 11:57:00,2011-01-13 15:17:00,298,9.933333333333334,0.4026845637583892,2.8132478632478635,146.25,329,1
18086.0,101.34,1,106,14.477142857142857,2011-03-10 13:34:00,2011-03-10 13:34:00,0,1.0,1.0,0.9560377358490566,106.0,273,1
18087.0,14411.62,21,7428,151.70126315789472,2009-12-01 09:43:00,2011-09-02 15:12:00,640,21.33333333333333,0.984375,1.940175013462574,353.7142857142857,97,1
18088.0,167.67000000000002,1,109,4.299230769230769,2011-10-09 13:41:00,2011-10-09 13:41:00,0,1.0,1.0,1.5382568807339452,109.0,60,0
18089.0,428.45,1,95,42.845,2010-09-19 11:57:00,2010-09-19 11:57:00,0,1.0,1.0,4.51,95.0,446,1
18090.0,349.4,1,321,5.823333333333333,2010-10-14 12:32:00,2010-10-14 12:32:00,0,1.0,1.0,1.088473520249221,321.0,421,1
18091.0,360.85,1,539,14.434,2010-04-25 13:18:00,2010-04-25 13:18:00,0,1.0,1.0,0.6694805194805196,539.0,592,1
18092.0,16173.19,20,8827,106.40256578947368,2009-12-04 12:37:00,2011-12-07 13:14:00,733,24.433333333333334,0.8185538881309686,1.8322408519315736,441.35,1,0
18093.0,4429.61,9,3418,70.31126984126983,2010-03-31 10:27:00,2011-09-07 15:43:00,525,17.5,0.5142857142857142,1.2959654768870683,379.77777777777777,92,1
18094.0,6322.62,15,4128,48.26427480916031,2009-12-11 13:57:00,2011-09-19 09:28:00,646,21.53333333333333,0.696594427244582,1.531642441860465,275.2,81,0
18095.0,2303.09,5,1623,47.98104166666667,2010-04-19 14:09:00,2011-01-31 12:50:00,286,9.533333333333331,0.5244755244755245,1.4190326555760937,324.6,312,1
18096.0,1805.28,6,1483,4.121643835616438,2010-07-14 14:30:00,2011-11-28 12:44:00,501,16.7,0.3592814371257485,1.217316250842886,247.16666666666663,11,0
18097.0,4652.17,14,2735,28.89546583850932,2009-12-17 11:06:00,2011-12-02 11:16:00,715,23.83333333333333,0.5874125874125874,1.7009762340036565,195.3571428571429,7,0
18098.0,550.84,1,217,6.259545454545455,2010-11-08 16:31:00,2010-11-08 16:31:00,0,1.0,1.0,2.5384331797235022,217.0,395,1
18099.0,168.31,1,149,8.858421052631579,2011-08-04 15:52:00,2011-08-04 15:52:00,0,1.0,1.0,1.1295973154362415,149.0,126,1
18100.0,451.56,1,440,15.052,2010-06-07 14:19:00,2010-06-07 14:19:00,0,1.0,1.0,1.0262727272727272,440.0,549,1
18101.0,629.16,5,250,5.6175,2010-02-03 13:52:00,2011-11-28 13:37:00,662,22.066666666666663,0.2265861027190332,2.51664,50.0,10,0
18102.0,598215.22,153,187110,560.1266104868913,2009-12-01 09:24:00,2011-12-09 11:50:00,738,24.6,6.219512195121951,3.197131206242317,1222.9411764705883,0,0
18103.0,105.8,1,23,10.58,2010-06-08 13:36:00,2010-06-08 13:36:00,0,1.0,1.0,4.6,23.0,548,1
18104.0,754.64,1,362,19.85894736842105,2011-11-02 14:07:00,2011-11-02 14:07:00,0,1.0,1.0,2.0846408839779005,362.0,36,0
18105.0,113.48,1,46,6.304444444444445,2011-11-02 12:04:00,2011-11-02 12:04:00,0,1.0,1.0,2.4669565217391307,46.0,37,0
18106.0,1461.46,6,512,7.456428571428572,2010-01-15 11:36:00,2011-01-14 12:23:00,364,12.133333333333333,0.4945054945054945,2.8544140625,85.33333333333333,329,1
18107.0,167.13,1,66,4.285384615384615,2010-09-23 13:03:00,2010-09-23 13:03:00,0,1.0,1.0,2.5322727272727272,66.0,441,1
18108.0,842.46,4,259,17.193061224489796,2009-12-02 12:47:00,2011-04-05 08:25:00,488,16.266666666666666,0.2459016393442623,3.2527413127413127,64.75,248,1
18109.0,9754.66,45,4862,14.219620991253644,2010-07-01 12:13:00,2011-12-08 11:36:00,524,17.466666666666665,2.576335877862596,2.006306046894282,108.04444444444444,1,0
18110.0,405.18,3,179,4.657241379310345,2010-10-24 14:21:00,2011-11-20 12:59:00,391,13.033333333333331,0.2301790281329923,2.2635754189944133,59.66666666666666,18,0
18111.0,398.9,2,228,13.296666666666663,2010-04-29 12:58:00,2010-05-05 13:30:00,6,0.2,10.0,1.749561403508772,114.0,582,1
18112.0,775.96,4,447,12.316825396825395,2010-06-06 12:40:00,2011-11-27 14:43:00,539,17.966666666666665,0.222634508348794,1.7359284116331095,111.75,11,0
18113.0,152.64,1,144,76.32000000000001,2010-12-06 12:31:00,2010-12-06 12:31:00,0,1.0,1.0,1.06,144.0,368,1
18114.0,220.1,1,55,7.860714285714286,2011-02-22 13:20:00,2011-02-22 13:20:00,0,1.0,1.0,4.001818181818182,55.0,289,1
18115.0,9.7,1,3,3.233333333333334,2010-01-11 11:57:00,2010-01-11 11:57:00,0,1.0,1.0,3.233333333333334,3.0,697,1
18116.0,2154.3,13,1281,3.7531358885017423,2010-10-24 15:29:00,2011-10-03 11:00:00,343,11.433333333333334,1.1370262390670554,1.6817330210772836,98.53846153846152,67,0
18117.0,320.72,1,618,4.334054054054054,2011-11-14 12:47:00,2011-11-14 12:47:00,0,1.0,1.0,0.5189644012944983,618.0,25,0
18118.0,6670.07,35,3410,4.243047073791349,2010-11-23 13:36:00,2011-11-29 11:32:00,370,12.333333333333334,2.8378378378378377,1.956032258064516,97.42857142857144,10,0
18119.0,362.24,1,250,6.037333333333334,2010-12-07 11:59:00,2010-12-07 11:59:00,0,1.0,1.0,1.44896,250.0,367,1
18120.0,111.15,1,31,6.538235294117648,2011-05-09 13:45:00,2011-05-09 13:45:00,0,1.0,1.0,3.585483870967742,31.0,213,1
18121.0,673.1,2,450,21.034375,2011-07-08 12:14:00,2011-07-13 12:53:00,5,0.1666666666666666,12.0,1.495777777777778,225.0,148,1
18122.0,1826.21,6,1234,5.01706043956044,2011-07-12 11:37:00,2011-12-01 13:08:00,142,4.733333333333333,1.267605633802817,1.4799108589951375,205.66666666666663,7,0
18123.0,684.59,3,629,11.603220338983052,2010-07-14 12:47:00,2011-11-15 14:23:00,489,16.3,0.1840490797546012,1.0883783783783785,209.66666666666663,23,0
18124.0,111.53,1,51,4.647083333333334,2010-08-24 17:21:00,2010-08-24 17:21:00,0,1.0,1.0,2.18686274509804,51.0,471,1
18125.0,1141.34,5,803,5.793604060913705,2011-01-27 15:02:00,2011-11-10 12:29:00,286,9.533333333333331,0.5244755244755245,1.4213449564134495,160.6,29,0
18126.0,206.83,1,144,3.693392857142858,2011-10-10 12:19:00,2011-10-10 12:19:00,0,1.0,1.0,1.4363194444444445,144.0,60,0
18127.0,561.53,4,252,8.138115942028985,2010-11-01 13:56:00,2011-11-20 14:05:00,384,12.8,0.3125,2.228293650793651,63.0,18,0
18128.0,420.04,1,221,9.334222222222223,2010-06-20 13:19:00,2010-06-20 13:19:00,0,1.0,1.0,1.900633484162896,221.0,536,1
18129.0,112.55,1,48,8.039285714285715,2011-04-10 14:16:00,2011-04-10 14:16:00,0,1.0,1.0,2.3447916666666666,48.0,242,1
18130.0,1045.74,4,817,14.728732394366196,2011-10-13 15:58:00,2011-12-01 08:41:00,48,1.6,2.5,1.2799755201958385,204.25,8,0
18131.0,222.96,1,552,55.74,2010-03-18 08:48:00,2010-03-18 08:48:00,0,1.0,1.0,0.4039130434782608,552.0,631,1
18132.0,226.9,1,216,3.437878787878788,2010-07-23 16:54:00,2010-07-23 16:54:00,0,1.0,1.0,1.050462962962963,216.0,503,1
18133.0,715.4999999999999,2,0,357.74999999999994,2011-05-11 14:14:00,2011-05-12 15:19:00,1,0.0333333333333333,60.0,inf,0.0,210,1
18134.0,445.0,2,128,15.892857142857142,2010-01-14 11:59:00,2010-04-20 14:02:00,96,3.2,0.625,3.4765625,64.0,597,1
18135.0,1229.22,13,749,30.7305,2010-03-15 13:13:00,2011-11-10 19:32:00,605,20.166666666666668,0.6446280991735537,1.641148197596796,57.61538461538461,28,0
18136.0,1531.71,9,837,16.294787234042552,2010-09-14 15:50:00,2011-10-07 15:40:00,387,12.9,0.6976744186046512,1.83,93.0,62,0
18137.0,145.99,2,59,5.034137931034483,2010-06-06 13:45:00,2010-06-06 14:18:00,0,1.0,2.0,2.474406779661017,29.5,550,1
18138.0,152.65,1,38,19.08125,2011-02-17 14:51:00,2011-02-17 14:51:00,0,1.0,1.0,4.017105263157895,38.0,294,1
18139.0,8393.22,8,5461,51.81,2011-11-21 14:06:00,2011-11-22 16:18:00,1,0.0333333333333333,240.0,1.5369382896905328,682.625,16,0
18140.0,536.41,1,395,9.933518518518518,2010-08-23 11:58:00,2010-08-23 11:58:00,0,1.0,1.0,1.358,395.0,473,1
18141.0,838.57,4,420,19.05840909090909,2010-04-29 15:32:00,2010-12-14 11:09:00,228,7.6,0.5263157894736842,1.9965952380952383,105.0,360,1
18142.0,1014.9,4,1273,56.38333333333334,2011-05-08 12:31:00,2011-07-11 13:34:00,64,2.1333333333333333,1.875,0.7972505891594659,318.25,150,1
18143.0,1000.16,2,570,16.396065573770493,2011-07-21 10:44:00,2011-08-15 12:07:00,25,0.8333333333333334,2.4,1.7546666666666668,285.0,116,1
18144.0,5058.0,19,2239,58.13793103448276,2009-12-16 15:57:00,2011-12-02 12:46:00,715,23.83333333333333,0.7972027972027973,2.2590442161679323,117.84210526315788,7,0
18145.0,5600.09,12,5101,13.79332512315271,2009-12-08 12:30:00,2011-11-27 11:22:00,718,23.933333333333334,0.5013927576601671,1.097841599686336,425.0833333333333,12,0
18146.0,160.35000000000002,2,153,16.035000000000004,2011-05-03 16:35:00,2011-07-22 12:08:00,79,2.6333333333333333,0.759493670886076,1.0480392156862746,76.5,140,1
18147.0,179.33999999999995,2,203,25.62,2011-08-23 12:22:00,2011-10-25 11:46:00,62,2.066666666666667,0.9677419354838708,0.8834482758620689,101.5,45,0
18148.0,114.1,1,64,10.372727272727271,2010-03-03 11:40:00,2010-03-03 11:40:00,0,1.0,1.0,1.7828125,64.0,646,1
18149.0,1624.71,7,918,16.9240625,2010-03-14 12:41:00,2011-10-20 12:04:00,584,19.466666666666665,0.3595890410958904,1.7698366013071896,131.14285714285714,50,0
18150.0,566.58,3,332,15.312972972972974,2011-05-22 10:47:00,2011-11-07 16:49:00,169,5.633333333333334,0.5325443786982248,1.7065662650602411,110.66666666666669,31,0
18151.0,1853.94,7,980,17.326542056074768,2010-03-04 10:47:00,2011-07-28 11:35:00,511,17.033333333333335,0.410958904109589,1.8917755102040816,140.0,134,1
18152.0,426.69,1,75,42.669,2010-03-03 15:26:00,2010-03-03 15:26:00,0,1.0,1.0,5.6892,75.0,645,1
18153.0,246.22,1,200,14.483529411764708,2010-02-18 15:50:00,2010-02-18 15:50:00,0,1.0,1.0,1.2311,200.0,658,1
18154.0,932.6,5,626,19.84255319148936,2010-08-06 09:18:00,2011-12-06 16:41:00,487,16.233333333333334,0.3080082135523613,1.489776357827476,125.2,2,0
18155.0,347.82,4,258,12.422142857142855,2011-02-21 10:36:00,2011-09-25 13:32:00,216,7.2,0.5555555555555556,1.3481395348837208,64.5,74,0
18156.0,941.17,2,374,4.8265128205128205,2010-12-05 12:29:00,2011-11-27 12:24:00,356,11.866666666666667,0.1685393258426966,2.5164973262032087,187.0,12,0
18157.0,215.35,1,146,8.282692307692308,2010-05-17 14:09:00,2010-05-17 14:09:00,0,1.0,1.0,1.475,146.0,570,1
18158.0,451.75,3,353,12.907142857142857,2011-09-12 09:03:00,2011-11-30 16:19:00,79,2.6333333333333333,1.139240506329114,1.2797450424929178,117.66666666666669,8,0
18159.0,530.15,1,139,23.05,2011-02-11 14:26:00,2011-02-11 14:26:00,0,1.0,1.0,3.814028776978417,139.0,300,1
18160.0,1003.88,3,519,15.444307692307692,2010-11-18 16:33:00,2011-10-13 15:50:00,328,10.933333333333334,0.274390243902439,1.9342581888246628,173.0,56,0
18161.0,1797.2,7,963,19.11914893617021,2010-11-25 15:55:00,2011-11-29 15:38:00,368,12.266666666666667,0.5706521739130435,1.866251298026999,137.57142857142858,9,0
18162.0,379.16,1,335,8.067234042553192,2009-12-07 13:24:00,2009-12-07 13:24:00,0,1.0,1.0,1.131820895522388,335.0,731,1
18163.0,639.34,2,430,16.824736842105263,2010-05-04 14:51:00,2010-05-28 07:56:00,23,0.7666666666666667,2.608695652173913,1.4868372093023257,215.0,560,1
18164.0,394.7,2,183,15.788,2011-11-02 12:56:00,2011-11-08 17:49:00,6,0.2,10.0,2.156830601092896,91.5,30,0
18165.0,302.46000000000004,1,254,30.246,2011-06-15 13:23:00,2011-06-15 13:23:00,0,1.0,1.0,1.1907874015748032,254.0,176,1
18166.0,175.5,1,90,17.55,2010-03-26 12:26:00,2010-03-26 12:26:00,0,1.0,1.0,1.95,90.0,623,1
18167.0,1355.51,6,359,31.523488372093023,2011-08-26 11:40:00,2011-12-06 09:49:00,101,3.3666666666666667,1.7821782178217822,3.7757938718662953,59.833333333333336,3,0
18168.0,3670.12,22,2146,8.535162790697674,2009-12-03 17:29:00,2011-06-16 19:21:00,560,18.666666666666668,1.1785714285714286,1.7102143522833178,97.54545454545456,175,1
18169.0,202.65,1,61,22.516666666666666,2011-10-10 12:18:00,2011-10-10 12:18:00,0,1.0,1.0,3.322131147540984,61.0,60,0
18170.0,2878.0,9,1184,22.84126984126984,2010-01-08 14:10:00,2011-11-06 14:35:00,667,22.23333333333333,0.4047976011994003,2.4307432432432434,131.55555555555554,32,0
18171.0,2414.51,11,987,25.686276595744683,2010-01-05 10:46:00,2011-10-12 09:13:00,644,21.466666666666665,0.5124223602484472,2.4463120567375887,89.72727272727273,58,0
18172.0,17301.83,63,7383,35.16632113821139,2009-12-11 09:58:00,2011-11-25 11:12:00,714,23.8,2.647058823529412,2.3434687796288776,117.1904761904762,14,0
18173.0,2696.36,5,1730,59.91911111111112,2010-04-06 10:43:00,2011-09-14 11:26:00,526,17.533333333333335,0.2851711026615969,1.5585895953757227,346.0,86,0
18174.0,162.5,2,80,81.25,2010-04-15 12:17:00,2011-12-02 16:56:00,596,19.866666666666667,0.1006711409395973,2.03125,40.0,6,0
18175.0,176.1,1,70,25.15714285714285,2010-02-02 10:25:00,2010-02-02 10:25:00,0,1.0,1.0,2.5157142857142856,70.0,675,1
18176.0,448.65,2,279,13.595454545454544,2010-12-16 15:45:00,2010-12-21 12:33:00,4,0.1333333333333333,15.0,1.608064516129032,139.5,353,1
18177.0,2189.62,10,1234,21.67940594059406,2009-12-15 18:57:00,2011-11-08 14:44:00,692,23.066666666666663,0.4335260115606936,1.7744084278768233,123.4,30,0
18178.0,6054.49,15,3841,17.103079096045196,2010-02-18 14:25:00,2011-08-18 06:34:00,545,18.166666666666668,0.8256880733944953,1.5762796146836762,256.06666666666666,113,1
18179.0,2547.55,8,1811,23.37201834862385,2010-02-14 15:51:00,2011-11-30 16:23:00,654,21.8,0.3669724770642201,1.4067090005521812,226.375,8,0
18180.0,1843.75,6,1721,15.493697478991596,2011-07-20 08:59:00,2011-12-05 08:39:00,137,4.566666666666666,1.3138686131386863,1.0713248111563043,286.8333333333333,4,0
18181.0,1184.21,7,521,6.435923913043479,2009-12-04 15:30:00,2011-11-15 15:08:00,710,23.666666666666668,0.2957746478873239,2.27295585412668,74.42857142857143,23,0
18182.0,291.13,1,167,29.113,2010-09-02 14:25:00,2010-09-02 14:25:00,0,1.0,1.0,1.7432934131736526,167.0,462,1
18183.0,600.52,6,362,13.648181818181818,2011-03-10 10:08:00,2011-05-05 17:47:00,56,1.8666666666666667,3.2142857142857144,1.6588950276243093,60.333333333333336,217,1
18184.0,49.8,1,60,49.8,2011-11-24 15:28:00,2011-11-24 15:28:00,0,1.0,1.0,0.83,60.0,14,0
18185.0,304.25,1,183,17.897058823529413,2011-04-04 13:42:00,2011-04-04 13:42:00,0,1.0,1.0,1.6625683060109289,183.0,248,1
18186.0,329.58,1,338,29.96181818181818,2009-12-17 10:22:00,2009-12-17 10:22:00,0,1.0,1.0,0.9750887573964496,338.0,722,1
18187.0,682.19,3,304,12.63314814814815,2010-03-18 09:49:00,2010-03-26 14:25:00,8,0.2666666666666666,11.25,2.244046052631579,101.33333333333331,622,1
18188.0,3263.19,8,1884,24.171777777777777,2010-03-26 11:37:00,2011-11-24 16:46:00,608,20.266666666666666,0.3947368421052631,1.7320541401273886,235.5,14,0
18189.0,1396.58,5,833,15.870227272727272,2010-03-24 09:57:00,2011-09-23 12:40:00,548,18.266666666666666,0.2737226277372263,1.6765666266506605,166.6,77,0
18190.0,735.6700000000001,6,489,17.108604651162793,2009-12-22 12:05:00,2011-05-31 14:48:00,525,17.5,0.3428571428571428,1.5044376278118612,81.5,191,1
18191.0,529.4,2,332,35.29333333333333,2010-08-19 17:42:00,2011-03-23 12:08:00,215,7.166666666666667,0.2790697674418604,1.594578313253012,166.0,261,1
18192.0,957.97,1,339,21.288222222222224,2011-09-29 09:53:00,2011-09-29 09:53:00,0,1.0,1.0,2.825870206489676,339.0,71,0
18193.0,1155.7,5,919,15.831506849315067,2010-09-23 13:33:00,2011-07-12 10:56:00,291,9.7,0.5154639175257733,1.2575625680087053,183.8,150,1
18194.0,4084.2,7,1590,136.14,2010-01-28 15:30:00,2011-10-06 19:54:00,616,20.53333333333333,0.3409090909090909,2.5686792452830187,227.14285714285717,63,0
18195.0,101.16,1,60,20.232,2010-11-17 15:03:00,2010-11-17 15:03:00,0,1.0,1.0,1.686,60.0,386,1
18196.0,1464.31,4,1047,5.211067615658362,2010-03-17 14:55:00,2011-09-05 16:22:00,537,17.9,0.223463687150838,1.3985768863419292,261.75,94,1
18197.0,221.4,2,162,20.12727272727273,2010-05-13 10:46:00,2010-07-14 12:13:00,62,2.066666666666667,0.9677419354838708,1.3666666666666667,81.0,513,1
18198.0,5083.06,21,3839,30.62084337349398,2011-01-07 13:39:00,2011-12-05 14:49:00,332,11.066666666666666,1.8975903614457832,1.3240583485282629,182.8095238095238,3,0
18199.0,342.2,2,98,16.295238095238094,2010-01-25 11:32:00,2010-02-02 08:39:00,7,0.2333333333333333,8.571428571428571,3.491836734693877,49.0,675,1
18200.0,163.8,1,111,5.11875,2011-08-25 18:45:00,2011-08-25 18:45:00,0,1.0,1.0,1.4756756756756757,111.0,105,1
18201.0,447.53,1,191,16.575185185185187,2009-12-17 08:55:00,2009-12-17 08:55:00,0,1.0,1.0,2.343089005235602,191.0,722,1
18202.0,1396.99,3,581,20.543970588235293,2011-02-01 13:36:00,2011-05-24 12:12:00,111,3.7,0.8108108108108107,2.4044578313253013,193.66666666666663,199,1
18203.0,504.42,4,113,8.407,2009-12-08 13:19:00,2011-07-05 13:07:00,573,19.1,0.2094240837696334,4.463893805309735,28.25,156,1
18204.0,1979.3,4,1198,9.798514851485148,2011-05-31 15:26:00,2011-09-29 16:44:00,121,4.033333333333333,0.9917355371900828,1.652170283806344,299.5,70,0
18205.0,517.36,2,192,16.1675,2011-09-26 12:02:00,2011-11-03 13:22:00,38,1.2666666666666666,1.5789473684210529,2.6945833333333336,96.0,35,0
18206.0,314.66,1,246,16.561052631578946,2010-06-04 13:47:00,2010-06-04 13:47:00,0,1.0,1.0,1.2791056910569103,246.0,552,1
18207.0,505.12,3,300,14.856470588235297,2010-07-28 14:26:00,2010-08-03 08:58:00,5,0.1666666666666666,18.0,1.6837333333333333,100.0,493,1
18208.0,360.08,1,82,21.181176470588237,2010-05-23 11:54:00,2010-05-23 11:54:00,0,1.0,1.0,4.391219512195121,82.0,565,1
18209.0,139.10000000000002,1,58,17.387500000000003,2011-11-11 12:07:00,2011-11-11 12:07:00,0,1.0,1.0,2.398275862068966,58.0,28,0
18210.0,2768.83,7,1499,19.22798611111111,2010-11-22 09:39:00,2011-12-08 11:02:00,381,12.7,0.5511811023622047,1.847118078719146,214.14285714285717,1,0
18211.0,600.0699999999999,5,359,14.287380952380952,2011-03-06 12:09:00,2011-11-14 08:10:00,252,8.4,0.5952380952380952,1.6715041782729805,71.8,25,0
18212.0,546.72,2,167,9.940363636363635,2010-01-31 14:42:00,2011-01-17 16:14:00,351,11.7,0.1709401709401709,3.2737724550898206,83.5,325,1
18213.0,232.48,1,232,15.498666666666669,2011-04-17 10:21:00,2011-04-17 10:21:00,0,1.0,1.0,1.0020689655172417,232.0,236,1
18214.0,1480.99,5,790,23.886935483870968,2010-06-03 19:47:00,2010-06-27 11:21:00,23,0.7666666666666667,6.521739130434782,1.8746708860759491,158.0,530,1
18215.0,2238.99,6,1142,24.60428571428572,2010-03-26 13:03:00,2011-09-11 16:05:00,534,17.8,0.3370786516853932,1.9605866900175133,190.33333333333331,88,0
18216.0,481.75,1,200,18.528846153846157,2011-11-08 16:55:00,2011-11-08 16:55:00,0,1.0,1.0,2.40875,200.0,30,0
18217.0,902.8,6,710,20.518181818181816,2010-07-01 15:39:00,2011-11-10 13:18:00,496,16.533333333333335,0.3629032258064515,1.271549295774648,118.33333333333331,28,0
18218.0,1106.3,6,1038,26.34047619047619,2010-02-17 15:11:00,2011-05-17 14:16:00,453,15.1,0.3973509933774835,1.0657996146435451,173.0,205,1
18219.0,3507.39,19,1649,17.02616504854369,2009-12-07 13:17:00,2011-12-07 11:43:00,729,24.3,0.7818930041152263,2.126979987871437,86.78947368421052,2,0
18220.0,1771.7,11,1258,55.365625,2009-12-15 11:42:00,2011-05-04 11:23:00,504,16.8,0.6547619047619048,1.4083465818759937,114.36363636363636,219,1
18221.0,1370.34,8,984,15.572045454545451,2010-11-14 15:46:00,2011-11-17 14:40:00,367,12.233333333333333,0.6539509536784741,1.3926219512195122,123.0,21,0
18222.0,443.0,1,335,23.31578947368421,2011-09-08 10:45:00,2011-09-08 10:45:00,0,1.0,1.0,1.3223880597014923,335.0,92,1
18223.0,13497.58,52,6460,20.70180981595092,2009-12-04 12:20:00,2011-12-08 11:51:00,733,24.433333333333334,2.1282401091405183,2.08940866873065,124.23076923076924,1,0
18224.0,158.95000000000002,1,69,15.895,2011-03-21 10:30:00,2011-03-21 10:30:00,0,1.0,1.0,2.303623188405797,69.0,263,1
18225.0,12650.91,34,7235,20.94521523178808,2009-12-04 16:51:00,2011-12-06 13:27:00,731,24.366666666666667,1.3953488372093024,1.7485708362128545,212.7941176470588,2,0
18226.0,11748.58,38,7830,21.596654411764707,2010-03-05 10:05:00,2011-11-01 09:57:00,605,20.166666666666668,1.884297520661157,1.500457215836526,206.05263157894737,38,0
18227.0,93.75,3,21,13.392857142857142,2010-08-12 16:45:00,2011-05-06 12:23:00,266,8.866666666666667,0.3383458646616541,4.464285714285714,7.0,217,1
18228.0,769.2,3,236,24.0375,2011-09-21 10:48:00,2011-10-20 19:21:00,29,0.9666666666666668,3.103448275862069,3.259322033898305,78.66666666666667,49,0
18229.0,10803.71,28,3183,51.20241706161138,2009-12-03 14:42:00,2011-11-28 09:48:00,724,24.133333333333333,1.160220994475138,3.394191014765944,113.67857142857144,11,0
18230.0,4190.71,12,1977,29.10215277777778,2010-07-02 10:01:00,2011-11-30 13:22:00,516,17.2,0.6976744186046512,2.119731917046029,164.75,8,0
18231.0,6848.17,30,2908,17.604550128534704,2010-01-10 12:13:00,2011-05-31 14:18:00,506,16.866666666666667,1.7786561264822134,2.3549415405777165,96.93333333333334,191,1
18232.0,582.47,5,299,14.56175,2011-05-26 16:30:00,2011-09-19 11:49:00,115,3.8333333333333335,1.3043478260869563,1.9480602006688963,59.8,81,0
18233.0,440.0,1,4,440.0,2011-01-18 08:44:00,2011-01-18 08:44:00,0,1.0,1.0,110.0,4.0,325,1
18234.0,179.6,1,80,5.986666666666666,2010-06-06 11:22:00,2010-06-06 11:22:00,0,1.0,1.0,2.245,80.0,551,1
18235.0,1796.48,3,1578,17.273846153846154,2011-05-06 13:35:00,2011-09-29 08:27:00,145,4.833333333333333,0.6206896551724138,1.138453738910013,526.0,71,0
18236.0,1795.35,12,696,18.319897959183677,2010-04-15 13:39:00,2011-11-10 08:06:00,573,19.1,0.6282722513089005,2.579525862068966,58.0,29,0
18237.0,987.1,5,622,16.181967213114753,2011-07-28 13:05:00,2011-12-07 12:49:00,131,4.366666666666666,1.1450381679389314,1.5869774919614148,124.4,2,0
18238.0,270.92,1,114,19.35142857142857,2010-07-12 12:51:00,2010-07-12 12:51:00,0,1.0,1.0,2.376491228070176,114.0,514,1
18239.0,2150.36,6,1052,17.20288,2010-10-13 10:11:00,2011-05-05 12:38:00,204,6.8,0.8823529411764706,2.044068441064639,175.33333333333334,218,1
18240.0,422.58,1,126,70.43,2011-10-24 13:06:00,2011-10-24 13:06:00,0,1.0,1.0,3.353809523809524,126.0,45,0
18241.0,2954.09,23,1465,18.348385093167703,2010-04-01 11:55:00,2011-11-30 12:10:00,608,20.266666666666666,1.1348684210526316,2.016443686006826,63.69565217391305,9,0
18242.0,3605.21,8,2021,25.7515,2010-01-11 08:49:00,2011-09-28 13:43:00,625,20.83333333333333,0.384,1.7838743196437408,252.625,71,0
18243.0,515.78,1,221,19.837692307692308,2010-10-21 14:29:00,2010-10-21 14:29:00,0,1.0,1.0,2.333846153846154,221.0,413,1
18244.0,568.64,2,856,29.928421052631577,2010-07-25 10:30:00,2010-10-05 11:15:00,72,2.4,0.8333333333333334,0.6642990654205607,428.0,430,1
18245.0,6236.2300000000005,23,5078,13.469179265658749,2010-03-08 15:26:00,2011-12-02 14:48:00,633,21.1,1.0900473933649288,1.2280878298542734,220.7826086956522,6,0
18246.0,758.8199999999999,3,214,151.76399999999998,2010-04-09 10:19:00,2011-11-16 11:49:00,586,19.53333333333333,0.1535836177474402,3.545887850467289,71.33333333333333,23,0
18247.0,721.43,6,305,15.349574468085104,2010-03-18 15:52:00,2010-10-26 11:04:00,221,7.366666666666666,0.8144796380090498,2.365344262295082,50.833333333333336,409,1
18248.0,783.02,4,501,15.98,2011-06-06 13:18:00,2011-08-18 06:14:00,72,2.4,1.6666666666666667,1.5629141716566866,125.25,113,1
18249.0,95.34,1,128,11.9175,2011-11-22 15:07:00,2011-11-22 15:07:00,0,1.0,1.0,0.74484375,128.0,16,0
18250.0,342.92,2,198,15.587272727272728,2011-02-02 13:16:00,2011-02-11 13:59:00,9,0.3,6.666666666666667,1.731919191919192,99.0,300,1
18251.0,26278.86,9,39639,243.3227777777778,2009-12-22 12:01:00,2011-09-13 15:03:00,630,21.0,0.4285714285714285,0.6629546658593809,4404.333333333333,86,0
18252.0,1465.59,8,931,10.543812949640287,2009-12-08 17:16:00,2011-10-20 12:43:00,680,22.666666666666668,0.3529411764705882,1.5742105263157893,116.375,50,0
18253.0,317.88,1,128,45.41142857142857,2010-03-07 12:38:00,2010-03-07 12:38:00,0,1.0,1.0,2.4834375,128.0,642,1
18254.0,267.9,1,188,16.74375,2010-05-07 14:37:00,2010-05-07 14:37:00,0,1.0,1.0,1.4249999999999998,188.0,580,1
18255.0,303.15,2,201,15.955263157894736,2010-09-09 16:31:00,2011-09-11 13:16:00,366,12.2,0.1639344262295082,1.5082089552238804,100.5,88,0
18256.0,60.6,2,110,4.328571428571428,2010-11-17 08:53:00,2010-12-20 08:27:00,32,1.0666666666666669,1.875,0.5509090909090909,55.0,354,1
18257.0,4496.8,18,2329,15.613888888888887,2010-02-18 16:20:00,2011-10-31 14:48:00,619,20.633333333333333,0.8723747980613894,1.9307857449549164,129.38888888888889,38,0
18258.0,2040.97,8,1973,38.5088679245283,2010-05-16 11:35:00,2010-09-01 14:20:00,108,3.6,2.2222222222222223,1.0344500760263555,246.625,463,1
18259.0,4318.2,7,1390,46.93695652173913,2009-12-08 08:38:00,2011-11-15 12:34:00,707,23.566666666666663,0.297029702970297,3.106618705035971,198.57142857142856,24,0
18260.0,9751.95,32,5211,22.67895348837209,2009-12-15 13:50:00,2011-06-20 12:37:00,551,18.366666666666667,1.7422867513611615,1.8714162348877377,162.84375,172,1
18261.0,324.24,2,146,15.44,2011-09-05 09:34:00,2011-10-27 15:36:00,52,1.7333333333333334,1.1538461538461535,2.220821917808219,73.0,42,0
18262.0,577.54,3,552,13.75095238095238,2010-04-16 09:05:00,2011-07-22 16:04:00,462,15.4,0.1948051948051948,1.0462681159420288,184.0,139,1
18263.0,1211.08,4,1467,19.53354838709677,2011-04-01 11:48:00,2011-11-16 16:19:00,229,7.633333333333334,0.5240174672489083,0.825548738922972,366.75,22,0
18264.0,603.25,1,241,16.756944444444443,2010-07-29 10:02:00,2010-07-29 10:02:00,0,1.0,1.0,2.5031120331950207,241.0,498,1
18265.0,801.51,2,311,17.424130434782608,2011-07-04 15:26:00,2011-09-28 14:10:00,85,2.833333333333333,0.7058823529411764,2.5772025723472667,155.5,71,0
18266.0,251.1,1,138,17.935714285714287,2010-10-01 15:33:00,2010-10-01 15:33:00,0,1.0,1.0,1.8195652173913044,138.0,433,1
18267.0,252.87,2,131,12.6435,2010-02-05 08:43:00,2010-02-18 09:12:00,13,0.4333333333333333,4.615384615384615,1.9303053435114503,65.5,659,1
18268.0,1451.22,8,702,20.43971830985916,2009-12-11 10:27:00,2011-07-28 19:13:00,594,19.8,0.404040404040404,2.0672649572649573,87.75,133,1
18269.0,307.5,2,146,20.5,2010-12-08 13:53:00,2010-12-16 15:39:00,8,0.2666666666666666,7.5,2.106164383561644,73.0,357,1
18270.0,400.35,4,205,21.071052631578947,2010-10-03 10:49:00,2011-11-01 13:57:00,394,13.133333333333333,0.3045685279187817,1.9529268292682929,51.25,37,0
18271.0,680.85,2,319,32.42142857142857,2009-12-08 11:27:00,2010-04-09 09:26:00,121,4.033333333333333,0.4958677685950413,2.1343260188087774,159.5,609,1
18272.0,4347.33,11,2871,18.738491379310343,2010-03-04 12:53:00,2011-12-07 12:43:00,642,21.4,0.5140186915887851,1.514221525600836,261.0,2,0
18273.0,357.0,4,140,89.25,2010-04-28 12:24:00,2011-12-07 13:16:00,588,19.6,0.2040816326530612,2.55,35.0,1,0
18274.0,-3.552713678800501e-15,2,0,-1.6148698540002275e-16,2011-11-09 17:03:00,2011-11-22 10:18:00,12,0.4,5.0,-inf,0.0,17,0
18275.0,741.85,2,417,39.04473684210527,2009-12-08 16:23:00,2010-05-10 15:46:00,152,5.066666666666666,0.3947368421052631,1.7790167865707434,208.5,577,1
18276.0,1620.67,10,1239,16.37040404040404,2009-12-10 17:14:00,2011-11-18 17:01:00,707,23.566666666666663,0.4243281471004243,1.3080468119451172,123.9,20,0
18277.0,1111.38,8,444,16.343823529411765,2010-08-02 10:26:00,2011-10-12 15:22:00,436,14.533333333333331,0.5504587155963303,2.5031081081081084,55.5,57,0
18278.0,414.2000000000001,2,140,17.258333333333336,2010-10-31 12:13:00,2011-09-27 11:58:00,330,11.0,0.1818181818181818,2.958571428571429,70.0,73,0
18279.0,231.34,1,630,17.795384615384613,2010-07-08 14:48:00,2010-07-08 14:48:00,0,1.0,1.0,0.3672063492063491,630.0,518,1
18280.0,472.4500000000001,3,192,14.7640625,2010-11-10 15:51:00,2011-03-07 09:52:00,116,3.8666666666666663,0.7758620689655172,2.4606770833333336,64.0,277,1
18281.0,201.14,2,146,11.831764705882351,2010-05-11 10:49:00,2011-06-12 10:53:00,397,13.233333333333333,0.1511335012594458,1.3776712328767122,73.0,180,1
18282.0,176.6,3,98,13.584615384615384,2011-08-05 13:35:00,2011-12-02 11:43:00,118,3.933333333333333,0.7627118644067797,1.8020408163265305,32.666666666666664,7,0
18283.0,2736.65,22,1733,2.775507099391481,2010-02-19 17:16:00,2011-12-06 12:02:00,654,21.8,1.0091743119266054,1.5791402192729371,78.77272727272727,3,0
18284.0,436.68,2,493,15.05793103448276,2010-10-04 11:33:00,2010-10-06 12:31:00,2,0.0666666666666666,30.0,0.8857606490872211,246.5,429,1
18285.0,427.0,1,145,35.583333333333336,2010-02-17 10:24:00,2010-02-17 10:24:00,0,1.0,1.0,2.9448275862068964,145.0,660,1
18286.0,1188.43,3,592,16.97757142857143,2009-12-16 10:45:00,2010-08-20 11:57:00,247,8.233333333333333,0.3643724696356276,2.0074831081081084,197.33333333333331,476,1
18287.0,4177.89,8,3011,26.781346153846155,2009-12-01 14:19:00,2011-10-28 09:29:00,695,23.166666666666668,0.3453237410071942,1.3875423447359685,376.375,42,0
