Customer ID,TotalOrders,TotalProducts,AverageOrderValue,Recency,Frequency,Monetary
12346.0,17,52,-1.3474999999998545,326,17,-64.67999999999302
12347.0,8,3286,22.26608695652174,2,8,5633.32
12348.0,5,2714,39.596078431372554,75,5,2019.4
12349.0,5,1619,24.469666666666665,19,5,4404.54
12350.0,1,197,19.670588235294115,310,1,334.4
12351.0,1,261,14.33,375,1,300.93
12352.0,13,658,16.71867256637168,36,13,1889.21
12353.0,2,212,16.948333333333334,204,2,406.76
12354.0,1,530,18.610344827586207,232,1,1079.4
12355.0,2,543,27.074571428571428,214,2,947.61
12356.0,6,3417,44.57118881118881,23,6,6373.68
12357.0,3,6587,61.78263513513514,33,3,18287.66
12358.0,5,1079,50.48142857142857,2,5,3887.07
12359.0,14,2526,23.239706666666667,8,14,8714.89
12360.0,9,2458,19.325183486238533,52,9,4212.89
12361.0,4,235,17.629310344827587,287,4,511.25
12362.0,14,2213,19.216654545454546,3,14,5284.58
12363.0,2,408,24.0,110,2,552.0
12364.0,4,1506,15.448235294117646,8,4,1313.1
12365.0,3,173,13.94304347826087,291,3,320.69
12366.0,1,296,166.74666666666667,634,1,500.24
12367.0,1,173,15.354545454545455,4,1,168.9
12368.0,1,330,50.983333333333334,628,1,917.7
12369.0,3,1241,19.25967741935484,413,3,1791.15
12370.0,7,2605,21.387673267326736,51,7,4320.31
12371.0,5,1436,24.35556886227545,45,5,4067.38
12372.0,3,794,24.962307692307693,72,3,1298.04
12373.0,3,516,22.110784313725492,311,3,1127.65
12374.0,4,1362,36.01469879518073,25,4,2989.2200000000003
12375.0,3,177,25.301111111111112,3,3,455.42
12376.0,2,240,38.70384615384615,390,2,503.15
12377.0,4,2105,22.54157894736842,315,4,3426.32
12378.0,2,3316,17.994418604651162,130,2,5416.32
12379.0,5,814,19.735,82,5,1618.27
12380.0,15,3325,27.872791519434628,22,15,7888.0
12381.0,6,783,19.823736263736265,5,6,1803.96
12382.0,1,-1,-18.38,682,1,-18.38
12383.0,6,1529,18.3931,185,6,1839.31
12384.0,3,121,18.872,29,3,566.16
12385.0,2,611,29.142424242424244,379,2,1923.4
12386.0,2,568,36.71111111111111,338,2,660.8
12387.0,1,134,15.993333333333332,415,1,143.94
12388.0,8,2001,26.719931506849317,16,8,3901.11
12389.0,3,614,29.251632653061222,403,3,1433.33
12390.0,1,353,17.1825,80,1,549.84
12391.0,7,1212,9.574285714285715,22,7,2747.82
12392.0,1,73,33.53571428571429,591,1,234.75000000000003
12393.0,7,1305,21.220982142857142,72,7,2376.75
12394.0,2,819,47.12888888888889,64,2,1272.48
12395.0,18,3728,19.637821011673154,16,18,5046.92
12396.0,1,591,14.329692307692307,674,1,931.43
12397.0,2,1263,19.126190476190477,36,2,2409.9
12398.0,1,1394,19.243058823529413,46,1,1635.66
12399.0,7,2198,17.83909090909091,119,7,1962.3
12400.0,1,91,18.65909090909091,414,1,205.25
12401.0,1,11,16.86,303,1,84.3
12402.0,7,583,17.52323943661972,323,7,1244.15
12403.0,3,259,100.136,50,3,1001.36
12404.0,1,1,63.24,682,1,63.24
12405.0,1,857,31.67388888888889,149,1,1710.39
12406.0,7,3383,35.71888235294118,22,7,6072.21
12407.0,5,1416,22.18337662337662,50,5,1708.12
12408.0,14,2186,25.174352941176473,33,14,4279.64
12409.0,13,13027,84.89143382352941,79,13,23090.47
12410.0,4,339,23.844285714285714,301,4,1001.46
12411.0,1,138,15.76818181818182,410,1,346.90000000000003
12412.0,8,1991,19.702519083969467,75,8,2581.03
12413.0,6,315,17.650943396226417,67,6,935.5
12414.0,8,301,18.713783783783782,217,8,692.41
12415.0,33,91315,144.71645454545455,24,33,143269.29
12416.0,1,132,18.414545454545454,657,1,202.56
12417.0,27,2876,17.60685039370079,3,27,6708.21
12418.0,5,1087,19.582038834951458,113,5,2016.95
12419.0,2,231,20.1204,386,2,503.01
12420.0,1,345,20.70310344827586,64,1,600.39
12421.0,8,647,16.31089552238806,16,8,1092.83
12422.0,21,2591,23.405397727272728,96,21,4119.35
12423.0,11,1781,15.736084337349398,1,11,2612.19
12424.0,7,2015,33.91525773195877,163,7,3289.78
12425.0,3,1103,17.692736842105262,78,3,1680.81
12426.0,3,577,15.992804878048782,195,3,1311.41
12427.0,5,315,22.486,12,5,1011.87
12428.0,12,3503,26.25733333333333,26,12,7877.2
12429.0,9,3224,42.73281609195402,9,9,7435.51
12430.0,1,117,23.30909090909091,43,1,256.4
12431.0,33,4661,25.95498789346247,36,33,10719.41
12432.0,5,1801,46.845555555555556,43,5,5059.32
12433.0,11,17115,28.895134370579918,1,11,20428.86
12434.0,5,511,14.357837837837838,85,5,1062.48
12435.0,6,4958,124.33866071428572,80,6,13925.93
12436.0,1,211,31.813125000000003,100,1,509.01000000000005
12437.0,47,7931,21.26046312178388,2,47,12394.85
12438.0,2,1180,29.66173469387755,14,2,2906.85
12439.0,3,454,14.7264,683,3,1104.48
12440.0,3,308,21.947142857142858,457,3,768.15
12441.0,1,242,15.77727272727273,367,1,347.1
12442.0,1,182,14.338333333333333,3,1,172.06
12443.0,1,182,23.11,732,1,485.31
12444.0,5,1155,28.27943502824859,21,5,5005.46
12445.0,3,204,17.0592,22,3,426.48
12446.0,1,352,17.281206896551726,58,1,1002.3100000000001
12447.0,1,190,18.326538461538462,243,1,476.49
12448.0,1,243,20.429545454545455,44,1,449.45
12449.0,6,2282,24.05915422885572,22,6,4835.89
12450.0,7,435,16.673750000000002,156,7,666.95
12451.0,10,9226,24.409591439688718,11,10,12546.53
12452.0,3,183,18.633478260869566,17,3,428.57
12453.0,1,473,16.443953488372095,134,1,707.09
12454.0,9,2232,59.62097222222221,53,9,4292.709999999999
12455.0,10,3302,25.902863436123347,73,10,5879.95
12456.0,4,1616,24.44875968992248,44,4,3153.89
12457.0,14,938,26.583978494623654,58,14,2472.31
12458.0,4,986,21.160595238095237,71,4,1777.49
12459.0,1,258,19.754782608695653,605,1,454.36
12460.0,1,170,18.147222222222222,456,1,326.65
12461.0,2,287,23.62514285714286,94,2,826.88
12462.0,4,514,15.61125,2,4,1124.01
12463.0,7,757,14.813977272727273,46,7,1303.63
12464.0,8,112,41.79482758620689,10,8,1212.05
12465.0,3,475,14.39,8,3,733.89
12466.0,1,1,56.73,682,1,56.73
12467.0,2,0,0.0,386,2,0.0
12468.0,10,2184,22.236503067484662,143,10,3624.55
12469.0,2,2552,40.40184210526316,523,2,3070.54
12470.0,1,95,9.215217391304348,690,1,211.95
12471.0,129,16458,29.236217257318952,2,129,37948.61
12472.0,37,10910,16.164623450905623,31,37,16956.69
12473.0,9,2363,15.911899441340783,29,9,2848.23
12474.0,54,7797,15.662892670157069,17,54,11966.45
12475.0,2,771,18.846557377049184,54,2,1149.64
12476.0,38,5549,24.318475177304965,1,38,13715.62
12477.0,12,6086,35.2686013986014,23,12,20173.64
12478.0,1,236,18.91638888888889,4,1,680.99
12479.0,3,351,13.637142857142857,4,3,477.3
12480.0,8,2947,22.18408163265306,28,8,5435.1
12481.0,18,7115,30.929189873417723,23,18,12217.03
12482.0,32,27039,105.76584541062802,450,32,21893.53
12483.0,27,2145,32.74912162162162,17,27,4846.87
12484.0,16,3260,13.024483471074381,33,16,6303.85
12485.0,1,414,20.826470588235296,529,1,708.1
12486.0,1,523,21.168979591836734,432,1,1037.28
12487.0,2,144,86.59999999999998,731,2,259.79999999999995
12488.0,3,529,23.612000000000002,10,3,1298.66
12489.0,1,105,22.328666666666667,336,1,334.93
12490.0,22,5902,21.20656587473002,5,22,9818.64
12491.0,1,260,17.70769230769231,39,1,460.40000000000003
12492.0,3,444,17.028809523809525,63,3,715.21
12493.0,3,206,18.121304347826086,166,3,416.79
12494.0,17,961,14.291147540983607,10,17,1743.52
12495.0,2,126,17.021052631578947,635,2,323.4
12496.0,2,33,4.160769230769231,620,2,54.09
12497.0,4,5684,107.09913793103448,82,4,6211.75
12498.0,3,159,17.55217391304348,21,3,403.70000000000005
12499.0,1,302,14.582222222222223,560,1,393.72
12500.0,25,3360,37.64301282051282,23,25,5872.31
12501.0,2,1722,13.0605,315,2,2089.68
12502.0,5,820,25.332448979591835,96,5,3723.87
12503.0,2,560,0.0,338,2,0.0
12504.0,6,419,15.807692307692308,18,6,411.0
12505.0,3,313,19.319148936170212,301,3,908.0
12506.0,1,23,3.1956521739130435,233,1,73.5
12507.0,5,1256,35.24137254901961,134,5,1797.31
12508.0,2,272,5.772028985507246,26,2,398.27
12509.0,1,55,25.214285714285715,284,1,176.5
12510.0,16,2018,23.95668831168831,143,16,3689.33
12511.0,2,1748,15.802938144329897,415,2,3065.77
12512.0,2,99,4.059705882352941,66,2,138.03
12513.0,2,456,16.299722222222222,85,2,586.79
12514.0,2,840,19.02095238095238,267,2,1597.76
12515.0,1,131,23.98125,353,1,383.7
12516.0,4,1952,35.792162162162164,78,4,2648.62
12517.0,6,1348,8.618496503496504,28,6,2464.89
12518.0,5,1318,16.58782258064516,1,5,2056.89
12519.0,3,388,16.552142857142858,64,3,695.19
12520.0,6,1430,16.66135483870968,79,6,2582.51
12521.0,1,309,15.781052631578946,143,1,599.68
12522.0,2,194,16.06,39,2,192.72
12523.0,30,2248,15.927735849056605,2,30,4220.85
12524.0,18,7173,45.83206611570248,9,18,11091.36
12525.0,8,487,10.846493506493507,491,8,835.1800000000001
12526.0,3,632,18.54450704225352,1,3,1316.66
12527.0,5,526,22.9846875,82,5,735.51
12528.0,8,750,20.234526315789473,9,8,1922.28
12529.0,2,190,13.555652173913044,523,2,311.78000000000003
12530.0,12,2698,22.776913580246916,60,12,3689.86
12531.0,3,1104,14.278571428571428,15,3,1899.05
12532.0,1,153,21.864375000000003,30,1,349.83000000000004
12533.0,6,568,12.777666666666667,619,6,1149.99
12534.0,1,651,17.28857142857143,131,1,1089.18
12535.0,2,219,21.069117647058825,92,2,716.35
12536.0,5,2652,15.043296703296702,8,5,4106.82
12537.0,1,449,17.04511627906977,409,1,732.94
12538.0,2,336,18.836764705882356,29,2,640.45
12539.0,8,4534,18.809702970297028,22,8,9498.9
12540.0,36,11009,28.525535483870968,20,36,22107.29
12541.0,3,680,18.868846153846153,30,3,981.18
12542.0,4,514,9.408444444444445,484,4,423.38
12543.0,1,688,22.796511627906977,448,1,980.25
12544.0,2,132,17.785,30,2,355.7
12545.0,2,523,20.0078,75,2,1000.39
12546.0,3,617,16.307142857142857,47,3,1141.5
12547.0,3,309,18.265714285714285,198,3,383.58
12548.0,1,49,19.04,166,1,95.19999999999999
12549.0,6,1366,32.15673469387755,576,6,1575.68
12550.0,1,569,16.92684210526316,79,1,964.83
12551.0,1,100,16.8,358,1,168.0
12552.0,2,88,21.891,39,2,437.82
12553.0,17,2282,18.642704918032784,8,17,4548.82
12554.0,1,240,18.01923076923077,449,1,468.5
12555.0,1,1,129.23,682,1,129.23
12556.0,2,358,4.989338842975207,50,2,603.71
12557.0,8,6782,322.69206896551725,16,8,18716.14
12558.0,2,0,0.0,2,2,0.0
12559.0,3,281,24.37318181818182,311,3,536.21
12560.0,4,1078,18.93144144144144,5,4,2101.39
12561.0,1,177,14.928125,303,1,238.85
12562.0,9,2327,23.99478260869565,8,9,4966.92
12563.0,1,113,19.172307692307694,409,1,249.24
12564.0,1,133,21.757142857142856,261,1,456.9
12565.0,2,75,13.116999999999999,282,2,131.17
12566.0,2,264,17.335,73,2,346.7
12567.0,17,5864,20.355349544072947,23,17,13393.82
12568.0,1,48,14.0,645,1,70.0
12569.0,35,1793,21.282670157068065,2,35,4064.9900000000002
12570.0,1,1,77.52,682,1,77.52
12571.0,2,523,15.28264705882353,40,2,519.61
12572.0,3,450,16.205161290322582,9,3,1004.72
12573.0,5,479,6.028655462184874,227,5,717.41
12574.0,1,61,19.85909090909091,316,1,218.45000000000002
12575.0,2,315,16.389999999999997,457,2,622.8199999999999
12576.0,11,1479,14.175986394557823,36,11,2083.87
12577.0,9,1191,5.251980198019802,35,9,1591.35
12578.0,7,2334,25.262154696132594,21,7,4572.45
12579.0,3,278,13.249032258064517,73,3,410.72
12580.0,2,569,18.153448275862072,247,2,1052.9
12581.0,1,161,13.180666666666667,40,1,197.71
12582.0,4,985,19.22718446601942,239,4,1980.4
12583.0,31,8932,30.456263269639066,3,31,14344.9
12584.0,18,354,15.031349206349207,4,18,1893.95
12585.0,4,1258,20.441340206185565,234,4,1982.81
12586.0,5,683,21.131979166666667,17,5,2028.67
12587.0,1,51,36.0,8,1,144.0
12588.0,5,434,19.562083333333334,39,5,938.98
12589.0,11,1369,14.595141509433963,29,11,3094.17
12590.0,5,4277,136.8538888888889,190,5,9853.48
12591.0,3,677,19.596376811594205,317,3,1352.15
12592.0,8,1872,13.721666666666666,92,8,1152.62
12593.0,3,206,19.909523809523808,109,3,418.09999999999997
12594.0,17,2743,24.97282178217822,38,17,5044.51
12595.0,1,271,15.737894736842104,505,1,299.02
12596.0,2,474,22.898888888888887,51,2,618.27
12597.0,5,2187,17.21088785046729,19,5,3683.13
12598.0,15,2840,20.92260663507109,10,15,4414.67
12599.0,13,2189,17.268571428571427,29,13,2296.72
12600.0,26,1405,35.3985,29,26,4955.79
12601.0,7,289,19.250285714285713,190,7,673.76
12602.0,1,162,12.76,59,1,153.12
12603.0,1,64,246.39999999999998,22,1,739.1999999999999
12604.0,2,201,15.88625,79,2,254.18
12605.0,5,921,14.853048780487805,365,5,1217.95
12606.0,1,1,21.0,682,1,21.0
12607.0,2,0,1.31907686094078e-17,58,2,2.6645352591003757e-15
12608.0,1,323,25.986875,405,1,415.79
12609.0,10,1552,19.419659090909093,78,10,3417.86
12610.0,7,1028,18.54045045045045,23,7,2057.99
12611.0,1,846,18.35876923076923,52,1,1193.32
12612.0,2,251,30.64714285714286,58,2,643.59
12613.0,13,4043,18.995734870317005,31,13,6591.52
12614.0,1,76,15.780000000000001,278,1,315.6
12615.0,11,3295,20.017553956834533,2,11,5564.88
12616.0,7,481,17.71779661016949,85,7,1045.35
12617.0,1,213,8.465,29,1,355.53
12618.0,1,96,16.11909090909091,22,1,177.31
12619.0,14,3494,31.95190476190476,16,14,3354.95
12620.0,3,1181,14.558804347826088,15,3,1339.41
12621.0,44,13875,31.27138676844784,2,44,24579.31
12622.0,1,69,16.37272727272727,232,1,180.1
12623.0,9,1966,20.680909090909093,276,9,3639.84
12624.0,2,355,16.87184210526316,106,2,641.13
12625.0,5,3274,27.10308510638298,212,5,5095.38
12626.0,13,3350,20.808957654723127,23,13,6388.35
12627.0,7,2752,19.47186956521739,11,7,4478.53
12628.0,4,445,17.897906976744185,4,4,769.61
12629.0,2,722,34.62711111111111,386,2,1558.22
12630.0,2,548,19.8575,10,2,1270.88
12631.0,7,1593,18.56059139784946,57,7,3452.27
12632.0,4,668,19.44421052631579,521,4,738.88
12633.0,10,3207,17.876070287539935,59,10,5595.21
12634.0,2,337,24.5,536,2,490.0
12635.0,4,1949,16.37100558659218,90,4,2930.41
12636.0,1,1,141.0,739,1,141.0
12637.0,14,4272,12.944694835680751,67,14,8271.66
12638.0,2,663,19.197708333333335,33,2,921.49
12639.0,3,631,20.505781250000002,239,3,1312.3700000000001
12640.0,3,311,22.16188679245283,24,3,1174.58
12641.0,1,72,18.59,115,1,185.9
12642.0,3,552,21.558723404255318,25,3,1013.26
12643.0,14,4477,140.73035714285714,128,14,7880.900000000001
12644.0,6,1001,14.760487804878048,130,6,1815.54
12645.0,10,2089,21.46687116564417,34,10,3499.1
12646.0,2,897,29.932666666666666,5,2,1346.97
12647.0,45,6813,30.8062543554007,22,45,17682.79
12648.0,5,514,16.62121212121212,155,5,1097.0
12649.0,10,1930,18.054032258064513,107,10,2238.7
12650.0,1,254,15.722,3,1,314.44
12651.0,5,262,11.415625,335,5,365.3
12652.0,3,533,18.732962962962965,322,3,1011.58
12653.0,3,1681,48.38174418604651,149,3,4160.83
12654.0,5,264,15.841578947368422,11,5,601.98
12655.0,1,80,16.334375,424,1,261.35
12656.0,12,2841,24.983320158102767,17,12,6320.78
12657.0,5,654,20.572499999999998,11,5,1152.06
12658.0,1,320,19.056944444444444,19,1,686.05
12659.0,1,105,18.336000000000002,30,1,91.68
12660.0,1,127,18.853846153846153,11,1,245.1
12661.0,1,216,14.727272727272727,436,1,162.0
12662.0,22,3560,16.907956204379563,1,22,6949.17
12663.0,3,169,18.545454545454547,625,3,204.0
12664.0,12,1494,131.56608695652173,8,12,6052.04
12665.0,5,157,14.354761904761904,325,5,301.45
12666.0,2,314,30.938787878787878,359,2,1020.98
12667.0,1,395,18.791818181818183,58,1,620.13
12668.0,12,5037,20.84379120879121,7,12,11380.710000000001
12669.0,4,1114,15.762058823529411,151,4,1607.73
12670.0,8,1621,32.05461538461538,10,8,3750.39
12671.0,1,1460,58.27735555555556,606,1,2622.481
12672.0,3,131,16.42,330,3,410.5
12673.0,3,700,16.62189189189189,5,3,1230.02
12674.0,7,1102,21.09131868131868,12,7,1919.31
12675.0,4,335,8.128695652173912,554,4,934.8
12676.0,12,1865,25.67675925925926,25,12,2773.09
12677.0,3,174,16.92608695652174,555,3,389.3
12678.0,23,22233,88.84811023622046,42,23,33851.13
12679.0,9,530,18.90482142857143,52,9,1058.67
12680.0,4,444,16.619056603773583,1,4,880.81
12681.0,56,17500,20.449638554216868,15,56,30551.76
12682.0,53,11009,22.980623800383878,4,53,23945.81
12683.0,27,7597,22.136541889483066,4,27,12418.6
12684.0,7,1985,21.748857142857144,8,7,2283.63
12685.0,6,1523,18.236178343949042,28,6,2863.08
12686.0,1,214,12.734285714285715,372,1,178.28
12687.0,2,1403,16.97547619047619,481,2,2138.91
12688.0,1,3028,28.501812865497072,114,1,4873.8099999999995
12689.0,2,628,17.327916666666667,26,2,1247.61
12690.0,1,106,24.313125,206,1,389.01
12691.0,7,445,30.010256410256414,28,7,1170.4
12692.0,1,36,8.534615384615385,637,1,110.95
12693.0,11,524,19.76409638554217,121,11,1640.42
12694.0,4,1353,21.898214285714285,70,4,1839.45
12695.0,7,454,23.84949152542373,7,7,1407.1200000000001
12696.0,3,563,16.023,435,3,801.15
12697.0,5,499,21.83767441860465,21,5,939.02
12698.0,1,111,21.234375,590,1,339.75
12699.0,1,373,15.563658536585367,418,1,638.11
12700.0,6,2963,18.029592592592593,8,6,4867.99
12701.0,6,1727,16.642244897959184,80,6,2446.41
12702.0,1,53,18.25,20,1,219.0
12703.0,7,539,10.621190476190476,64,7,892.18
12704.0,10,1003,24.676000000000002,7,10,2220.84
12705.0,22,7108,18.456869009584665,15,22,11554.0
12706.0,1,-1,-91.89,682,1,-91.89
12707.0,1,256,18.28545454545455,292,1,603.4200000000001
12708.0,30,2466,15.232619047619048,30,30,5118.16
12709.0,55,13776,51.55205782312925,3,55,30312.61
12710.0,4,849,14.311012658227847,97,4,1130.57
12711.0,2,770,22.3175,612,2,1339.05
12712.0,28,2301,23.74034013605442,23,28,6979.66
12713.0,1,508,22.330263157894734,1,1,848.55
12714.0,12,8774,20.249583333333334,9,12,14093.710000000001
12715.0,1,197,16.85047619047619,106,1,353.86
12716.0,2,708,15.267971014492753,4,2,1053.49
12717.0,4,599,17.484861111111112,151,4,1258.91
12718.0,1,203,12.539473684210526,71,1,238.25
12719.0,3,361,14.47857142857143,5,3,608.1
12720.0,41,6240,15.09921200750469,3,41,8047.88
12721.0,10,2631,15.380629921259843,32,10,3906.68
12722.0,6,560,15.865438596491229,85,6,904.33
12723.0,5,434,10.508260869565216,4,5,725.0699999999999
12724.0,7,1379,17.96527131782946,5,7,2317.52
12725.0,4,1306,20.727384615384615,371,4,2694.56
12726.0,11,4618,22.427932960893855,28,11,4014.6
12727.0,12,2819,27.544048780487802,11,12,5646.53
12728.0,5,543,17.54377049180328,71,5,1070.17
12729.0,1,233,17.423461538461538,114,1,453.01
12730.0,1,234,17.643617021276597,522,1,829.25
12731.0,19,11570,64.83133838383839,24,19,25673.21
12732.0,1,111,19.688333333333336,180,1,236.26000000000002
12733.0,6,885,14.363086419753088,234,6,2326.82
12734.0,3,265,33.66578947368421,353,3,639.65
12735.0,2,368,18.12953488372093,315,2,779.5699999999999
12736.0,1,173,58.5,333,1,234.0
12737.0,2,2,1855.25,499,2,3710.5
12738.0,1,296,14.122727272727273,372,1,310.7
12739.0,4,951,30.63741573033708,78,4,2726.73
12740.0,1,342,15.837037037037035,64,1,427.59999999999997
12741.0,2,214,25.379375,529,2,406.07
12742.0,2,1349,17.426764705882352,600,2,1185.02
12743.0,2,319,4.077835820895522,134,2,546.43
12744.0,14,6987,38.02936416184971,52,14,13158.16
12745.0,3,468,40.235217391304346,487,3,925.41
12746.0,3,91,11.5425,528,3,230.85000000000002
12747.0,32,2733,34.58335849056604,2,32,9164.59
12748.0,365,37072,6.838665663062816,1,365,49970.13
12749.0,16,2271,15.90072864321608,4,16,6328.49
12750.0,1,137,18.392,129,1,275.88
12751.0,1,189,4.326935483870967,445,1,268.27
12752.0,1,2262,82.3920754716981,81,1,4366.78
12753.0,11,11250,91.40873913043478,4,11,21024.01
12754.0,5,6479,45.37107692307692,236,5,2949.12
12755.0,22,2521,54.7551282051282,250,22,6406.349999999999
12756.0,1,144,28.019999999999996,87,1,112.07999999999998
12757.0,19,2385,11.214058355437665,16,19,4227.7
12758.0,8,6091,30.84858044164038,117,8,9779.0
12759.0,8,3202,16.62496688741722,52,8,5020.74
12760.0,1,198,16.561904761904763,456,1,347.8
12761.0,2,281,28.99814814814815,458,2,782.95
12762.0,2,1227,27.51478260869565,8,2,1898.52
12763.0,2,512,23.945882352941176,138,2,814.16
12764.0,1,386,37.64177777777778,317,1,1693.88
12765.0,6,1009,20.65558823529412,472,6,1404.58
12766.0,11,5427,21.844074074074076,4,11,10026.43
12767.0,1,598,22.088837209302326,376,1,949.82
12768.0,2,0,0.0,432,2,0.0
12769.0,1,356,35.7375,239,1,1143.6
12770.0,7,1771,80.43108108108108,211,7,2975.95
12771.0,2,100,16.40625,465,2,262.5
12772.0,1,556,16.226727272727274,60,1,892.47
12773.0,2,0,2.868076146948321e-16,564,2,3.4416913763379853e-15
12774.0,1,53,16.45,536,1,98.7
12775.0,8,1059,20.138048780487804,17,8,1651.32
12776.0,1,46,13.875,668,1,55.5
12777.0,1,458,19.978846153846156,458,1,519.45
12778.0,10,1734,15.284173913043478,20,10,1757.68
12779.0,21,3472,21.717830508474577,21,21,6406.76
12780.0,1,285,16.869999999999997,599,1,337.4
12781.0,5,592,23.590666666666667,21,5,707.72
12782.0,14,1985,18.7802489626556,5,14,4526.04
12783.0,8,622,18.649651162790697,2,8,1603.87
12784.0,3,882,13.776717557251908,9,3,1804.75
12785.0,5,447,18.608793103448274,3,5,1079.31
12786.0,1,324,40.47222222222222,610,1,728.5
12787.0,5,509,19.092888888888886,10,5,859.18
12788.0,4,194,17.111538461538462,463,4,444.9
12789.0,3,36,34.16875,65,3,273.35
12790.0,3,300,14.086250000000001,192,3,563.45
12791.0,8,448,24.3046875,374,8,777.75
12792.0,3,393,16.955833333333334,257,3,813.88
12793.0,3,526,19.94764705882353,335,3,1017.33
12794.0,2,592,19.12022222222222,53,2,860.41
12795.0,1,68,30.74857142857143,19,1,430.48
12796.0,1,182,54.42857142857143,628,1,381.0
12797.0,6,290,14.80530612244898,360,6,725.46
12798.0,4,8455,257.9069696969697,10,4,8510.93
12799.0,1,137,14.623333333333333,529,1,219.35
12800.0,3,284,17.183823529411764,470,3,584.25
12801.0,2,504,20.232745098039214,478,2,1031.87
12802.0,9,1954,16.788714285714285,184,9,2350.42
12803.0,1,872,19.869272727272726,393,1,1092.81
12804.0,2,271,4.88089552238806,466,2,327.02
12805.0,4,593,24.74051724137931,382,4,1434.95
12806.0,4,2087,42.96955223880597,435,4,2878.96
12807.0,3,120,14.997222222222222,383,3,269.95
12808.0,5,375,16.77962962962963,37,5,906.1
12809.0,8,508,19.161123595505618,168,8,1705.34
12810.0,2,389,16.7184375,535,2,534.99
12811.0,5,435,18.462500000000002,261,5,1033.9
12812.0,1,164,15.309333333333335,45,1,229.64000000000001
12813.0,3,1141,37.50666666666667,502,3,1687.8
12814.0,1,49,62.96,102,1,125.92
12815.0,2,379,22.6268085106383,148,2,1063.46
12816.0,2,128,19.731034482758623,96,2,572.2
12817.0,3,219,27.639200000000002,281,3,690.98
12818.0,2,923,94.8675,178,2,1517.88
12819.0,1,344,28.448421052631577,458,1,540.52
12820.0,13,1928,16.245030674846625,3,13,2647.94
12821.0,2,162,16.984615384615385,214,2,220.8
12822.0,3,548,19.55276595744681,71,3,918.98
12823.0,18,930,361.19444444444446,75,18,6501.5
12824.0,1,232,15.8848,60,1,397.12
12825.0,2,139,21.609583333333333,521,2,518.63
12826.0,15,1989,17.126842105263158,3,15,2928.69
12827.0,3,197,17.206000000000003,6,3,430.15000000000003
12828.0,6,494,18.19125,3,6,1018.71
12829.0,4,549,17.267500000000002,322,4,345.35
12830.0,7,9847,173.03589743589743,38,7,6748.4
12831.0,3,303,20.505,262,3,451.11
12832.0,2,195,14.186296296296295,32,2,383.03
12833.0,1,156,17.390833333333333,145,1,417.38
12834.0,1,110,17.354444444444443,283,1,312.38
12835.0,49,2343,9.553444444444445,418,49,6018.67
12836.0,17,2232,15.66141148325359,59,17,6546.47
12837.0,2,209,7.482717391304347,173,2,688.41
12838.0,12,1838,7.906393442622951,34,12,3376.03
12839.0,31,6754,16.94168941979522,3,31,9927.83
12840.0,11,2244,22.176077348066297,144,11,4013.87
12841.0,42,5339,10.23612188365651,5,42,7390.4800000000005
12842.0,4,887,39.958125,70,4,1917.99
12843.0,34,2900,27.589608695652174,66,34,6345.61
12844.0,4,223,6.297087378640777,29,4,648.6
12845.0,4,204,13.114444444444443,267,4,354.09
12846.0,1,1,15.58,682,1,15.58
12847.0,2,1533,12.99126984126984,22,2,1636.8999999999999
12848.0,1,58,13.0,676,1,208.0
12849.0,6,1882,20.88216216216216,31,6,3090.56
12850.0,1,200,165.0,446,1,330.0
12851.0,2,160,3.551625,97,2,284.13
12852.0,2,145,14.9875,290,2,299.75
12853.0,16,1639,23.748407643312103,108,16,3728.5
12854.0,11,1614,10.6268,79,11,2922.37
12855.0,4,270,9.299142857142858,373,4,650.94
12856.0,8,1076,6.822334384858044,8,8,2162.68
12857.0,7,1419,30.19877049180328,211,7,3684.25
12858.0,2,62,3.0345999999999997,383,2,151.73
12859.0,1,292,27.385714285714286,459,1,575.1
12860.0,1,27,3.262941176470588,693,1,55.47
12861.0,1,27,17.0625,620,1,68.25
12862.0,2,613,7.581353383458646,426,2,1008.3199999999999
12863.0,7,893,56.64387755102041,52,7,2775.55
12864.0,2,447,42.79571428571428,138,2,299.57
12865.0,5,1925,16.853622448979593,26,5,3303.31
12866.0,3,553,19.48174603174603,283,3,1227.35
12867.0,16,7915,7.307332713754646,26,16,7862.69
12868.0,8,1282,15.39082191780822,186,8,2247.06
12869.0,1,144,9.126216216216216,682,1,337.67
12870.0,4,902,16.980927835051546,366,4,1647.15
12871.0,3,484,41.33444444444444,84,3,744.02
12872.0,13,1852,8.398036529680367,327,13,3678.34
12873.0,3,786,57.92285714285714,282,3,2027.3
12874.0,3,611,19.04938775510204,385,3,933.42
12875.0,5,5187,169.62375,143,5,1356.99
12876.0,5,3039,23.792923976608186,58,5,4068.59
12877.0,20,2262,10.668483754512636,4,20,2955.17
12878.0,3,536,17.176326530612243,18,3,841.64
12879.0,4,363,46.04749999999999,45,4,552.5699999999999
12880.0,2,279,17.781388888888888,382,2,640.13
12881.0,1,21,42.57142857142857,276,1,298.0
12882.0,2,246,112.54153846153847,9,2,1463.04
12883.0,4,196,16.749285714285715,25,4,703.47
12884.0,1,43,44.15,88,1,309.05
12885.0,4,654,16.087083333333332,63,4,1158.27
12886.0,3,761,15.7103488372093,68,3,1351.09
12887.0,1,100,17.107692307692307,384,1,222.4
12888.0,4,68,44.824285714285715,214,4,313.77
12889.0,6,120,13.542962962962964,381,6,365.66
12890.0,2,466,5.16021582733813,24,2,717.27
12891.0,12,2275,68.29166666666667,186,12,819.5
12892.0,1,140,14.632222222222222,397,1,263.38
12893.0,1,96,5.533529411764706,31,1,188.14
12894.0,1,33,7.492857142857143,575,1,157.35
12895.0,3,204,14.470833333333333,42,3,347.3
12896.0,1,-5,-29.75,731,1,-29.75
12897.0,4,249,36.732142857142854,205,4,514.25
12898.0,2,240,9.717500000000001,464,2,310.96000000000004
12899.0,1,108,21.552941176470586,414,1,366.4
12900.0,1,139,26.179230769230767,422,1,340.33
12901.0,36,20915,130.3448,9,36,16293.1
12902.0,1,66,13.868,265,1,138.68
12903.0,1,493,20.33,429,1,833.53
12904.0,2,302,7.0775,18,2,509.58
12905.0,3,528,18.396727272727272,577,3,1011.82
12906.0,5,1749,46.34619047619047,12,5,2919.81
12907.0,3,164,15.184827586206897,396,3,440.36
12908.0,7,1800,181.71428571428572,59,7,1272.0
12909.0,13,1932,18.064107142857143,40,13,3034.77
12910.0,14,3602,41.645072463768116,23,14,5747.02
12911.0,1,820,6.77608870967742,552,1,1680.47
12912.0,5,670,69.2625,3,5,1662.3
12913.0,13,3232,69.800625,5,13,6700.86
12914.0,1,336,24.886666666666667,401,1,223.98
12915.0,8,434,13.393209876543208,149,8,1084.85
12916.0,8,1766,24.893655913978495,139,8,4630.22
12917.0,8,1098,81.68867924528301,128,8,4329.5
12918.0,3,-1,-3651.1666666666665,626,3,-10953.5
12919.0,8,668,25.02769230769231,8,8,1301.44
12920.0,4,421,8.134833333333335,17,4,488.09000000000003
12921.0,103,21273,21.488492555831264,4,103,34639.45
12922.0,1,370,14.477857142857143,161,1,405.38
12923.0,3,237,12.73983870967742,64,3,789.87
12924.0,14,1412,31.883552631578947,88,14,2423.15
12925.0,3,649,14.586599999999999,5,3,729.3299999999999
12926.0,4,766,5.651313868613139,411,4,1548.46
12927.0,1,145,17.937272727272727,395,1,197.31
12928.0,12,2899,24.049664804469277,35,12,4304.89
12929.0,2,36,11.677777777777777,122,2,105.1
12930.0,4,250,15.181481481481482,78,4,409.90000000000003
12931.0,71,48345,252.83570921985816,22,71,71299.67
12932.0,8,1609,17.87957894736842,539,8,1698.56
12933.0,11,904,5.424266666666667,24,11,1627.28
12934.0,1,31,90.825,737,1,181.65
12935.0,19,3170,16.08465384615385,2,19,4182.01
12936.0,5,539,16.077777777777776,17,5,1012.9
12937.0,9,1983,14.274700460829493,15,9,3097.61
12938.0,1,140,12.682222222222222,26,1,114.14
12939.0,20,10328,293.7767441860465,64,20,25264.8
12940.0,4,406,8.507669902912621,46,4,876.29
12941.0,1,381,13.981111111111112,724,1,377.49
12942.0,3,272,10.358791208791208,131,3,942.65
12943.0,4,220,18.11111111111111,301,4,489.0
12944.0,2,289,20.150333333333332,36,2,604.51
12945.0,2,446,17.64921568627451,288,2,900.11
12946.0,1,149,16.2225,437,1,324.45
12947.0,11,1341,14.261083333333334,144,11,1711.33
12948.0,10,1301,18.158897637795274,16,10,2306.18
12949.0,28,8197,21.22896551724138,31,28,15391.0
12950.0,3,1380,80.1304347826087,2,3,1843.0
12951.0,20,1650,15.743383084577115,9,20,3164.42
12952.0,5,652,17.285500000000003,6,5,1382.8400000000001
12953.0,2,364,17.266875000000002,10,2,828.8100000000001
12954.0,1,83,16.244999999999997,639,1,162.45
12955.0,14,3642,25.870273224043718,1,14,4734.26
12956.0,4,340,12.425952380952381,306,4,521.89
12957.0,21,4661,17.25684,4,21,8628.42
12958.0,2,131,9.464736842105264,400,2,539.49
12959.0,2,108,14.816666666666666,484,2,133.35
12960.0,4,1379,18.886714285714284,414,4,1322.07
12961.0,1,180,5.2997499999999995,379,1,211.98999999999998
12962.0,2,129,16.649375,7,2,266.39
12963.0,14,1777,17.831421319796956,8,14,3512.79
12964.0,1,56,5.086153846153847,437,1,132.24
12965.0,1,283,7.081743119266055,89,1,771.91
12966.0,1,75,16.018,10,1,160.18
12967.0,5,1077,40.859255319148936,3,5,3840.77
12968.0,1,73,27.189999999999998,112,1,135.95
12969.0,1,55,24.490000000000002,603,1,122.45
12970.0,10,1014,3.9816449086161882,7,10,1524.97
12971.0,120,13061,36.090303030303026,4,120,15482.74
12972.0,6,829,13.128823529411765,414,6,1115.95
12973.0,1,31,64.25833333333334,414,1,385.55
12974.0,2,104,12.7796875,198,2,408.95
12975.0,8,903,16.89822033898305,430,8,1993.99
12976.0,8,2684,20.495974025974025,212,8,3156.38
12977.0,4,131,8.773389830508474,156,4,517.63
12978.0,6,1393,15.219939024390245,385,6,2496.07
12979.0,2,484,8.412982456140352,729,2,479.54
12980.0,26,1883,269.65067796610174,156,26,15909.390000000001
12981.0,2,242,18.610999999999997,30,2,372.21999999999997
12982.0,17,1665,11.972523364485982,240,17,2562.12
12983.0,1,638,16.336000000000002,598,1,490.08000000000004
12984.0,1,26,24.375,19,1,97.5
12985.0,3,1413,15.584871794871793,1,3,1215.62
12986.0,12,881,14.025281690140845,403,12,1991.5900000000001
12987.0,6,583,19.095735294117645,74,6,1298.51
12988.0,1,136,5.818695652173914,292,1,535.32
12989.0,39,6764,122.35047619047619,3,39,12846.8
12990.0,7,480,35.388888888888886,31,7,955.5
12991.0,3,483,16.996000000000002,23,3,764.82
12992.0,1,21,15.558333333333335,725,1,93.35000000000001
12993.0,10,648,14.527560975609756,23,10,1191.26
12994.0,5,440,12.35917808219178,4,5,902.22
12995.0,2,98,40.144,78,2,200.72
12996.0,1,122,16.15909090909091,376,1,355.5
12997.0,16,1163,17.06702479338843,22,16,2065.11
12998.0,4,1102,14.711147540983607,493,4,897.38
12999.0,3,342,16.28142857142857,196,3,455.88
13000.0,5,538,14.846153846153847,107,5,965.0
13001.0,37,13518,23.410329776915614,4,37,24136.05
13002.0,3,201,18.00565217391304,318,3,414.13
13003.0,3,103,24.84166666666667,106,3,149.05
13004.0,46,8442,13.003488914819137,12,46,11143.99
13005.0,6,455,15.583833333333333,174,6,935.03
13006.0,1,55,20.3925,56,1,81.57
13007.0,1,59,15.931818181818182,580,1,175.25
13008.0,7,312,13.93025641025641,323,7,543.28
13009.0,1,120,58.5,673,1,234.0
13010.0,2,323,27.51,374,2,330.12
13011.0,1,26,16.85,372,1,101.10000000000001
13012.0,15,1393,14.80674285714286,9,15,2591.1800000000003
13013.0,31,6456,22.624452423698383,1,31,12601.82
13014.0,18,1950,21.573677685950415,3,18,5220.83
13015.0,14,3463,18.010362116991644,53,14,6465.72
13016.0,3,527,16.806170212765956,73,3,789.89
13017.0,1,48,204.0,7,1,204.0
13018.0,37,6741,16.07724422442244,16,37,9742.81
13019.0,8,395,21.279824561403508,379,8,1212.95
13020.0,5,271,14.451428571428572,548,5,606.96
13021.0,24,2508,17.99390977443609,4,24,4786.38
13022.0,1,35,13.059999999999999,430,1,65.3
13023.0,3,585,19.066184210526316,64,3,1449.03
13024.0,3,174,15.747647058823528,464,3,535.42
13025.0,1,241,24.876153846153844,732,1,323.39
13026.0,13,2431,19.652558139534882,1,13,1690.12
13027.0,23,42837,190.53333333333333,114,23,17148.0
13028.0,3,796,14.035744680851062,23,3,659.68
13029.0,5,194,113.37058823529412,31,5,1927.3
13030.0,2,598,7.718364779874214,11,2,1227.22
13031.0,5,2399,7.860390804597701,407,5,3419.27
13032.0,11,1269,12.865707762557077,39,11,2817.59
13033.0,2,98,16.965384615384615,357,2,220.55
13034.0,3,522,16.776,55,3,922.68
13035.0,4,909,29.532222222222224,58,4,1328.95
13036.0,1,38,51.18333333333334,685,1,307.1
13037.0,16,2105,15.944190871369296,138,16,3842.55
13038.0,3,360,32.445,80,3,908.46
13039.0,4,290,18.37690909090909,584,4,1010.73
13040.0,2,355,15.743953488372092,9,2,676.99
13041.0,4,335,22.832285714285714,451,4,799.13
13042.0,4,825,7.61395,584,4,1522.79
13043.0,2,251,33.683571428571426,254,2,471.57
13044.0,13,2551,11.458907363420428,291,13,4824.2
13045.0,3,405,17.976,99,3,808.92
13046.0,3,505,16.950892857142858,31,3,949.25
13047.0,42,3376,19.155475113122172,32,42,8466.72
13048.0,13,2692,14.78080586080586,14,13,4035.16
13049.0,5,606,49.43357142857143,64,5,1384.14
13050.0,57,7128,11.291728748806113,9,57,11822.44
13051.0,2,72,38.95,579,2,155.8
13052.0,7,1454,12.523833992094863,212,7,3168.53
13053.0,1,47,7.508823529411765,622,1,127.65
13054.0,1,-1,-14.0,682,1,-14.0
13055.0,6,1805,14.509556962025314,64,6,2292.5099999999998
13056.0,1,158,11.025263157894736,551,1,209.48
13057.0,4,453,12.575348837209303,530,4,540.74
13058.0,3,52,33.925000000000004,25,3,271.40000000000003
13059.0,12,859,11.085951219512195,250,12,2272.62
13060.0,1,123,20.502,254,1,307.53
13061.0,1,107,24.861,72,1,248.61
13062.0,1,343,31.543636363636367,191,1,346.98
13063.0,1,116,15.700000000000001,481,1,188.4
13064.0,6,670,17.880212765957445,13,6,1680.74
13065.0,6,454,16.311168831168832,373,6,1255.96
13066.0,3,320,8.793877551020408,24,3,430.9
13067.0,3,131,15.8909375,82,3,508.51
13068.0,2,200,172.0,10,2,344.0
13069.0,42,14696,7.521470335339639,1,42,8747.47
13070.0,5,368,21.254285714285714,192,5,743.9
13071.0,1,30,10.768333333333333,612,1,129.22
13072.0,1,69,25.307142857142857,267,1,177.15
13073.0,2,261,15.484444444444444,411,2,418.08
13074.0,5,824,45.428000000000004,511,5,1362.8400000000001
13075.0,1,485,41.80045454545455,130,1,919.61
13076.0,1,44,15.044444444444444,458,1,135.4
13077.0,14,2724,8.588050847457627,1,14,3040.17
13078.0,95,12023,33.78225730994152,1,95,28883.83
13079.0,6,158,24.657647058823528,4,6,419.18
13080.0,5,191,13.0415,179,5,260.83
13081.0,44,41152,24.00335390946502,1,44,58328.15
13082.0,25,8413,54.24567164179105,126,25,7268.92
13083.0,3,307,17.974090909090908,4,3,395.43
13084.0,2,137,29.112499999999997,488,2,116.44999999999999
13085.0,10,835,15.863695652173913,158,10,1459.46
13086.0,1,155,9.34744680851064,383,1,439.33000000000004
13087.0,1,86,20.909333333333333,726,1,313.64
13088.0,1,76,11.8055,417,1,236.11
13089.0,247,59243,32.93024723676556,3,247,113214.19
13090.0,30,3363,47.323986254295534,9,30,13771.28
13091.0,6,-1085,-1.0673770491803276,21,6,-130.21999999999997
13092.0,15,601,17.45504347826087,71,15,2007.33
13093.0,88,26055,48.67122412241224,267,88,54073.729999999996
13094.0,17,1914,58.28052631578948,21,17,2214.6600000000003
13095.0,1,144,12.399999999999999,71,1,74.39999999999999
13096.0,1,6,419.70000000000005,394,1,419.70000000000005
13097.0,40,5350,12.34331094049904,33,40,12861.73
13098.0,41,15911,47.37004958677686,1,41,28658.88
13099.0,1,288,207.35999999999999,99,1,207.35999999999999
13100.0,1,-1,-1598.67,625,1,-1598.67
13101.0,4,478,13.635294117647058,234,4,695.4
13102.0,42,6510,22.789083665338648,1,42,11440.12
13103.0,3,426,21.504242424242424,40,3,709.64
13104.0,9,834,56.97,3,9,1709.1
13105.0,1,100,72.0,436,1,72.0
13106.0,3,227,34.49764705882353,129,3,586.46
13107.0,15,4255,27.035026455026454,44,15,5109.62
13108.0,2,1043,24.411555555555555,373,2,1098.52
13109.0,7,750,14.967297297297296,3,7,1107.58
13110.0,14,757,11.40224409448819,31,14,2896.17
13111.0,1,180,26.823333333333334,719,1,321.88
13112.0,3,-1,-1.0879999999999996,541,3,-5.439999999999998
13113.0,60,4047,33.333835341365464,1,60,16600.25
13114.0,1,74,14.64875,731,1,234.38
13115.0,23,3893,16.23700906344411,9,23,5374.45
13116.0,2,290,15.651290322580644,117,2,485.19
13117.0,19,2065,13.97941798941799,22,19,2642.11
13118.0,12,811,15.355921052631578,20,12,2334.1
13119.0,1,110,12.263636363636364,669,1,134.9
13120.0,1,12,30.599999999999998,239,1,30.599999999999998
13121.0,2,227,4.806226415094339,269,2,254.73
13122.0,2,585,16.77072727272727,94,2,922.39
13123.0,2,268,11.261111111111111,473,2,506.75
13124.0,4,2783,16.048489932885907,90,4,4782.45
13125.0,1,54,7.55095238095238,524,1,158.57
13126.0,19,3381,15.0095,5,19,3902.47
13127.0,1,127,17.278000000000002,78,1,259.17
13128.0,1,31,263.5,631,1,263.5
13129.0,2,296,21.204545454545453,452,2,233.25
13130.0,1,32,32.0,94,1,64.0
13131.0,8,1519,21.720331125827816,23,8,3279.77
13132.0,1,20,25.766666666666666,262,1,77.3
13133.0,3,55,16.70416666666667,274,3,200.45000000000002
13134.0,9,1349,18.9240625,73,9,2422.28
13135.0,2,4423,187.30277777777778,197,2,3371.45
13136.0,24,3038,17.6168115942029,50,24,6077.8
13137.0,17,4293,5.317177531206657,11,17,7667.37
13138.0,8,717,14.5449,22,8,1454.49
13139.0,9,4607,30.460334572490705,16,9,8193.83
13140.0,5,648,9.964590163934426,108,5,1215.68
13141.0,21,5134,17.486380510440835,85,21,7536.63
13142.0,1,258,13.351739130434781,19,1,307.09
13143.0,2,196,16.633333333333333,582,2,399.2
13144.0,2,29,22.558333333333334,333,2,135.35
13145.0,8,263,129.07,40,8,1419.77
13146.0,1,154,13.465294117647058,26,1,228.91
13147.0,4,144,178.20000000000002,10,4,712.8000000000001
13148.0,36,4390,9.659453032104638,29,36,8123.6
13149.0,4,1280,19.48906976744186,14,4,1676.06
13150.0,4,170,48.33555555555555,471,4,435.02
13151.0,5,825,13.800494505494505,203,5,2511.69
13152.0,9,969,15.325942028985507,417,9,2114.98
13153.0,1,418,32.41466666666667,6,1,486.22
13154.0,5,972,10.282783505154638,144,5,997.43
13155.0,6,909,10.671829268292683,33,6,1750.18
13156.0,3,914,15.255192307692308,385,3,1586.54
13157.0,10,4753,22.40201581027668,49,10,5667.71
13158.0,5,992,15.081800000000001,95,5,1508.18
13159.0,5,1045,11.309426229508198,9,5,1379.75
13160.0,1,56,22.95,22,1,91.8
13161.0,2,106,14.08470588235294,313,2,478.88
13162.0,19,5668,37.51827160493827,122,19,9116.94
13163.0,2,0,0.0,610,2,0.0
13164.0,3,114,24.78833333333333,569,3,297.46
13165.0,3,1736,29.61551020408163,46,3,1451.1599999999999
13166.0,3,525,12.59542857142857,282,3,881.68
13167.0,5,1007,13.890740740740743,19,5,1125.15
13168.0,6,910,10.254175824175825,36,6,1866.26
13169.0,3,296,46.67111111111112,64,3,840.08
13170.0,1,147,3.6253125,27,1,116.01
13171.0,5,227,8.891875,8,5,426.81
13172.0,1,48,69.6,400,1,69.6
13173.0,13,1617,10.398809523809524,4,13,2620.5
13174.0,12,4541,8.387667844522968,16,12,9494.84
13175.0,4,392,15.550980392156863,554,4,793.1
13176.0,1,453,6.845,46,1,492.84
13177.0,2,180,17.073333333333334,65,2,512.2
13178.0,25,8749,20.11191091954023,26,25,13997.89
13179.0,1,368,16.832647058823532,619,1,572.3100000000001
13180.0,1,42,21.525,607,1,86.1
13181.0,1,171,18.931052631578947,381,1,359.69
13182.0,1,201,11.016363636363637,45,1,121.18
13183.0,18,4001,43.54583850931677,8,18,7010.88
13184.0,12,1662,9.009781420765027,15,12,1648.79
13185.0,1,12,71.4,268,1,71.4
13186.0,5,804,18.329642857142858,40,5,1539.69
13187.0,5,353,5.358615384615384,337,5,348.31
13188.0,1,25,57.300000000000004,11,1,114.60000000000001
13189.0,2,842,8.988965517241379,19,2,260.68
13190.0,4,306,28.82,544,4,518.76
13191.0,1,115,2.79135593220339,658,1,164.69
13192.0,8,1618,15.42139393939394,95,8,2544.53
13193.0,1,50,4.0648275862068965,61,1,117.88
13194.0,2,326,47.278,136,2,472.78
13195.0,1,83,3.315,414,1,172.38
13196.0,8,2004,16.103368421052632,11,8,3059.64
13197.0,1,204,19.632105263157893,610,1,373.01
13198.0,12,3438,15.255527950310558,10,12,4912.28
13199.0,69,12010,78.49272727272727,4,69,16404.98
13200.0,4,516,18.915,19,4,870.09
13201.0,4,1039,14.097840909090907,502,4,1240.61
13202.0,8,571,22.447857142857146,379,8,1571.3500000000001
13203.0,11,2407,15.473823529411765,10,11,2630.55
13204.0,1,428,16.958947368421054,731,1,966.6600000000001
13205.0,1,256,2803.2,443,1,2803.2
13206.0,15,6878,14.178304794520546,400,15,8280.13
13207.0,4,178,41.22,15,4,535.86
13208.0,10,1327,7.727450980392157,59,10,1970.5
13209.0,16,5760,22.561657754010692,30,16,8438.06
13210.0,1,316,16.067272727272726,94,1,353.48
13211.0,12,1885,12.95153110047847,10,12,2706.87
13212.0,4,309,5.458601398601399,9,4,780.58
13213.0,14,2952,18.347464114832537,57,14,3834.62
13214.0,7,2966,14.254279475982532,418,7,3264.23
13215.0,1,96,81.6,402,1,81.6
13216.0,1,297,66.748,268,1,333.74
13217.0,6,364,33.265,122,6,266.12
13218.0,1,88,12.528,127,1,62.64
13219.0,1,11,6.930000000000001,618,1,76.23
13220.0,5,396,25.20924528301887,78,5,1336.0900000000001
13221.0,2,244,12.839545454545455,240,2,847.41
13222.0,1,30,88.5,577,1,88.5
13223.0,6,568,74.54769230769232,200,6,969.1200000000001
13224.0,3,1512,19.732568807339447,60,3,2150.85
13225.0,17,7337,125.0336220472441,3,17,15879.27
13226.0,2,179,11.159285714285714,273,2,312.46
13227.0,1,99,28.633333333333333,202,1,257.7
13228.0,1,200,179.0,81,1,358.0
13229.0,1,63,16.095,226,1,160.95
13230.0,31,3514,4.71434328358209,4,31,6317.22
13231.0,1,-1,-355.2,546,1,-355.2
13232.0,7,778,6.558454106280193,13,7,1357.6
13233.0,4,1604,15.479736842105263,74,4,1176.46
13234.0,2,162,5.665873015873015,673,2,356.95
13235.0,2,440,1.7147457627118656,212,2,101.17000000000007
13236.0,3,411,18.64794871794872,25,3,727.27
13237.0,1,128,26.791666666666668,388,1,643.0
13238.0,7,440,20.556875,11,7,986.73
13239.0,6,1184,16.629894736842104,262,6,1579.84
13240.0,9,846,7.1602155172413795,96,9,1661.17
13241.0,1,48,2.751904761904762,412,1,115.58
13242.0,7,350,19.982857142857142,112,7,699.4
13243.0,5,579,5.809272727272727,203,5,1278.04
13244.0,1,38,4.5088888888888885,93,1,121.74
13245.0,2,371,21.982666666666667,51,2,989.22
13246.0,14,2744,8.513454545454545,18,14,3277.68
13247.0,4,328,20.0448,18,4,501.12
13248.0,2,305,17.91076923076923,125,2,465.68
13249.0,9,1246,45.96942857142857,92,9,1608.93
13250.0,3,106,11.835238095238097,453,3,248.54000000000002
13251.0,1,215,10.1072,402,1,252.68
13252.0,3,128,15.513636363636364,394,3,341.3
13253.0,4,3015,39.34813333333334,157,4,2951.11
13254.0,1,43,12.852500000000001,376,1,51.410000000000004
13255.0,4,514,27.13969696969697,4,4,895.61
13256.0,1,12540,0.0,14,1,0.0
13257.0,3,29,13.105555555555556,428,3,117.95
13258.0,5,451,22.503913043478263,12,5,1035.18
13259.0,9,517,4.424012345679013,62,9,1433.38
13260.0,1,142,69.7025,61,1,557.62
13261.0,2,210,104.9,269,2,944.1
13262.0,3,247,11.469000000000001,263,3,573.45
13263.0,39,5390,4.533692708333334,1,39,8704.69
13264.0,1,375,19.014736842105265,443,1,722.5600000000001
13265.0,5,1752,23.1610989010989,53,5,2107.66
13266.0,30,6669,18.242507645259938,11,30,5965.3
13267.0,50,4035,20.998256070640178,3,50,9512.210000000001
13268.0,15,3635,7.086442953020134,18,15,3167.64
13269.0,30,6559,17.61707753479125,1,30,8861.39
13270.0,1,400,590.0,366,1,1180.0
13271.0,2,181,1.764950495049505,37,2,178.26
13272.0,2,96,18.437333333333335,31,2,276.56
13273.0,1,153,8.68625,113,1,138.98
13274.0,1,199,18.992105263157896,409,1,360.85
13275.0,2,140,4.8332,384,2,241.66
13276.0,7,853,7.643665338645418,64,7,1918.56
13277.0,7,382,22.752173913043475,16,7,523.3
13278.0,5,1355,13.102752293577982,41,5,1428.2
13279.0,2,70,11.481818181818182,64,2,126.30000000000001
13280.0,8,1493,10.886872037914692,122,8,2297.13
13281.0,3,175,11.786538461538461,437,3,306.45
13282.0,7,392,22.757222222222225,18,7,1228.89
13283.0,4,204,18.668,60,4,373.36
13284.0,2,79,14.010714285714286,323,2,196.15
13285.0,6,2457,14.565324675324677,23,6,3364.59
13286.0,1,274,14.998163265306122,600,1,734.91
13287.0,7,237,7.022567567567567,583,7,519.67
13288.0,6,376,74.34666666666666,443,6,892.16
13289.0,1,119,19.246875,724,1,307.95
13290.0,3,-1,-69.54333333333334,431,3,-208.63
13291.0,11,1619,10.124512195121952,156,11,3320.84
13292.0,6,514,16.463166666666666,39,6,987.79
13293.0,7,549,16.16904109589041,392,7,1180.34
13294.0,3,996,16.564019607843136,190,3,1689.53
13295.0,9,698,13.921315789473685,360,9,1058.02
13296.0,6,653,14.953018867924529,137,6,792.51
13297.0,8,2693,35.10217741935484,8,8,4352.67
13298.0,1,96,180.0,1,1,360.0
13299.0,5,408,17.777272727272727,268,5,1173.3
13300.0,5,447,21.84844827586207,165,5,1267.21
13301.0,4,345,7.630740740740741,104,4,618.09
13302.0,2,12,53.06666666666666,155,2,159.2
13303.0,1,26,15.43,400,1,61.72
13304.0,7,688,12.88264367816092,351,7,1120.79
13305.0,16,2361,18.226747572815533,4,16,3754.71
13306.0,1,74,13.4125,430,1,53.65
13307.0,3,140,18.222666666666665,120,3,273.34
13308.0,5,1070,22.330675675675675,23,5,1652.47
13309.0,6,1914,13.125923076923076,7,6,1706.37
13310.0,8,804,14.927999999999999,9,8,1492.8
13311.0,2,305,23.02192307692308,4,2,598.57
13312.0,1,41,24.95,451,1,124.75
13313.0,15,2299,17.922879581151832,22,15,3423.27
13314.0,4,484,7.715466666666666,2,4,578.66
13315.0,1,232,14.102727272727272,689,1,310.26
13316.0,12,21323,72.92050847457627,37,12,12906.93
13317.0,31,3052,15.927902887139107,64,31,6068.531
13318.0,3,304,32.038,1,3,640.76
13319.0,78,9193,21.749589178356715,5,78,21706.09
13320.0,9,1482,13.941612903225804,70,9,2160.95
13321.0,2,372,51.57818181818182,72,2,567.36
13322.0,1,117,7.9792,17,1,199.48
13323.0,5,175,37.516666666666666,3,5,787.85
13324.0,23,8430,74.97388489208632,32,23,10421.369999999999
13325.0,1,240,56.275,82,1,675.3
13326.0,1,140,21.673846153846153,432,1,281.76
13327.0,22,4448,28.15326589595376,39,22,9741.03
13328.0,1,680,76.96941176470588,316,1,1308.48
13329.0,14,3441,37.704696969696975,32,14,4977.02
13330.0,6,1975,23.781186440677963,93,6,2806.18
13331.0,1,54,21.866666666666664,402,1,262.4
13332.0,1,179,16.70952380952381,14,1,350.9
13333.0,3,685,18.468,411,3,1015.74
13334.0,6,3226,13.008316008316008,82,6,6257.0
13335.0,1,-1,-955.06,540,1,-955.06
13336.0,1,559,15.590588235294117,77,1,795.12
13337.0,2,955,17.20611111111111,519,2,1548.55
13338.0,10,1126,15.230273972602738,154,10,2223.62
13339.0,1,326,15.928148148148148,201,1,860.12
13340.0,12,9636,102.79330232558141,45,12,22100.56
13341.0,1,301,18.472619047619048,261,1,775.85
13342.0,1,-4,-7.050000000000001,582,1,-14.100000000000001
13343.0,2,126,13.815,173,2,303.93
13344.0,3,971,21.37579831932773,68,3,2543.72
13345.0,2,139,17.163636363636364,277,2,377.6
13346.0,6,180,49.9,463,6,299.4
13347.0,1,205,42.67,70,1,341.36
13348.0,1,136,16.697142857142858,64,1,233.76
13349.0,1,225,15.4575,11,1,247.32
13350.0,3,284,21.17953488372093,16,3,910.72
13351.0,1,117,23.37125,66,1,373.94
13352.0,2,315,14.417777777777777,8,2,389.28
13353.0,1,-3,-9.616666666666665,389,1,-28.849999999999998
13354.0,1,604,14.579019607843136,71,1,743.53
13355.0,1,314,21.084375,122,1,674.7
13356.0,1,325,18.291428571428572,80,1,768.24
13357.0,5,2142,9.619949874686718,257,5,3838.36
13358.0,1,285,15.138965517241378,269,1,439.03
13359.0,4,374,16.425573770491805,59,4,1001.96
13360.0,7,932,20.056164383561647,428,7,1464.1000000000001
13361.0,2,324,42.661764705882355,472,2,1450.5
13362.0,10,2469,17.62358552631579,3,10,5357.57
13363.0,3,1146,16.900588235294116,18,3,1723.86
13364.0,2,0,-8.881784197001253e-17,67,2,-1.7763568394002505e-15
13365.0,4,1236,16.151641791044778,9,4,2164.32
13366.0,1,144,56.160000000000004,50,1,56.160000000000004
13367.0,1,253,25.51,432,1,510.20000000000005
13368.0,5,594,20.49245283018868,257,5,1086.1
13369.0,2,276,17.334242424242422,354,2,572.03
13370.0,2,672,16.393636363636364,366,2,1442.64
13371.0,4,1016,23.910105263157895,499,4,2271.46
13372.0,1,159,16.46260869565217,90,1,378.64
13373.0,6,4263,21.193268156424583,61,6,7587.1900000000005
13374.0,2,135,24.870588235294118,415,2,422.8
13375.0,3,1123,24.81222222222222,81,3,1786.48
13376.0,3,493,19.240754716981133,99,3,1019.76
13377.0,4,744,18.4620987654321,397,4,1495.43
13378.0,1,-1,-756.4,423,1,-756.4
13379.0,3,601,5.902680412371134,26,3,572.56
13380.0,1,48,20.8,433,1,62.4
13381.0,15,5108,22.67318559556787,21,15,8185.02
13382.0,5,863,16.134651162790696,281,5,1387.58
13383.0,1,288,305.28000000000003,544,1,305.28000000000003
13384.0,15,4130,24.483726937269374,31,15,6635.09
13385.0,1,281,15.273428571428573,330,1,534.57
13386.0,2,514,26.950322580645164,414,2,835.46
13387.0,1,125,2.595068493150685,417,1,189.44
13388.0,4,700,16.224285714285713,121,4,1135.7
13389.0,3,429,15.646274509803922,11,3,797.96
13390.0,1,224,41.8523076923077,75,1,544.08
13391.0,1,4,59.8,204,1,59.8
13392.0,1,82,11.3925,677,1,91.14
13393.0,6,658,15.1486301369863,584,6,1105.85
13394.0,24,5157,14.950070921985816,2,24,6323.88
13395.0,3,1660,14.57074074074074,185,3,1180.23
13396.0,4,592,28.197659574468084,22,4,1325.29
13397.0,13,1327,33.27,73,13,3094.11
13398.0,2,341,17.18820512820513,192,2,670.34
13399.0,3,120,18.36,464,3,275.4
13400.0,2,282,12.53875,574,2,300.93
13401.0,1,-1,-1834.14,624,1,-1834.14
13402.0,4,1107,15.990937500000001,127,4,1535.13
13403.0,3,114,25.5,18,3,229.5
13404.0,2,111,22.953636363636363,1,2,252.49
13405.0,9,848,26.01219565217391,74,9,1196.561
13406.0,3,286,55.722,427,3,557.22
13407.0,6,1623,22.95532608695652,579,6,2111.89
13408.0,135,29337,58.18404118993135,2,135,50852.852
13409.0,1,-1,-525.65,624,1,-525.65
13410.0,12,1233,40.99075471698113,9,12,2172.5099999999998
13411.0,1,72,11.863888888888889,107,1,213.55
13412.0,1,176,14.333823529411763,620,1,487.34999999999997
13413.0,8,382,7.684444444444445,640,8,345.8
13414.0,7,2700,43.548070175438596,134,7,2482.24
13415.0,5,410,5.878620689655172,473,5,681.92
13416.0,3,208,36.184615384615384,44,3,940.8000000000001
13417.0,7,508,19.437682926829268,5,7,1593.89
13418.0,37,7523,20.72375652173913,12,37,11916.16
13419.0,1,275,13.81625,64,1,221.06
13420.0,4,88,14.035,135,4,140.35
13421.0,11,2417,14.868436363636365,40,11,4088.82
13422.0,2,1321,20.324609375,51,2,2601.55
13423.0,1,141,18.085833333333333,429,1,217.03
13424.0,2,526,13.60780487804878,444,2,557.92
13425.0,8,2376,18.65154696132597,108,8,3375.9300000000003
13426.0,24,4847,23.41089855072464,1,24,8076.76
13427.0,6,880,19.356346153846154,19,6,1006.53
13428.0,3,366,3.4720833333333334,10,3,499.98
13429.0,4,1390,15.02686567164179,11,4,1006.8
13430.0,4,738,12.012777777777776,19,4,648.6899999999999
13431.0,9,1566,25.301846153846157,67,9,3289.2400000000002
13432.0,2,217,3.955855855855856,571,2,439.1
13433.0,5,189,26.2748,437,5,656.87
13434.0,5,864,47.624571428571436,74,5,1666.8600000000001
13435.0,11,2787,28.959935064935063,5,11,4459.83
13436.0,1,76,16.4075,2,1,196.89
13437.0,7,1283,20.40754491017964,14,7,3408.06
13438.0,1,10,46.5,547,1,46.5
13439.0,3,952,5.907844311377246,255,3,986.61
13440.0,10,551,17.342142857142857,423,10,1213.95
13441.0,2,520,18.971052631578946,92,2,720.9
13442.0,3,115,11.04921052631579,667,3,419.87
13443.0,7,798,6.086390243902439,449,7,1247.71
13444.0,2,337,10.891034482758622,374,2,631.6800000000001
13445.0,1,198,34.55714285714286,626,1,241.9
13446.0,18,2337,16.863831775700934,420,18,3608.86
13447.0,4,577,17.81016129032258,23,4,1104.23
13448.0,19,4380,14.978280141843971,17,19,8447.75
13449.0,1,222,15.362105263157895,24,1,291.88
13450.0,14,4316,27.821216216216214,27,14,4117.54
13451.0,13,5259,6.819894636015326,26,13,7119.97
13452.0,3,6,243.26666666666665,259,3,729.8
13453.0,5,339,18.071190476190477,166,5,758.99
13454.0,1,198,9.559565217391304,641,1,219.87
13455.0,11,957,16.913536585365854,25,11,2773.82
13456.0,7,756,26.73569230769231,18,7,1737.8200000000002
13457.0,4,93,13.024545454545455,689,4,143.27
13458.0,24,6712,23.84430583501006,7,24,11850.62
13459.0,2,986,15.896027397260273,625,2,1160.4099999999999
13460.0,2,286,10.790588235294118,29,2,183.44
13461.0,8,3128,62.70454545454545,39,8,4138.5
13462.0,6,696,15.91111111111111,183,6,1145.6
13463.0,1,-1,-158.65,420,1,-158.65
13464.0,7,1429,20.28875,58,7,3083.89
13465.0,2,584,27.385882352941177,446,2,931.12
13466.0,7,648,16.139830508474578,100,7,952.25
13467.0,2,584,10.946565656565657,11,2,1083.71
13468.0,87,5764,17.45548,2,87,13091.61
13469.0,1,52,13.733333333333334,653,1,82.4
13470.0,2,100,16.5,99,2,165.0
13471.0,4,1590,9.736846153846153,1,4,2531.58
13472.0,2,310,21.15142857142857,464,2,592.24
13473.0,10,956,33.48583333333333,61,10,2410.98
13474.0,3,334,5.106076923076923,236,3,663.79
13475.0,4,1012,16.648604651162792,191,4,1431.78
13476.0,7,710,17.57587155963303,179,7,1915.77
13477.0,13,2092,17.631999999999998,38,13,2821.12
13478.0,7,1168,15.786488549618323,469,7,2068.03
13479.0,7,708,13.939655172413794,198,7,808.5
13480.0,2,362,15.31268292682927,417,2,627.82
13481.0,14,2039,16.661578947368422,46,14,3798.84
13482.0,2,187,16.804499999999997,232,2,336.09
13483.0,1,160,14.034,66,1,140.34
13484.0,4,212,19.183,241,4,767.32
13485.0,15,1788,18.258765432098766,233,15,2957.92
13486.0,3,669,16.2668115942029,78,3,1122.41
13487.0,5,362,17.283061224489796,58,5,846.87
13488.0,29,7874,21.222612859097126,17,29,15513.73
13489.0,4,560,32.10857142857143,105,4,449.52
13490.0,1,25,19.28125,654,1,154.25
13491.0,27,2385,17.039402985074627,52,27,4566.56
13492.0,3,408,25.3968,136,3,1269.84
13493.0,2,380,77.32875,275,2,618.63
13494.0,1,162,17.570000000000004,312,1,316.26000000000005
13495.0,13,2637,32.99754716981132,8,13,5246.61
13496.0,3,329,17.164722222222224,11,3,617.9300000000001
13497.0,7,571,18.352608695652172,283,7,1266.33
13498.0,1,362,19.25764705882353,730,1,327.38
13499.0,7,1358,25.488,18,7,1146.96
13500.0,5,814,16.50919540229885,23,5,1436.3
13501.0,5,1238,24.485000000000003,243,5,2840.26
13502.0,6,488,22.78235294117647,17,6,774.6
13503.0,12,1095,8.540666666666667,71,12,1793.54
13504.0,1,178,13.451363636363636,64,1,295.93
13505.0,8,2461,18.867312775330397,68,8,4282.88
13506.0,8,1168,15.627669902912622,312,8,1609.65
13507.0,4,1597,15.303456790123455,3,4,2479.16
13508.0,2,180,10.251785714285715,244,2,287.05
13509.0,8,1214,22.749387755102042,9,8,1114.72
13510.0,17,3022,14.862218543046358,1,17,4488.39
13511.0,2,53,40.76833333333334,484,2,244.61
13512.0,4,419,18.292051282051283,261,4,713.39
13513.0,4,352,18.975952380952382,127,4,796.99
13514.0,4,288,38.852380952380955,74,4,815.9000000000001
13515.0,6,819,16.655526315789473,73,6,1265.82
13516.0,4,1114,27.6272131147541,21,4,1685.26
13517.0,5,1360,14.74874125874126,60,5,2109.07
13518.0,1,392,17.353684210526314,86,1,659.4399999999999
13519.0,3,132,16.563,50,3,331.26
13520.0,15,3225,31.5125,59,15,6680.65
13521.0,3,736,2.508371559633028,1,3,1093.65
13522.0,1,44,25.160000000000004,30,1,125.80000000000001
13523.0,7,2347,20.728898305084748,33,7,4892.02
13524.0,5,324,25.191851851851855,41,5,680.1800000000001
13525.0,2,394,104.79666666666667,15,2,628.78
13526.0,4,1647,17.455555555555552,738,4,942.5999999999999
13527.0,14,2742,10.130806100217864,34,14,4650.04
13528.0,1,-16,-40.0,682,1,-40.0
13529.0,2,74,20.517333333333333,79,2,307.76
13530.0,1,272,22.387777777777774,634,1,402.97999999999996
13531.0,6,600,19.31688888888889,205,6,1738.52
13532.0,1,129,3.1865151515151515,34,1,210.31
13533.0,3,204,3.563026315789474,183,3,270.79
13534.0,60,3708,15.8882863340564,2,60,7324.5
13535.0,1,10,89.5,403,1,89.5
13536.0,7,2136,19.264189944134078,1,7,3448.29
13537.0,2,337,17.09166666666667,426,2,717.85
13538.0,12,963,21.616180555555555,43,12,3112.73
13539.0,9,698,17.40068181818182,86,9,1531.26
13540.0,3,189,19.7621875,467,3,632.39
13541.0,3,266,59.824999999999996,423,3,717.9
13542.0,18,812,11.678735294117647,377,18,3970.77
13543.0,2,329,30.630000000000003,634,2,1439.6100000000001
13544.0,7,357,3.167953667953668,40,7,820.5
13545.0,3,250,5.887288135593221,391,3,347.35
13546.0,5,589,7.138169934640524,12,5,1092.14
13547.0,1,82,3.7346808510638296,408,1,175.53
13548.0,3,565,4.860909090909091,96,3,908.99
13549.0,9,553,16.728666666666665,26,9,1003.72
13550.0,1,454,7.943409090909091,383,1,349.51
13551.0,2,36,48.839999999999996,319,2,244.2
13552.0,32,2586,29.156960352422907,66,32,6618.63
13553.0,1,206,5.508510638297872,675,1,517.8
13554.0,10,567,7.376255924170617,380,10,1556.39
13555.0,16,4808,21.56498789346247,74,16,8906.34
13556.0,2,134,22.313333333333333,429,2,200.82
13557.0,16,2360,16.284590163934425,28,16,2980.08
13558.0,4,344,3.457485714285714,6,4,605.06
13559.0,2,360,495.0,513,2,990.0
13560.0,1,64,5.283939393939394,7,1,174.37
13561.0,11,1136,7.814248927038626,216,11,1820.72
13562.0,8,1603,24.684591836734697,82,8,4838.18
13563.0,2,209,15.867959183673468,84,2,777.53
13564.0,54,9147,11.977784522003036,144,54,15786.720000000001
13565.0,3,260,6.913333333333333,19,3,414.8
13566.0,5,1266,4.56716577540107,41,5,1708.1200000000001
13567.0,5,643,5.287205882352941,428,5,1078.59
13568.0,1,70,4.382954545454545,173,1,192.85
13569.0,4,402,4.176542056074767,17,4,893.78
13570.0,1,161,8.870000000000001,243,1,239.49
13571.0,26,3197,6.7256508875739645,13,26,4546.54
13572.0,1,534,41.946969696969695,206,1,1384.25
13573.0,6,660,10.297415730337079,50,6,916.47
13574.0,1,316,4.089805825242719,411,1,421.25
13575.0,5,449,15.914565217391303,23,5,732.0699999999999
13576.0,32,4601,39.71086206896552,10,32,11516.15
13577.0,14,1612,19.233448275862067,25,14,3346.62
13578.0,1,127,16.406666666666666,409,1,147.66
13579.0,6,760,16.69391304347826,15,6,1535.84
13580.0,1,45,21.55,406,1,107.75
13581.0,2,119,8.500909090909092,309,2,280.53000000000003
13582.0,2,106,21.970909090909092,390,2,241.68
13583.0,2,1097,15.052406249999999,156,2,1445.031
13584.0,5,276,3.9448863636363636,307,5,347.15
13585.0,4,1338,16.8615,531,4,674.46
13586.0,1,39,6.263333333333334,541,1,131.53
13587.0,6,644,39.63939393939393,32,6,1308.1
13588.0,13,2573,13.584,16,13,2445.12
13589.0,6,293,21.552692307692308,15,6,1120.74
13590.0,21,5266,15.176602409638555,11,21,6298.29
13591.0,8,849,20.403823529411767,65,8,2081.19
13592.0,4,84,15.497499999999999,36,4,247.95999999999998
13593.0,16,2162,13.289344660194175,108,16,5475.21
13594.0,3,394,14.526285714285715,53,3,508.42
13595.0,3,353,5.383026315789474,517,3,818.22
13596.0,2,406,4.199036144578313,6,2,697.04
13597.0,3,220,19.590000000000003,388,3,372.21000000000004
13598.0,6,400,7.768400000000001,47,6,776.84
13599.0,52,6270,22.15009049773756,1,52,9790.34
13600.0,2,599,12.644390243902437,312,2,518.42
13601.0,4,972,6.077641025641026,45,4,1185.14
13602.0,4,538,17.67534482758621,65,4,1025.17
13603.0,1,164,6.086666666666667,26,1,164.34
13604.0,2,239,31.01695652173913,652,2,713.39
13605.0,2,425,9.861698113207547,387,2,522.67
13606.0,3,279,6.524186046511627,29,3,280.53999999999996
13607.0,3,462,8.622845528455285,40,3,1060.6100000000001
13608.0,1,113,6.561111111111111,541,1,236.2
13609.0,1,19,23.907142857142855,593,1,167.35
13610.0,17,901,5.117255369928401,12,17,2144.13
13611.0,14,1989,13.902669491525424,89,14,3281.03
13612.0,2,438,14.9575,518,2,777.79
13613.0,5,445,17.62457627118644,453,5,1039.8500000000001
13614.0,6,828,8.70549815498155,24,6,2359.19
13615.0,12,2891,16.52188829787234,313,12,6212.2300000000005
13616.0,2,175,7.786486486486487,568,2,288.1
13617.0,9,592,11.70185185185185,40,9,1263.8
13618.0,1,246,13.641538461538461,174,1,177.34
13619.0,2,84,4.728367346938775,545,2,231.69
13620.0,1,74,22.468,528,1,112.34
13621.0,1,343,11.255263157894737,117,1,213.85
13622.0,2,377,19.16029411764706,689,2,651.45
13623.0,15,1009,8.073795379537954,31,15,2446.36
13624.0,2,814,17.799166666666668,381,2,427.18
13625.0,1,144,14.345714285714285,597,1,301.26
13626.0,3,395,14.988913043478261,253,3,689.49
13627.0,10,1627,16.799621212121213,59,10,2217.55
13628.0,1,106,19.383750000000003,676,1,310.14000000000004
13629.0,19,7722,153.6880459770115,23,19,13370.86
13630.0,11,1377,24.946,5,11,1995.68
13631.0,12,460,251.81416666666667,100,12,3021.77
13632.0,10,1636,16.226339285714285,25,10,3634.7000000000003
13633.0,1,-1,-306.66,603,1,-306.66
13634.0,17,1940,9.455125523012553,33,17,4519.55
13635.0,6,1869,17.654011976047904,68,6,2948.22
13636.0,6,586,14.7128125,37,6,941.62
13637.0,3,409,8.024752475247524,52,3,810.5
13638.0,1,93,15.33,16,1,122.64
13639.0,2,997,22.81813559322034,74,2,1346.27
13640.0,1,108,101.25,611,1,405.0
13641.0,7,1080,18.4364,641,7,921.8199999999999
13642.0,5,252,4.36495652173913,216,5,501.96999999999997
13643.0,15,894,19.739906542056076,31,15,2112.17
13644.0,5,2060,17.55081081081081,9,5,2597.52
13645.0,1,158,50.42,120,1,252.1
13646.0,3,78,5.479661016949152,400,3,323.3
13647.0,9,1802,21.728936170212766,10,9,3063.78
13648.0,11,928,14.858495575221239,400,11,1679.01
13649.0,6,863,13.324444444444445,257,6,1678.88
13650.0,16,1674,16.839673913043477,17,16,3098.5
13651.0,4,60,13.93,35,4,208.95
13652.0,5,1570,16.1688679245283,46,5,2570.85
13653.0,1,72,16.91111111111111,488,1,152.2
13654.0,11,4762,19.173252279635257,43,11,6308.0
13655.0,8,1212,18.368292682926832,114,8,2259.3
13656.0,7,859,11.703888888888887,165,7,1053.35
13657.0,2,209,23.88375,11,2,382.14
13658.0,13,2146,23.5594693877551,10,13,5772.07
13659.0,17,2504,16.32051903114187,197,17,4716.63
13660.0,2,135,7.230714285714286,396,2,303.69
13661.0,1,118,19.131764705882354,603,1,325.24
13662.0,17,1152,14.75087837837838,86,17,2183.13
13663.0,6,891,19.93673267326733,179,6,2013.6100000000001
13664.0,1,-1,-13.14,682,1,-13.14
13665.0,3,1652,16.147735849056602,386,3,1711.6599999999999
13666.0,5,54,6.731578947368421,60,5,127.89999999999999
13667.0,1,154,3.505977011494253,149,1,305.02
13668.0,47,5982,15.70091133004926,3,47,12749.14
13669.0,3,393,29.539285714285715,51,3,413.55
13670.0,1,282,13.988,75,1,349.7
13671.0,1,107,2.5651315789473683,395,1,194.95
13672.0,7,80,5.788214285714287,301,7,162.07000000000002
13673.0,2,119,6.106461538461539,19,2,396.92
13674.0,2,98,13.4925,430,2,215.88
13675.0,2,330,19.472800000000003,151,2,486.82000000000005
13676.0,3,59,10.21,539,3,153.15
13677.0,2,218,5.19803738317757,405,2,556.1899999999999
13678.0,1,924,14.5375,152,1,232.6
13679.0,3,102,5.6251999999999995,494,3,281.26
13680.0,13,4583,14.73337295690936,1,13,9915.56
13681.0,4,360,14.523333333333333,18,4,827.83
13682.0,1,10,19.833333333333332,187,1,59.5
13683.0,1,180,25.860000000000003,458,1,258.6
13684.0,6,223,4.83646017699115,286,6,546.52
13685.0,7,5056,79.98564102564103,3,7,3119.44
13686.0,3,378,12.030588235294118,183,3,409.04
13687.0,1,87167,264.01866666666666,438,1,11880.84
13688.0,1,130,75.1,635,1,375.5
13689.0,2,722,139.94444444444446,63,2,1259.5
13690.0,1,67,19.13888888888889,59,1,172.25
13691.0,1,145,3.9403703703703705,396,1,212.78
13692.0,8,2089,30.469191919191918,25,8,3016.45
13693.0,13,871,17.395714285714284,325,13,1948.32
13694.0,164,185442,122.48107830551989,4,164,190825.52
13695.0,16,1791,28.861770833333335,31,16,2770.73
13696.0,4,546,80.348,422,4,2008.7
13697.0,1,177,12.608333333333333,39,1,151.29999999999998
13698.0,2,231,11.638250000000001,597,2,465.53000000000003
13699.0,3,214,17.785,155,3,711.4
13700.0,14,2798,10.470485829959514,26,14,2586.21
13701.0,2,79,15.955000000000002,437,2,159.55
13702.0,1,74,27.036,446,1,135.18
13703.0,3,10,1.363013698630137,318,3,99.50000000000001
13704.0,10,1528,17.002296296296297,5,10,2295.31
13705.0,7,1009,24.23011904761905,8,7,2035.33
13706.0,2,301,16.609736842105264,303,2,631.17
13707.0,5,2210,21.715225806451613,267,5,3365.86
13708.0,1,306,5.821176470588235,271,1,296.88
13709.0,22,4115,17.97322966507177,4,22,7512.81
13710.0,3,336,33.967999999999996,32,3,509.52
13711.0,15,796,15.850582524271847,219,15,1632.6100000000001
13712.0,2,1128,23.224848484848483,247,2,766.42
13713.0,3,286,9.064146341463415,408,3,743.26
13714.0,1,50,5.378333333333333,465,1,161.35
13715.0,21,4919,15.626555555555555,281,21,8438.34
13716.0,1,138,6.584761904761905,269,1,138.28
13717.0,11,2141,13.764173228346456,32,11,1748.05
13718.0,2,173,25.545833333333334,246,2,306.55
13719.0,11,1599,11.216135458167331,15,11,2815.25
13720.0,4,501,18.60232558139535,117,4,799.9
13721.0,2,512,17.655714285714286,36,2,741.54
13722.0,11,3058,29.62715789473684,120,11,5629.16
13723.0,6,629,20.494915254237288,217,6,1209.2
13724.0,1,130,5.071666666666667,637,1,213.01000000000002
13725.0,11,659,15.337372881355932,50,11,1809.81
13726.0,2,1054,25.70619047619047,39,2,1079.6599999999999
13727.0,9,367,12.556470588235294,29,9,1067.3
13728.0,16,1269,17.409573170731708,37,16,2855.17
13729.0,5,405,15.373409090909092,436,5,676.4300000000001
13730.0,2,488,17.50232558139535,136,2,752.6
13731.0,2,278,16.068157894736842,219,2,610.59
13732.0,1,498,14.904848484848486,28,1,491.86
13733.0,3,333,16.151,411,3,484.53000000000003
13734.0,6,210,115.04299999999999,509,6,3451.29
13735.0,22,4070,13.869414348462664,25,22,9472.81
13736.0,12,1540,4.779947183098592,5,12,2715.01
13737.0,1,125,11.32,200,1,339.6
13738.0,1,240,4.792717391304348,396,1,440.93
13739.0,2,76,48.699999999999996,18,2,292.2
13740.0,5,991,16.818631578947368,241,5,1597.77
13741.0,4,217,19.038,72,4,666.33
13742.0,14,1116,9.605015479876162,17,14,3102.42
13743.0,8,1775,31.90833333333333,3,8,1340.1499999999999
13744.0,2,1249,16.060555555555553,95,2,1156.36
13745.0,4,1121,12.902881355932204,151,4,761.27
13746.0,1,83,19.63222222222222,414,1,176.69
13747.0,2,68,41.56666666666666,374,2,249.39999999999998
13748.0,9,1108,38.44661016949152,96,9,2268.35
13749.0,1,-7,-5.125,701,1,-10.25
13750.0,13,1360,46.28051948051948,54,13,3563.6
13751.0,1,152,32.916666666666664,288,1,296.25
13752.0,7,1007,16.744526315789475,124,7,1590.73
13753.0,4,1450,26.182124999999996,288,4,2094.5699999999997
13754.0,3,315,21.288095238095238,152,3,447.05
13755.0,10,1241,6.281865889212828,4,10,2154.68
13756.0,25,5415,26.134857142857143,2,25,9147.2
13757.0,1,54,24.44375,675,1,195.55
13758.0,19,5059,29.40679365079365,12,19,9263.14
13759.0,2,287,26.376400000000004,33,2,659.4100000000001
13760.0,6,619,11.322000000000001,54,6,1358.64
13761.0,6,1079,16.001393442622952,50,6,1952.17
13762.0,6,2336,51.56571428571429,204,6,2165.76
13763.0,6,3220,97.77339622641509,63,6,5181.99
13764.0,6,2099,7.8544148936170215,71,6,2953.26
13765.0,1,297,20.754176470588238,653,1,352.821
13766.0,1,137,11.197058823529412,495,1,190.35
13767.0,96,15139,41.75467300832342,2,96,35115.68
13768.0,8,357,17.629534883720932,564,8,758.07
13769.0,29,2558,19.416262626262625,2,29,5766.63
13770.0,4,468,16.361875,422,4,785.37
13771.0,10,3139,26.38741935483871,64,10,5726.07
13772.0,9,1434,5.363466204506065,34,9,3094.72
13773.0,2,174,15.870526315789474,397,2,301.54
13774.0,1,192,15.681818181818182,82,1,345.0
13775.0,1,455,16.661269841269842,591,1,1049.66
13776.0,8,-4,-42.52125,428,8,-340.17
13777.0,73,26566,129.07043778801844,1,73,56016.57
13778.0,5,510,24.811999999999998,103,5,1116.54
13779.0,1,53,5.967777777777777,516,1,161.13
13780.0,3,481,7.3582,7,3,735.82
13781.0,4,299,13.29103448275862,251,4,770.88
13782.0,14,648,7.288857142857143,13,14,1785.77
13783.0,4,3437,154.209,488,4,1542.09
13784.0,15,2822,64.38177777777777,10,15,2897.18
13785.0,4,151,18.083000000000002,429,4,542.49
13786.0,8,1639,21.71753968253968,367,8,2736.41
13787.0,9,987,12.486170212765957,76,9,1173.7
13788.0,1,1,3.75,505,1,3.75
13789.0,1,258,13.303333333333333,388,1,239.45999999999998
13790.0,1,748,7.751111111111111,4,1,348.8
13791.0,3,828,61.62823529411765,43,3,1047.68
13792.0,3,156,16.693478260869565,66,3,383.95
13793.0,1,52,13.714285714285714,647,1,96.0
13794.0,1,63,14.003333333333334,547,1,126.03
13795.0,4,1250,28.837931034482757,388,4,836.3
13796.0,1,218,13.168181818181818,499,1,289.7
13797.0,4,570,14.605625,437,4,1168.45
13798.0,125,47410,80.49613785557987,1,125,73573.47
13799.0,13,1358,17.584655172413793,117,13,2039.82
13800.0,3,891,23.00767123287671,310,3,1679.56
13801.0,1,168,14.121739130434783,67,1,324.8
13802.0,24,13830,55.780218818380746,138,24,25491.56
13803.0,4,819,16.697594936708864,255,4,1319.1100000000001
13804.0,9,1833,18.985325443786984,31,9,3208.52
13805.0,2,1900,71.12307692307692,52,2,924.6
13806.0,1,56,25.637999999999998,64,1,256.38
13807.0,4,150,14.99705882352941,367,4,509.9
13808.0,5,782,22.995526315789476,6,5,1747.66
13809.0,3,281,27.188000000000002,305,3,679.7
13810.0,4,311,24.98638888888889,29,4,899.51
13811.0,4,67,42.267857142857146,184,4,591.75
13812.0,3,333,14.972222222222221,42,3,539.0
13813.0,12,1276,17.55830065359477,40,12,2686.42
13814.0,5,1211,27.64283950617284,56,5,2239.07
13815.0,10,5358,20.182243767313018,22,10,7285.79
13816.0,4,260,16.819393939393937,24,4,555.04
13817.0,2,211,15.957500000000001,29,2,382.98
13818.0,1,60,12.256,430,1,61.28
13819.0,7,2302,25.299038461538462,302,7,2631.1
13820.0,5,284,6.886021505376344,418,5,640.4
13821.0,7,477,6.604904761904762,145,7,1387.03
13822.0,2,611,6.583333333333333,6,2,632.0
13823.0,8,1560,20.232228915662652,19,8,3358.55
13824.0,14,1434,31.474615384615387,33,14,3273.36
13825.0,2,182,6.38975,622,2,255.59
13826.0,2,80,14.554166666666667,158,2,174.65
13827.0,3,141,4.430645161290323,58,3,412.05
13828.0,1,311,13.966000000000001,22,1,209.49
13829.0,2,0,0.0,359,2,0.0
13830.0,2,45,10.457692307692309,574,2,135.95000000000002
13831.0,20,2553,36.69727748691099,16,20,7009.179999999999
13832.0,3,419,10.386896551724137,18,3,602.4399999999999
13833.0,2,244,15.585777777777778,159,2,701.36
13834.0,3,214,11.804285714285713,577,3,247.89
13835.0,8,513,14.312602739726026,25,8,1044.82
13836.0,3,270,18.258181818181818,399,3,602.52
13837.0,2,183,14.275789473684211,212,2,271.24
13838.0,10,794,4.165444915254237,6,10,1966.09
13839.0,1,25,19.992857142857144,486,1,139.95000000000002
13840.0,1,358,16.285,416,1,651.4
13841.0,1,100,85.0,253,1,85.0
13842.0,19,2872,15.656312849162012,59,19,5604.96
13843.0,1,145,17.76388888888889,381,1,319.75
13844.0,1,196,18.081,11,1,361.62
13845.0,1,182,34.775555555555556,65,1,312.98
13846.0,5,700,15.361190476190476,25,5,1290.34
13847.0,1,96,16.353684210526318,720,1,310.72
13848.0,8,10200,303.1818181818182,92,8,3335.0
13849.0,6,1881,15.582805429864255,52,6,3443.8
13850.0,2,941,16.88095744680851,88,2,1586.81
13851.0,9,2519,32.03375886524823,96,9,4516.76
13852.0,2,79,13.111538461538462,607,2,170.45000000000002
13853.0,2,304,44.03916666666667,9,2,1056.94
13854.0,45,3689,65.01716577540107,9,45,12158.21
13855.0,5,561,16.284935064935066,501,5,1253.94
13856.0,15,1086,17.078709677419358,169,15,1058.88
13857.0,7,780,7.72953488372093,393,7,997.11
13858.0,1,75,19.651818181818182,57,1,216.17
13859.0,2,167,14.329444444444444,326,2,515.86
13860.0,6,589,16.103896103896105,1,6,1240.0
13861.0,3,220,10.926521739130434,429,3,251.31
13862.0,11,1921,15.546257668711656,18,11,2534.04
13863.0,6,546,16.45445945945946,245,6,1217.63
13864.0,1,192,662.4000000000001,387,1,662.4000000000001
13865.0,4,204,16.718666666666667,58,4,501.56
13866.0,1,57,20.810000000000002,74,1,145.67000000000002
13867.0,3,513,16.644098360655736,31,3,1015.29
13868.0,2,1964,96.74363636363637,7,2,3192.54
13869.0,10,4358,9.432058139534883,123,10,8111.57
13870.0,18,3443,23.22383673469388,2,18,5689.84
13871.0,21,3462,19.083007334963323,23,21,7804.95
13872.0,6,332,14.611803278688525,513,6,891.32
13873.0,9,470,16.901967213114755,120,9,1031.02
13874.0,10,851,27.24931506849315,358,10,1989.2
13875.0,14,3072,17.831,54,14,4814.37
13876.0,1,36,17.52857142857143,64,1,122.7
13877.0,5,475,17.8532,86,5,446.33
13878.0,4,959,23.112710280373832,55,4,2473.06
13879.0,1,204,15.82,646,1,395.5
13880.0,17,2589,19.177554585152837,21,17,4391.66
13881.0,51,29446,95.05888650963597,4,51,44392.5
13882.0,6,950,17.14060606060606,3,6,1131.28
13883.0,26,3493,18.87720238095238,1,26,6342.74
13884.0,14,790,9.548350515463918,7,14,1852.38
13885.0,2,182,18.1,189,2,506.8
13886.0,1,126,15.2225,71,1,243.56
13887.0,1,147,18.397368421052633,204,1,349.55
13888.0,7,903,11.788315217391306,120,7,2169.05
13889.0,8,947,20.619222222222223,93,8,1855.73
13890.0,22,1365,15.621475409836066,1,22,2858.73
13891.0,3,479,8.6356,378,3,863.5600000000001
13892.0,6,3125,35.2125,27,6,1267.6499999999999
13893.0,1,190,39.1,298,1,821.1
13894.0,5,339,17.865666666666666,22,5,535.97
13895.0,8,2058,20.87031914893617,21,8,3923.62
13896.0,1,149,18.502380952380953,626,1,388.55
13897.0,3,820,19.67322033898305,50,3,1160.72
13898.0,2,544,14.921739130434782,326,2,686.4
13899.0,2,156,20.448421052631577,16,2,388.52
13900.0,7,936,16.7509375,183,7,1608.09
13901.0,20,3326,17.607987421383648,72,20,5599.34
13902.0,8,218090,453.89940298507463,632,8,30411.26
13903.0,1,103,16.545,400,1,165.45000000000002
13904.0,2,332,12.793846153846154,37,2,332.64
13905.0,3,124,16.296666666666667,571,3,244.45000000000002
13906.0,1,100,42.0,409,1,42.0
13907.0,1,68,34.2,692,1,136.8
13908.0,5,1470,18.627380952380953,80,5,2347.05
13909.0,2,302,7.348717948717949,423,2,286.6
13910.0,1,-1,-127.66,443,1,-127.66
13911.0,22,4476,17.355537190082643,57,22,4200.04
13912.0,1,29,17.85,424,1,124.95
13913.0,1,10,14.073333333333332,507,1,42.22
13914.0,3,379,18.05735294117647,4,3,613.95
13915.0,2,16,7.800000000000001,394,2,31.200000000000003
13916.0,5,667,16.8068,464,5,1260.51
13917.0,2,228,15.113333333333335,50,2,272.04
13918.0,2,1140,40.428,50,2,1212.84
13919.0,5,1096,16.17109756097561,53,5,1326.03
13920.0,5,1768,19.714545454545455,432,5,1734.88
13921.0,5,209,16.016666666666666,399,5,720.75
13922.0,5,453,24.990909090909092,352,5,824.7
13923.0,1,185,17.5565,54,1,351.13
13924.0,11,1532,12.277956204379564,2,11,1682.0800000000002
13925.0,6,327,13.703333333333333,36,6,616.65
13926.0,1,104,20.35,23,1,223.85000000000002
13927.0,3,457,15.680909090909092,75,3,689.96
13928.0,4,129,17.206296296296298,11,4,464.57
13929.0,14,1550,55.30166666666666,169,14,3318.1
13930.0,2,274,19.843529411764706,58,2,337.34
13931.0,12,3484,19.304338235294118,86,12,5250.78
13932.0,1,72,19.2125,295,1,307.4
13933.0,2,205,26.469130434782613,109,2,608.7900000000001
13934.0,1,390,29.74516129032258,264,1,922.1
13935.0,3,2252,76.4615,597,3,6116.92
13936.0,4,655,15.406,171,4,924.36
13937.0,3,586,15.770545454545454,169,3,867.38
13938.0,1,70,10.237142857142857,35,1,71.66
13939.0,10,1600,13.572212389380532,23,10,1533.66
13940.0,4,516,17.12530612244898,17,4,839.14
13941.0,17,5333,100.4273148148148,22,17,10846.15
13942.0,1,1000,320.0,535,1,320.0
13943.0,1,94,16.436,578,1,246.54
13944.0,1,153,5.726571428571429,653,1,200.43
13945.0,2,413,16.748039215686273,395,2,854.15
13946.0,7,2823,30.621578947368423,79,7,1745.43
13947.0,1,44,18.119999999999997,65,1,90.6
13948.0,5,246,21.4744,361,5,536.86
13949.0,6,2474,15.170750000000002,3,6,2427.32
13950.0,5,321,20.237777777777776,11,5,728.56
13951.0,3,459,17.293589743589745,176,3,674.45
13952.0,17,5938,30.9706803874092,211,17,12790.891
13953.0,12,5224,265.6272,7,12,6640.68
13954.0,3,141,12.619666666666667,2,3,378.59000000000003
13955.0,3,274,6.266321839080459,154,3,545.17
13956.0,5,491,6.752763157894737,5,5,1026.42
13957.0,3,157,16.97222222222222,418,3,458.25
13958.0,12,2192,17.60932,372,12,4402.33
13959.0,6,700,6.602331288343558,79,6,1076.18
13960.0,2,142,19.185,21,2,230.22
13961.0,2,222,23.747619047619047,385,2,498.7
13962.0,3,160,15.773913043478261,22,3,362.8
13963.0,18,2054,16.475113636363634,308,18,2899.62
13964.0,3,226,16.875999999999998,387,3,421.9
13965.0,5,402,27.773571428571426,455,5,777.66
13966.0,1,772,17.766363636363636,435,1,390.86
13967.0,2,66,27.71666666666667,146,2,166.3
13968.0,1,174,15.4575,423,1,123.66
13969.0,39,6755,11.85001793721973,7,39,13212.77
13970.0,2,469,65.11923076923077,386,2,846.55
13971.0,18,3052,17.335207547169812,9,18,4593.83
13972.0,2,187,12.683333333333334,71,2,190.25
13973.0,1,109,24.063636363636363,287,1,264.7
13974.0,4,354,14.74488888888889,49,4,663.52
13975.0,14,3926,7.056013245033112,31,14,5327.29
13976.0,4,452,21.29214285714286,207,4,1192.3600000000001
13977.0,1,303,39.98538461538462,411,1,519.8100000000001
13978.0,2,315,13.119333333333335,15,2,196.79000000000002
13979.0,11,2278,8.074830097087379,73,11,3326.83
13980.0,9,471,10.914782608695653,60,9,753.12
13981.0,2,233,14.234347826086957,401,2,327.39
13982.0,13,2724,16.67467924528302,39,13,4418.79
13983.0,30,4043,19.480250696378828,30,30,6993.41
13984.0,13,1013,17.192765957446806,27,13,1616.12
13985.0,24,4929,20.5820824742268,4,24,9982.31
13986.0,1,430,24.650769230769235,17,1,320.46000000000004
13987.0,2,492,14.837826086956522,380,2,682.54
13988.0,11,3366,15.695466666666668,20,11,4708.64
13989.0,5,2207,23.558837209302325,66,5,2026.06
13990.0,1,190,19.45625,213,1,311.3
13991.0,7,996,9.891046511627907,12,7,850.63
13992.0,3,154,19.954545454545453,30,3,219.5
13993.0,24,2120,25.05752808988764,32,24,6690.36
13994.0,6,940,14.923483870967742,4,6,2313.14
13995.0,18,2324,16.11873949579832,15,18,3836.26
13996.0,2,613,27.144242424242425,386,2,895.76
13997.0,3,146,8.31108695652174,519,3,382.31
13998.0,3,204,18.280645161290323,447,3,566.7
13999.0,36,5023,19.869494736842107,10,36,9438.01
14000.0,8,1811,36.1075,206,8,1877.5900000000001
14001.0,10,1870,39.976460176991154,46,10,4517.34
14002.0,2,877,11.270851063829788,134,2,529.73
14003.0,1,149,13.088125,733,1,209.41
14004.0,11,3425,25.968672199170125,43,11,6258.45
14005.0,5,2478,34.22285714285714,10,5,2874.72
14006.0,7,2181,28.528181818181817,116,7,2196.67
14007.0,1,16,15.896,513,1,79.48
14008.0,2,320,14.961818181818183,375,2,493.74
14009.0,4,947,14.345131578947369,198,4,1090.23
14010.0,3,128,10.289285714285715,565,3,288.1
14011.0,3,642,13.694545454545453,480,3,451.91999999999996
14012.0,1,160,29.89090909090909,278,1,328.8
14013.0,6,766,13.975277777777778,110,6,1006.22
14014.0,3,2004,25.63434210526316,77,3,1948.21
14015.0,1,378,45.867000000000004,53,1,917.34
14016.0,13,5720,25.28824444444444,154,13,11379.71
14017.0,1,73,16.410714285714285,571,1,229.75
14018.0,1,224,28.242307692307694,645,1,367.15000000000003
14019.0,4,1034,20.57294117647059,47,4,1398.96
14020.0,5,641,15.963947368421053,17,5,1213.26
14021.0,7,878,19.07311111111111,155,7,1716.58
14022.0,2,681,16.854255319148937,225,2,792.15
14023.0,2,345,18.840967741935486,7,2,584.07
14024.0,3,238,18.99235294117647,122,3,645.74
14025.0,10,1904,38.91274509803922,465,10,3969.1
14026.0,2,427,14.2622,471,2,713.11
14027.0,1,62,17.47,61,1,104.82
14028.0,5,4679,244.26923076923077,499,5,3175.5
14029.0,2,198,31.177333333333333,63,2,467.66
14030.0,22,4296,9.362747126436782,18,22,8145.59
14031.0,55,13957,47.2372298136646,7,55,38025.97
14032.0,25,3879,18.768901960784312,2,25,4786.07
14033.0,1,576,109.44,555,1,109.44
14034.0,4,315,5.565434782608696,22,4,512.02
14035.0,11,1416,18.522532467532468,29,11,2852.47
14036.0,1,268,16.49078947368421,285,1,626.65
14037.0,7,563,6.573478260869566,176,7,755.95
14038.0,8,1697,17.86267857142857,78,8,3000.93
14039.0,2,192,26.727999999999998,33,2,267.28
14040.0,42,4994,15.418118811881188,41,42,12457.84
14041.0,1,94,6.733809523809524,266,1,141.41
14042.0,1,180,20.570476190476192,725,1,431.98
14043.0,3,152,7.006976744186047,491,3,301.3
14044.0,11,2125,3.6457159624413147,27,11,3106.15
14045.0,19,4249,224.66581395348837,109,19,9660.63
14046.0,1,460,11.070714285714287,284,1,154.99
14047.0,19,1634,24.320058479532168,9,19,4158.7300000000005
14048.0,4,453,4.957569444444444,277,4,713.89
14049.0,18,8554,11.801291779584464,17,18,13064.03
14050.0,2,689,13.821481481481483,32,2,746.36
14051.0,42,5891,64.25726744186046,1,42,22104.5
14052.0,2,187,3.84648,20,2,480.81
14053.0,4,490,63.58888888888888,124,4,572.3
14054.0,1,62,15.409999999999998,65,1,92.46
14055.0,3,720,46.08969696969697,106,3,1520.96
14056.0,29,4232,7.2024822695035455,1,29,8124.4
14057.0,23,6317,18.087375271149675,24,23,8338.28
14058.0,2,211,19.549583333333334,463,2,469.19
14059.0,1,128,22.95,267,1,183.6
14060.0,32,8105,34.93801470588235,5,32,9503.14
14061.0,3,133,48.28578947368421,507,3,917.4300000000001
14062.0,27,12698,73.08859195402299,10,27,25434.83
14063.0,13,3846,-85.61818181818181,431,13,-3767.1999999999994
14064.0,21,3448,12.0625,29,21,3039.75
14065.0,4,581,17.7874,389,4,889.37
14066.0,1,45,21.792857142857144,267,1,152.55
14067.0,2,361,7.2057692307692305,64,2,374.7
14068.0,5,501,13.437232142857143,320,5,1504.97
14069.0,2,59,5.477619047619048,515,2,230.06
14070.0,1,86,7.775,685,1,326.55
14071.0,9,900,3.926156156156156,4,9,1307.41
14072.0,1,65,20.571052631578947,667,1,390.85
14073.0,2,128,9.967142857142857,21,2,139.54
14074.0,1,228,36.56666666666667,623,1,219.4
14075.0,6,1494,21.41814814814815,5,6,1734.87
14076.0,1,81,2.662391304347826,129,1,122.47
14077.0,6,376,10.983571428571427,41,6,615.0799999999999
14078.0,9,618,10.384233128834355,102,9,1692.6299999999999
14079.0,2,302,47.59461538461539,125,2,618.73
14080.0,6,267,12.806309523809524,33,6,1075.73
14081.0,16,3692,5.52055730809674,267,16,5250.05
14082.0,2,246,6.359384615384616,365,2,413.36
14083.0,11,966,5.518666666666666,4,11,1407.26
14084.0,1,306,21.5,512,1,150.5
14085.0,34,6563,9.440804490177735,2,34,10092.22
14086.0,1,1,39.95,463,1,39.95
14087.0,5,702,3.603004484304933,3,5,803.47
14088.0,20,15179,90.96212827988339,10,20,62400.020000000004
14089.0,1,134,11.5,57,1,161.0
14090.0,1,72,76.32000000000001,325,1,76.32000000000001
14091.0,2,3316,733.0830769230769,654,2,9530.08
14092.0,27,3599,19.123978779840847,8,27,7209.74
14093.0,1,406,4.217619047619048,12,1,442.85
14094.0,2,176,6.963958333333333,440,2,334.27
14095.0,1,1,2.95,723,1,2.95
14096.0,34,16335,11.139023010920436,4,34,57120.909999999996
14097.0,2,352,10.5715,481,2,422.86
14098.0,1,104,7.016666666666667,37,1,147.35
14099.0,22,3660,10.75567924528302,16,22,5700.51
14100.0,1,64,7.496153846153846,138,1,194.9
14101.0,14,10530,109.25417582417582,74,14,9942.13
14102.0,8,938,15.65154761904762,5,8,1314.73
14103.0,1,5,0.0,665,1,0.0
14104.0,5,509,5.3956643356643355,155,5,771.5799999999999
14105.0,9,3483,19.46750853242321,85,9,5703.9800000000005
14106.0,1,24,214.79999999999998,737,1,214.79999999999998
14107.0,13,3481,20.30836820083682,52,13,4853.7
14108.0,5,672,18.93109090909091,31,5,1041.21
14109.0,2,56,5.728571428571429,23,2,80.2
14110.0,35,5825,32.152853598014886,4,35,12957.6
14111.0,5,457,62.6,14,5,688.6
14112.0,27,3422,15.43159217877095,23,27,5524.51
14113.0,31,3092,42.460344827586205,4,31,6156.75
14114.0,7,650,18.43364864864865,274,7,1364.09
14115.0,2,509,28.303181818181816,502,2,622.67
14116.0,5,707,19.204722222222223,20,5,1382.74
14117.0,1,72,30.0,144,1,90.0
14118.0,1,97,30.563333333333333,429,1,458.45
14119.0,3,175,13.6225,354,3,163.47
14120.0,1,-4,-23.8,430,1,-23.8
14121.0,6,2078,17.020496894409938,4,6,2740.3
14122.0,5,95,19.360625,395,5,309.77
14123.0,1,234,18.174166666666668,733,1,436.18
14124.0,1,1618,83.916,84,1,419.58
14125.0,3,1640,16.409760479041914,11,3,2740.43
14126.0,5,837,25.226363636363637,8,5,1109.96
14127.0,6,828,16.240000000000002,123,6,1900.0800000000002
14128.0,4,811,13.77818181818182,61,4,909.36
14129.0,9,1414,23.77376146788991,2,9,2591.34
14130.0,4,1239,8.404776785714287,319,4,1882.67
14131.0,1,118,3.6128846153846155,649,1,187.87
14132.0,12,3366,17.811592039800995,2,12,3580.13
14133.0,6,392,23.57473684210526,130,6,895.8399999999999
14134.0,15,5814,61.79638888888889,383,15,11123.35
14135.0,25,9332,37.37373540856031,2,25,9605.05
14136.0,7,1145,14.388518518518518,401,7,1553.96
14137.0,2,400,21.00714285714286,682,2,294.1
14138.0,2,610,20.901702127659576,2,2,982.3800000000001
14139.0,4,1049,15.75072463768116,46,4,1086.8
14140.0,3,809,13.732089552238806,4,3,920.05
14141.0,6,337,19.109347826086957,3,6,879.0300000000001
14142.0,4,825,13.825,373,4,967.75
14143.0,1,30,16.54285714285714,134,1,115.8
14144.0,1,12,30.599999999999998,486,1,30.599999999999998
14145.0,8,1535,269.46346153846156,47,8,7006.05
14146.0,13,5229,16.71867617107943,9,13,8208.87
14147.0,12,837,61.19090909090909,49,12,2019.3
14148.0,2,223,27.428823529411765,234,2,466.29
14149.0,3,129,6.48575,213,3,259.43
14150.0,2,496,25.33230769230769,36,2,658.64
14151.0,3,404,14.815555555555557,673,3,666.7
14152.0,9,1826,14.632888888888889,75,9,1975.44
14153.0,1,312,13.729411764705883,483,1,233.4
14154.0,10,3204,21.304761904761907,239,10,6263.6
14155.0,1,25,19.791666666666668,266,1,118.75
14156.0,202,163910,71.80743099273607,10,202,296564.69
14157.0,6,529,10.781444444444444,20,6,970.33
14158.0,1,781,12.381951219512196,40,1,507.66
14159.0,25,6368,4.016912466843501,20,25,7571.88
14160.0,7,4661,78.70532710280374,610,7,8421.47
14161.0,7,1623,10.706064516129032,216,7,3318.88
14162.0,2,142,11.5744,174,2,289.36
14163.0,5,950,44.7348275862069,87,5,2594.62
14164.0,2,1033,56.26793103448276,71,2,1631.77
14165.0,1,54,4.9016,276,1,122.54
14166.0,2,84,4.84622641509434,505,2,256.85
14167.0,8,350,10.714793388429753,39,8,1296.49
14168.0,3,138,17.994117647058825,421,3,305.90000000000003
14169.0,2,208,9.319850746268656,431,2,624.43
14170.0,3,290,3.6201818181818184,375,3,597.33
14171.0,2,211,7.79359375,98,2,498.79
14172.0,4,87,7.090363636363636,605,4,389.97
14173.0,7,191,16.675,11,7,566.95
14174.0,1,94,5.171538461538462,33,1,134.46
14175.0,17,2920,19.91989159891599,51,17,7350.44
14176.0,6,324,19.427872340425534,297,6,913.11
14177.0,14,1047,10.542132701421801,85,14,2224.39
14178.0,7,1505,4.9569724770642205,9,7,1620.93
14179.0,2,330,4.36230303030303,41,2,719.78
14180.0,42,864,19.58573717948718,11,42,6110.75
14181.0,2,122,5.750925925925926,411,2,310.55
14182.0,5,172,12.693653846153847,444,5,660.07
14183.0,2,61,8.179714285714287,411,2,286.29
14184.0,1,127,18.870416666666667,67,1,452.89
14185.0,1,6,65.88333333333334,331,1,197.65
14186.0,5,1550,14.909903846153847,427,5,1550.63
14187.0,1,50,15.4375,474,1,123.5
14188.0,10,1145,28.435352112676057,9,10,2018.91
14189.0,25,4628,17.575060975609755,2,25,5764.62
14190.0,1,2,79.9,666,1,79.9
14191.0,17,3709,17.392656826568267,2,17,4713.41
14192.0,1,218,20.981428571428573,388,1,293.74
14193.0,3,653,18.90921875,68,3,1210.19
14194.0,54,9927,18.70473630831643,5,54,18442.87
14195.0,10,1844,108.23818181818181,202,10,2381.24
14196.0,1,142,55.919999999999995,107,1,335.52
14197.0,1,143,19.5025,411,1,390.05
14198.0,13,608,15.74824742268041,4,13,1527.58
14199.0,6,230,45.825,218,6,916.5
14200.0,1,140,18.057142857142857,617,1,379.2
14201.0,12,794,19.897192982456144,60,12,1134.14
14202.0,3,166,29.233103448275862,381,3,847.76
14203.0,1,80,21.20875,397,1,339.34
14204.0,4,492,4.581724137931035,2,4,1062.96
14205.0,12,1131,12.392077922077922,11,12,1908.3799999999999
14206.0,5,926,15.687808219178082,239,5,1145.21
14207.0,1,36,78.9,688,1,157.8
14208.0,2,529,16.20142857142857,95,2,567.05
14209.0,19,1727,20.832784810126583,11,19,4937.37
14210.0,21,2596,17.30452380952381,91,21,5814.320000000001
14211.0,26,2551,17.00272727272727,53,26,4301.69
14212.0,2,2046,104.29238095238095,90,2,2190.14
14213.0,2,-244,-79.48,372,2,-1192.2
14214.0,7,748,14.289,31,7,1000.23
14215.0,10,2281,17.640051813471505,12,10,3404.53
14216.0,6,709,27.118860759493668,3,6,2142.39
14217.0,33,1232,16.702447916666667,2,33,3206.87
14218.0,1,160,14.123333333333335,43,1,169.48000000000002
14219.0,3,363,14.740232558139535,4,3,633.83
14220.0,4,468,39.86842105263158,247,4,1515.0
14221.0,19,3806,18.64352435530086,42,19,6506.59
14222.0,1,607,16.662682926829266,177,1,683.17
14223.0,4,583,15.987377049180328,92,4,975.23
14224.0,9,863,7.974369747899159,110,9,1897.8999999999999
14225.0,5,1155,22.144175824175825,435,5,2015.1200000000001
14226.0,9,1717,28.26457142857143,29,9,2967.78
14227.0,22,4036,16.3075,26,22,6327.31
14228.0,3,260,19.61842105263158,438,3,745.5
14229.0,11,911,31.653717948717947,52,11,2468.99
14230.0,3,246,29.69090909090909,436,3,979.8000000000001
14231.0,6,603,15.506438356164384,179,6,1131.97
14232.0,8,1937,17.321440677966102,32,8,2043.93
14233.0,10,1226,35.93454545454546,44,10,2766.96
14234.0,4,963,4.877106918238994,22,4,775.46
14235.0,10,3002,31.32208053691275,10,10,4666.99
14236.0,7,810,33.32192307692308,81,7,1732.74
14237.0,3,274,17.417777777777776,373,3,627.04
14238.0,3,189,33.40230769230769,326,3,434.22999999999996
14239.0,24,1721,19.55218604651163,43,24,4203.72
14240.0,3,655,20.450655737704917,30,3,1247.49
14241.0,2,242,27.808333333333334,184,2,333.7
14242.0,2,123,17.534375,235,2,280.55
14243.0,23,3666,19.281047120418847,9,23,7365.36
14244.0,2,802,17.741,659,2,354.82
14245.0,5,971,14.977500000000001,176,5,1677.48
14246.0,3,804,19.654133333333334,111,3,1474.06
14247.0,6,381,6.522966101694916,278,6,769.71
14248.0,3,692,21.977659574468085,318,3,1032.95
14249.0,12,2487,19.331481099656358,411,12,5625.461
14250.0,3,1200,17.153603603603603,7,3,1904.05
14251.0,5,1674,36.91923076923077,2,5,2879.7000000000003
14252.0,1,111,35.099000000000004,381,1,350.99
14253.0,2,88,30.283333333333335,493,2,363.40000000000003
14254.0,1,263,26.13173913043478,433,1,601.03
14255.0,4,-2,-360.4,546,4,-1441.6
14256.0,9,1162,17.24705035971223,254,9,2397.34
14257.0,10,3327,24.65560165975104,51,10,5942.0
14258.0,32,17271,99.44663461538461,9,32,31027.35
14259.0,1,68,24.0,142,1,120.0
14260.0,3,544,16.16235294117647,471,3,824.28
14261.0,2,406,22.37403846153846,51,2,1163.45
14262.0,8,1645,18.3093006993007,8,8,2618.23
14263.0,1,171,20.183125,423,1,322.93
14264.0,8,541,17.39714285714286,155,8,1461.3600000000001
14265.0,4,715,17.384177215189872,109,4,1373.35
14266.0,1,24,40.56,428,1,40.56
14267.0,9,459,18.517500000000002,151,9,1259.19
14268.0,1,147,18.676315789473687,471,1,354.85
14269.0,2,114,13.084,435,2,261.68
14270.0,1,197,16.98793103448276,332,1,492.65000000000003
14271.0,2,149,5.618717948717949,226,2,219.13
14272.0,4,1097,14.38765625,74,4,920.81
14273.0,4,264,19.309310344827587,51,4,559.97
14274.0,1,178,17.10666666666667,686,1,256.6
14275.0,6,538,51.712173913043486,396,6,1189.38
14276.0,13,1344,13.398055555555555,88,13,1929.32
14277.0,14,1891,9.240320512820514,15,14,4324.47
14278.0,1,131,15.833076923076923,410,1,205.83
14279.0,2,46,63.95333333333334,521,2,191.86
14280.0,1,52,16.755,197,1,134.04
14281.0,1,45,35.02142857142857,408,1,245.15
14282.0,26,5474,30.763372549019607,3,26,7844.66
14283.0,4,550,15.327804878048783,463,4,628.44
14284.0,4,506,18.592028985507245,31,4,1282.85
14285.0,9,953,50.9458064516129,21,9,3158.64
14286.0,12,8695,16.464117647058824,24,12,8396.7
14287.0,4,236,13.74818181818182,8,4,151.23000000000002
14288.0,2,187,24.344117647058823,212,2,413.85
14289.0,6,292,19.388510638297873,9,6,911.26
14290.0,14,1514,24.470523255813955,11,14,4208.93
14291.0,25,6140,15.783501006036216,2,25,7844.4
14292.0,27,3373,42.93671497584541,8,27,8887.9
14293.0,10,1586,23.513555555555556,3,10,3174.33
14294.0,1,190,16.31913043478261,407,1,375.34000000000003
14295.0,8,1022,30.474473684210526,40,8,2316.06
14296.0,3,313,16.01607142857143,414,3,448.45
14297.0,6,861,20.0634375,18,6,1284.06
14298.0,84,99854,31.551363319386333,3,84,90489.31
14299.0,41,8033,34.57619946091644,8,41,12827.77
14300.0,1,32,14.4,19,1,43.2
14301.0,7,1673,32.603833333333334,108,7,1956.23
14302.0,3,298,26.532142857142862,431,3,742.9000000000001
14303.0,2,218,12.633636363636363,407,2,277.94
14304.0,5,687,15.392020202020202,223,5,1523.81
14305.0,5,1069,16.39781818181818,71,5,1803.76
14306.0,7,2063,65.44791666666667,51,7,3141.5
14307.0,11,3373,16.28,89,11,5063.08
14308.0,5,-1,-169.89000000000001,549,5,-849.45
14309.0,12,2569,19.220307692307692,8,12,3747.96
14310.0,1,230,22.36818181818182,433,1,492.1
14311.0,3,214,11.471052631578948,225,3,435.90000000000003
14312.0,11,1904,17.168277777777778,47,11,3090.29
14313.0,1,-1,-302.31,624,1,-302.31
14314.0,3,330,20.172727272727272,107,3,221.9
14315.0,10,1332,23.129343065693433,21,10,3168.7200000000003
14316.0,6,4482,42.354375,422,6,1355.34
14317.0,1,255,21.190833333333334,65,1,508.58
14318.0,1,152,17.55777777777778,460,1,158.02
14319.0,2,327,17.664814814814818,424,2,476.95000000000005
14320.0,7,626,12.947526881720432,207,7,1204.1200000000001
14321.0,8,3271,12.146850828729281,11,8,2198.58
14322.0,6,142,22.605882352941176,427,6,384.3
14323.0,4,340,14.006341463414634,115,4,574.26
14324.0,2,402,17.112439024390245,410,2,701.61
14325.0,1,320,13.637777777777778,570,1,245.48
14326.0,4,568,15.930689655172413,235,4,923.98
14327.0,6,1296,17.87669811320755,163,6,1894.93
14328.0,3,-1,-148.35333333333332,431,3,-445.06
14329.0,28,5887,17.02013986013986,9,28,9735.52
14330.0,1,103,15.433076923076923,624,1,200.63
14331.0,2,252,16.52357142857143,124,2,462.66
14332.0,5,893,30.84936507936508,23,5,1943.51
14333.0,2,52,18.49736842105263,64,2,351.45
14334.0,14,2984,16.511461538461536,17,14,4292.98
14335.0,2,379,7.432698412698413,16,2,468.26
14336.0,4,1759,17.943444444444445,17,4,1614.91
14337.0,1,-393,-18.295277777777777,731,1,-658.63
14338.0,5,616,16.869811320754717,158,5,894.1
14339.0,5,438,22.246666666666666,235,5,600.66
14340.0,1,58,22.45,219,1,134.7
14341.0,20,2816,16.580111940298508,45,20,4443.47
14342.0,9,508,22.776756756756757,21,9,842.74
14343.0,4,631,4.575252100840337,421,4,1088.91
14344.0,20,1669,13.718930041152264,127,20,3333.7000000000003
14345.0,1,50,18.16333333333333,39,1,108.97999999999999
14346.0,5,1878,15.861301369863014,121,5,2315.75
14347.0,1,48,13.766666666666667,737,1,82.60000000000001
14348.0,1,183,22.753888888888888,260,1,409.57
14349.0,1,86,4.306451612903226,10,1,133.5
14350.0,4,526,15.287096774193548,271,4,947.8
14351.0,1,12,51.0,165,1,51.0
14352.0,4,538,22.95659574468085,157,4,1078.96
14353.0,3,344,15.06,215,3,376.5
14354.0,2,210,18.18,6,2,163.62
14355.0,3,709,14.288028169014085,366,3,1014.45
14356.0,4,266,17.551052631578944,60,4,666.9399999999999
14357.0,1,148,5.506585365853659,43,1,225.77
14358.0,3,337,14.780769230769229,389,3,384.29999999999995
14359.0,6,363,15.216896551724139,19,6,882.58
14360.0,4,1151,18.035847457627117,32,4,2128.23
14361.0,1,251,15.33642857142857,579,1,214.70999999999998
14362.0,1,100,3.9317073170731707,22,1,161.2
14363.0,2,105,28.433750000000003,402,2,227.47000000000003
14364.0,8,1967,53.87463768115942,109,8,3717.35
14365.0,2,557,12.44470588235294,395,2,634.68
14366.0,1,16,136.0,525,1,136.0
14367.0,19,4410,17.200412757973734,8,19,9167.82
14368.0,1,36,19.375,320,1,155.0
14369.0,2,255,18.04346153846154,642,2,469.13
14370.0,9,257,22.288367346938777,451,9,1092.13
14371.0,1,34,25.125,295,1,100.5
14372.0,3,376,21.28666666666667,443,3,830.1800000000001
14373.0,1,17,19.1375,358,1,76.55
14374.0,1,20,15.428571428571429,541,1,108.0
14375.0,3,659,5.245324074074074,185,3,1132.99
14376.0,1,50,11.97,683,1,215.46
14377.0,2,219,56.095454545454544,191,2,617.05
14378.0,1,57,14.583333333333334,622,1,131.25
14379.0,4,713,9.836511627906978,44,4,1268.91
14380.0,2,0,-49.864999999999995,603,2,-99.72999999999999
14381.0,2,453,5.538070175438596,52,2,631.34
14382.0,3,1700,4.095214521452145,26,3,1240.85
14383.0,3,817,21.14728813559322,38,3,1247.69
14384.0,1,30,19.5,501,1,58.5
14385.0,3,159,14.436428571428573,9,3,202.11
14386.0,1,54,20.342857142857145,297,1,142.4
14387.0,3,819,12.646857142857142,33,3,1770.56
14388.0,20,4336,15.395560747663552,9,20,6589.3
14389.0,11,1333,15.432796610169492,9,11,1821.07
14390.0,18,2896,12.672004008016032,10,18,6323.33
14391.0,1,168,9.685714285714285,577,1,135.6
14392.0,1,114,19.02857142857143,432,1,266.4
14393.0,1,13,13.59,218,1,67.95
14394.0,1,58,15.633333333333333,565,1,93.8
14395.0,24,4066,9.927992700729927,2,24,8160.81
14396.0,7,1022,7.291855670103092,65,7,2121.93
14397.0,23,1852,26.912421052631576,1,23,2556.68
14398.0,2,267,13.354528301886791,401,2,707.79
14399.0,9,960,10.704897959183672,394,9,2098.16
14400.0,5,1693,22.116883116883116,141,5,1703.0
14401.0,25,6379,24.827407407407406,4,25,6703.4
14402.0,1,240,35.7,652,1,285.6
14403.0,9,726,55.235151515151514,130,9,1822.76
14404.0,15,1636,13.146056338028169,34,15,2800.11
14405.0,1,100,97.5,387,1,195.0
14406.0,1,77,19.59375,119,1,156.75
14407.0,9,1412,27.777368421052632,107,9,2111.08
14408.0,11,2444,31.85868217054264,11,11,4109.77
14409.0,10,2257,31.97861111111111,71,10,3453.69
14410.0,17,1099,4.358049281314168,16,17,2122.37
14411.0,1,196,75.92857142857143,311,1,1063.0
14412.0,4,1426,16.482441860465116,35,4,1417.49
14413.0,4,280,7.781515151515151,362,4,770.37
14414.0,9,2874,20.062857142857144,92,9,2387.48
14415.0,32,6246,9.158439661798615,1,32,11915.13
14416.0,2,326,35.01571428571429,22,2,490.22
14417.0,1,567,4.41021897810219,388,1,604.2
14418.0,3,1711,15.622983870967742,4,3,1937.25
14419.0,7,556,5.506157205240175,11,7,1260.91
14420.0,7,1115,16.780618556701032,85,7,1627.72
14421.0,7,1341,25.325979381443297,57,7,2456.62
14422.0,21,6059,18.380036036036035,1,21,10200.92
14423.0,4,418,57.184999999999995,218,4,914.9599999999999
14424.0,1,48,322.08,18,1,322.08
14425.0,5,319,15.509512195121951,427,5,635.89
14426.0,27,6656,17.056789554531488,19,27,11103.97
14427.0,4,538,28.716363636363635,50,4,1263.52
14428.0,7,428,8.311756756756758,7,7,1230.14
14429.0,1,286,23.467272727272725,404,1,516.28
14430.0,5,408,23.910000000000004,512,5,956.4000000000001
14431.0,5,1194,29.55348837209302,299,5,2541.6
14432.0,6,2070,5.904476439790576,10,6,2255.51
14433.0,1,134,3.7610389610389614,466,1,289.6
14434.0,6,368,114.39999999999999,22,6,1372.8
14435.0,1,282,30.14,502,1,90.42
14436.0,2,297,24.7,99,2,271.7
14437.0,7,479,16.5988,143,7,829.94
14438.0,1,82,14.655555555555557,306,1,131.9
14439.0,5,2244,73.20186046511628,320,5,9443.04
14440.0,15,1745,45.64216783216783,8,15,6526.83
14441.0,19,1241,26.43387878787879,1,19,4361.59
14442.0,12,1420,27.74747368421053,2,12,5272.02
14443.0,8,1509,14.60608695652174,54,8,2351.58
14444.0,1,180,10.156923076923077,456,1,132.04
14445.0,1,83,6.9265625,456,1,221.65
14446.0,5,1116,3.6616814159292033,1,5,1241.31
14447.0,6,913,16.148396226415095,19,6,1711.73
14448.0,2,104,18.767500000000002,9,2,375.35
14449.0,8,1778,4.547252747252748,19,8,2482.8
14450.0,7,522,14.847894736842106,181,7,1128.44
14451.0,18,1723,6.173137996219282,60,18,3265.59
14452.0,4,289,5.042348484848485,11,4,665.59
14453.0,1,49,5.451363636363637,190,1,119.93
14454.0,6,396,8.745045045045046,376,6,970.7
14455.0,5,682,7.2543902439024395,432,5,594.86
14456.0,14,2901,3.1193756397134087,5,14,3047.63
14457.0,1,88,28.41,311,1,113.64
14458.0,1,328,4.84530612244898,381,1,237.42
14459.0,3,2302,46.8345701754386,155,3,5339.1410000000005
14460.0,12,1761,19.158333333333335,110,12,919.6
14461.0,14,3025,10.319876733436056,148,14,6697.6
14462.0,16,1040,7.565728813559321,64,16,2231.89
14463.0,4,210,98.32124999999999,98,4,786.5699999999999
14464.0,2,62,27.75,568,2,111.0
14465.0,11,2546,19.730150000000002,247,11,3946.03
14466.0,13,2644,21.513425925925926,29,13,4646.9
14467.0,12,1196,7.211006493506495,18,12,2220.9900000000002
14468.0,1,164,17.02,734,1,204.24
14469.0,4,980,14.368775510204081,416,4,2112.21
14470.0,3,282,11.867333333333333,12,3,712.04
14471.0,2,187,9.779268292682927,591,2,400.95
14472.0,9,1305,6.691351351351351,104,9,2228.22
14473.0,2,88,33.47714285714286,74,2,234.34000000000003
14474.0,3,452,9.534812030075187,43,3,1268.1299999999999
14475.0,7,522,19.34188679245283,72,7,1025.12
14476.0,1,132,11.352631578947367,257,1,215.7
14477.0,10,1115,115.33,20,10,1960.61
14478.0,4,1226,18.774411764705885,382,4,1276.66
14479.0,4,620,8.718859060402686,254,4,1299.1100000000001
14480.0,5,669,19.62530303030303,11,5,1295.27
14481.0,6,1583,12.649150326797384,165,6,1935.32
14482.0,14,2805,16.440196078431374,18,14,4192.25
14483.0,3,191,17.8,150,3,249.2
14484.0,4,744,20.207169811320757,50,4,1070.98
14485.0,1,71,3.526595744680851,39,1,165.75
14486.0,2,90,29.25,512,2,175.5
14487.0,8,835,7.438072916666666,27,8,1428.11
14488.0,2,793,21.376122448979594,51,2,1047.43
14489.0,4,1011,15.7493,207,4,1574.93
14490.0,2,933,15.918375000000001,406,2,1273.47
14491.0,2,179,22.29190476190476,175,2,468.13
14492.0,10,639,15.138076923076925,430,10,1574.3600000000001
14493.0,14,3171,13.610945945945947,7,14,5036.05
14494.0,3,210,23.615294117647057,26,3,401.46
14495.0,4,67,20.7875,51,4,166.3
14496.0,10,980,23.209473684210526,312,10,2645.88
14497.0,3,330,16.17047619047619,301,3,679.16
14498.0,10,2122,10.542506738544475,43,10,3911.27
14499.0,10,1241,6.585776397515527,26,10,2120.62
14500.0,3,117,50.978571428571435,88,3,356.85
14501.0,3,119,15.859166666666667,64,3,190.31
14502.0,14,1483,3.725863708399366,20,14,2351.02
14503.0,6,2004,21.605243902439025,3,6,3543.26
14504.0,4,308,6.2921495327102805,47,4,673.26
14505.0,27,5304,7.207134071340713,17,27,11718.8
14506.0,7,1078,6.971758474576271,17,7,3290.67
14507.0,14,1493,11.45303249097473,24,14,3172.4900000000002
14508.0,6,346,4.52957671957672,22,6,856.09
14509.0,1,38,4.438,534,1,110.95
14510.0,4,815,12.556708860759494,376,4,991.98
14511.0,6,772,17.850845070422533,11,6,1267.4099999999999
14512.0,7,742,15.293375000000001,188,7,1223.47
14513.0,7,587,30.836400000000005,101,7,770.9100000000001
14514.0,10,2495,13.474281524926688,61,10,4594.7300000000005
14515.0,15,1907,20.660555555555558,18,15,3718.9
14516.0,1,68,4.43027027027027,516,1,163.92
14517.0,2,91,18.358333333333334,33,2,330.45
14518.0,1,278,10.898125,64,1,174.37
14519.0,2,82,5.284358974358974,684,2,206.09
14520.0,2,146,67.65,2,2,270.6
14521.0,2,203,8.3825,477,2,167.65
14522.0,8,968,38.2308695652174,24,8,1758.6200000000001
14523.0,1,251,20.090833333333332,108,1,241.09
14524.0,13,1176,8.94423780487805,32,13,2933.71
14525.0,21,5201,14.781472727272726,9,21,8129.8099999999995
14526.0,1,179,6.247619047619047,389,1,262.4
14527.0,190,6555,9.085139231582659,3,190,25774.54
14528.0,1,278,20.234444444444442,37,1,364.21999999999997
14529.0,3,348,2.707598253275109,60,3,620.04
14530.0,19,2999,12.427709611451942,26,19,6077.15
14531.0,1,260,12.977241379310344,480,1,376.34
14532.0,12,1114,12.057774294670846,236,12,3846.43
14533.0,15,4783,33.884255319148934,25,15,3185.12
14534.0,38,2719,7.456726804123711,3,38,5786.42
14535.0,11,3214,6.892758215962441,59,11,5872.63
14536.0,1,40,9.042105263157895,260,1,171.8
14537.0,3,227,26.477083333333336,58,3,635.45
14538.0,5,284,26.362307692307695,65,5,1370.8400000000001
14539.0,2,428,16.79625,16,2,537.48
14540.0,12,1617,13.815474452554744,10,12,3785.44
14541.0,14,1129,13.810386740331491,59,14,2499.68
14542.0,1,19,20.65,186,1,103.25
14543.0,50,2104,44.341854545454545,4,50,12194.01
14544.0,3,2438,15.533489583333333,24,3,2982.43
14545.0,1,236,15.184782608695652,674,1,349.25
14546.0,20,2620,5.996438848920863,4,20,5001.03
14547.0,9,2658,10.863051771117167,4,9,3986.7400000000002
14548.0,9,1021,23.252123893805308,151,9,2627.49
14549.0,4,395,6.364930555555556,311,4,916.5500000000001
14550.0,4,776,13.809285714285714,11,4,1353.31
14551.0,9,476,10.470609756097561,18,9,858.59
14552.0,3,261,3.25656050955414,152,3,511.28
14553.0,10,1138,6.0333554817275745,19,10,1816.04
14554.0,4,1478,11.023333333333333,10,4,2381.04
14555.0,7,847,19.061818181818182,57,7,2306.48
14556.0,3,331,4.114975369458128,596,3,835.34
14557.0,2,0,4.440892098500626e-16,64,2,1.4210854715202004e-14
14558.0,5,158,36.12352941176471,653,5,614.1
14559.0,1,72,37.8,390,1,75.6
14560.0,46,4543,29.95267326732673,7,46,6050.44
14561.0,3,1014,15.6631884057971,76,3,1080.76
14562.0,30,2440,10.037618296529969,4,30,6363.85
14563.0,2,335,5.908173913043478,510,2,679.4399999999999
14564.0,5,1284,22.29486725663717,427,5,2519.32
14565.0,7,1932,23.665864197530862,96,7,3833.87
14566.0,4,2400,255.75,111,4,4092.0
14567.0,3,410,44.83705882352941,35,3,1524.46
14568.0,2,633,18.947916666666668,424,2,909.5
14569.0,4,258,17.113714285714288,1,4,598.98
14570.0,3,431,9.025735294117647,281,3,613.75
14571.0,1,57,5.214516129032258,425,1,161.65
14572.0,15,2929,10.515622641509433,3,15,5573.28
14573.0,17,829,6.365643564356435,180,17,2571.72
14574.0,1,63,13.063636363636364,733,1,143.70000000000002
14575.0,1,176,6.225810810810811,488,1,460.71
14576.0,1,24,35.400000000000006,372,1,70.80000000000001
14577.0,7,573,7.428378378378379,13,7,1374.25
14578.0,1,240,7.02625,3,1,168.63
14579.0,1,56,4.2224,432,1,105.56
14580.0,1,3,14.850000000000001,518,1,14.850000000000001
14581.0,2,309,6.673846153846154,17,2,433.8
14582.0,1,73,19.018333333333334,41,1,114.11000000000001
14583.0,8,1155,3.519822134387352,6,8,1781.03
14584.0,9,959,7.81490990990991,169,9,1734.91
14585.0,5,630,10.29972972972973,50,5,1143.27
14586.0,3,236,4.9688888888888885,227,3,134.16
14587.0,10,759,4.162083333333333,19,10,1598.24
14588.0,1,62,8.461875,578,1,135.39
14589.0,1,10,13.25,372,1,79.5
14590.0,28,881,13.230688073394495,425,28,2884.29
14591.0,4,1297,7.345888324873097,15,4,1447.14
14592.0,3,415,3.4784146341463416,35,3,570.46
14593.0,18,1862,5.747488076311606,22,18,3615.17
14594.0,2,331,7.5575,7,2,634.83
14595.0,8,1228,15.915073529411764,20,8,2164.45
14596.0,1,79,4.025789473684211,627,1,229.47
14597.0,6,1447,21.374174757281555,11,6,2201.54
14598.0,3,189,1.7074615384615384,44,3,221.97
14599.0,2,295,5.787073170731707,390,2,474.54
14600.0,2,487,16.02166666666667,306,2,865.1700000000001
14601.0,1,168,30.565714285714286,11,1,213.96
14602.0,1,80,6.624516129032258,656,1,205.35999999999999
14603.0,1,400,330.0,275,1,660.0
14604.0,1,88,6.254782608695653,633,1,143.86
14605.0,4,424,8.442882882882882,374,4,937.16
14606.0,259,15300,4.485672976598599,1,259,30094.38
14607.0,27,11706,78.10650000000001,16,27,18745.56
14608.0,12,917,74.39636363636363,4,12,3273.44
14609.0,11,10320,97.58571428571429,72,11,1366.2
14610.0,2,15,2.435,396,2,24.35
14611.0,3,581,15.368717948717949,439,3,599.38
14612.0,1,134,62.69285714285714,415,1,877.7
14613.0,1,72,76.32000000000001,680,1,76.32000000000001
14614.0,1,189,15.533157894736842,386,1,295.13
14615.0,6,481,18.318823529411766,394,6,934.26
14616.0,5,170,105.556,243,5,527.78
14617.0,2,81,21.163333333333338,403,2,190.47000000000003
14618.0,9,697,23.99388888888889,9,9,1295.67
14619.0,3,587,20.585645161290323,239,3,1276.31
14620.0,3,188,13.109333333333334,204,3,393.28000000000003
14621.0,16,1671,15.990388888888889,1,16,2878.27
14622.0,1,146,15.265714285714287,185,1,320.58000000000004
14623.0,12,1054,6.884169491525424,32,12,2030.83
14624.0,6,645,15.962156862745099,57,6,814.07
14625.0,18,2141,15.853898916967507,185,18,4391.53
14626.0,15,3118,22.67835443037975,9,15,5374.77
14627.0,3,269,10.42051282051282,312,3,406.40000000000003
14628.0,5,1147,23.232558139534884,91,5,1998.0
14629.0,3,376,6.138627450980392,4,3,939.21
14630.0,1,111,16.126190476190477,484,1,338.65
14631.0,7,1395,21.990978260869564,51,7,2023.17
14632.0,1,96,14.32,263,1,114.56
14633.0,1,96,17.245,266,1,344.90000000000003
14634.0,7,1850,16.710338983050846,438,7,1971.82
14635.0,1,118,14.348,454,1,215.22
14636.0,2,241,21.780357142857145,36,2,609.85
14637.0,1,100,15.239999999999998,677,1,106.67999999999999
14638.0,1,166,27.725,51,1,443.6
14639.0,11,2407,16.76884745762712,52,11,4946.81
14640.0,16,1558,15.5337668161435,16,16,3464.03
14641.0,1,90,15.78,22,1,110.46
14642.0,1,76,48.06,59,1,96.12
14643.0,6,1317,25.456769230769233,170,6,1654.69
14644.0,12,755,28.853749999999998,9,12,2077.47
14645.0,4,574,15.56,157,4,840.24
14646.0,164,365220,134.53523650385605,2,164,523342.07
14647.0,2,180,10.195490196078431,201,2,519.97
14648.0,19,3285,9.587548387096774,404,19,4458.21
14649.0,11,2461,6.528973913043478,5,11,3754.16
14650.0,1,22,15.625,589,1,62.5
14651.0,9,886,7.062916666666667,67,9,2034.1200000000001
14652.0,1,53,3.937241379310345,77,1,114.18
14653.0,12,1976,9.364093264248705,1,12,3614.54
14654.0,1,273,9.142962962962963,738,1,246.86
14655.0,12,2325,34.811181818181815,4,12,3829.23
14656.0,5,318,3.7890697674418603,169,5,814.65
14657.0,7,884,6.717222222222222,18,7,1450.92
14658.0,2,47,8.522413793103448,5,2,247.15
14659.0,12,1183,9.484671814671815,9,12,2456.53
14660.0,2,228,9.524666666666667,87,2,285.74
14661.0,1,35,26.9875,27,1,107.95
14662.0,7,935,5.5981422924901185,29,7,1416.33
14663.0,2,397,7.214705882352941,430,2,490.6
14664.0,2,466,6.443333333333333,20,2,637.89
14665.0,9,904,13.662452830188679,61,9,2172.33
14666.0,1,161,13.946428571428571,24,1,195.25
14667.0,61,12944,15.796792727272727,11,61,21720.59
14668.0,1,49,9.3025,445,1,111.63000000000001
14669.0,7,2054,8.212481012658227,242,7,3243.93
14670.0,3,434,3.202127659574468,280,3,602.0
14671.0,2,571,20.49909090909091,549,2,1127.45
14672.0,4,646,10.501320754716982,235,4,1113.14
14673.0,7,2035,20.92521472392638,3,7,3410.81
14674.0,1,103,12.404285714285715,509,1,173.66
14675.0,2,726,4.4454166666666675,16,2,1066.9
14676.0,16,8744,59.182071428571426,31,16,8285.49
14677.0,1,139,13.207857142857142,593,1,184.91
14678.0,2,178,15.4576,571,2,386.44
14679.0,5,788,18.682352941176468,372,5,1270.3999999999999
14680.0,87,26020,37.58665294924554,25,87,54801.34
14681.0,6,172,43.75750000000001,71,6,875.1500000000001
14682.0,6,949,17.61406976744186,188,6,1514.81
14683.0,1,386,6.979047619047619,588,1,146.56
14684.0,6,1039,2.829576107899807,26,6,1468.55
14685.0,13,1952,21.197598039215688,576,13,4324.31
14686.0,6,474,3.719830508474576,414,6,877.88
14687.0,3,850,35.0515,107,3,1402.06
14688.0,34,5181,13.19280733944954,8,34,7190.08
14689.0,1,76,8.676923076923076,209,1,112.8
14690.0,5,337,7.167339449541284,44,5,781.24
14691.0,5,707,29.779295774647885,31,5,2114.33
14692.0,13,895,10.582865853658536,137,13,1735.59
14693.0,8,386,14.99815789473684,265,8,1139.86
14694.0,1,193,16.287333333333333,617,1,244.31
14695.0,4,624,16.342842105263156,519,4,1552.57
14696.0,10,2146,15.674261363636363,4,10,2758.67
14697.0,2,181,8.573181818181817,218,2,188.60999999999999
14698.0,5,615,5.9559999999999995,2,5,1250.76
14699.0,4,484,14.052,214,4,702.6
14700.0,5,1634,18.33094117647059,32,5,3116.26
14701.0,18,1759,7.129857369255151,11,18,4498.9400000000005
14702.0,32,3061,9.248232044198895,1,32,6695.72
14703.0,1,183,14.462272727272728,15,1,318.17
14704.0,11,1209,3.7548033126293996,11,11,1813.57
14705.0,1,100,179.0,199,1,179.0
14706.0,1,263,13.953214285714285,619,1,390.69
14707.0,2,96,69.6,436,2,139.2
14708.0,6,1503,40.41814814814815,3,6,2182.58
14709.0,27,4138,24.697715877437325,15,27,8866.48
14710.0,13,1151,4.349751131221719,14,13,1922.59
14711.0,12,966,7.905849582172701,10,12,2838.2
14712.0,4,411,41.502187500000005,29,4,1328.0700000000002
14713.0,25,3445,7.556216596343179,9,25,5372.47
14714.0,7,637,9.146938775510204,24,7,896.4
14715.0,8,1034,13.336594202898551,25,8,1840.45
14716.0,3,752,5.6545000000000005,43,3,565.45
14717.0,2,30,6.066666666666666,733,2,72.8
14718.0,1,202,20.583636363636362,410,1,226.42
14719.0,6,1031,6.689831932773109,2,6,1592.18
14720.0,3,219,17.940810810810813,6,3,663.8100000000001
14721.0,1,59,4.2877777777777775,379,1,115.77
14722.0,3,222,5.461382978723404,147,3,513.37
14723.0,11,1308,4.3514760914760915,10,11,2093.06
14724.0,1,187,8.029069767441861,590,1,345.25
14725.0,5,1316,11.820934579439252,25,5,1264.84
14726.0,1,91,6.565789473684211,655,1,124.75
14727.0,4,76,3.988082191780822,274,4,291.13
14728.0,1,68,13.612857142857143,413,1,190.58
14729.0,3,574,4.362403846153846,374,3,907.38
14730.0,8,1132,4.0021157684630735,1,8,2005.06
14731.0,3,256,8.444888888888888,47,3,380.02
14732.0,24,2259,19.181408450704225,8,24,5447.52
14733.0,18,6452,44.338674033149175,9,18,16050.6
14734.0,5,377,16.33546875,416,5,1045.47
14735.0,59,4398,31.2590813648294,4,59,11909.710000000001
14736.0,2,164,4.0108,485,2,401.08
14737.0,4,1071,78.98155555555556,4,4,3554.17
14738.0,12,727,21.24867469879518,39,12,1763.64
14739.0,28,10164,47.37285714285714,2,28,12269.57
14740.0,13,2059,17.09605042016807,191,13,4068.86
14741.0,7,1120,22.32458823529412,12,7,1897.5900000000001
14742.0,1,374,17.054411764705883,435,1,579.85
14743.0,1,40,16.826666666666664,593,1,50.48
14744.0,17,2544,30.81467741935484,16,17,3821.02
14745.0,17,1953,16.948707482993196,113,17,2491.46
14746.0,4,398,65.94444444444444,406,4,593.5
14747.0,2,82,15.489473684210527,248,2,294.3
14748.0,16,2320,12.146590909090909,29,16,2672.25
14749.0,1,403,17.230555555555554,480,1,310.15
14750.0,1,65,3.5009375,736,1,112.03
14751.0,2,65,18.064285714285713,684,2,126.45
14752.0,1,260,77.928,44,1,389.64
14753.0,2,412,18.114791666666665,87,2,869.51
14754.0,7,1009,11.204927536231883,45,7,1546.28
14755.0,30,4366,20.354235537190085,10,30,9851.45
14756.0,4,1419,21.421803278688525,15,4,2613.46
14757.0,1,160,22.13157894736842,75,1,420.5
14758.0,7,840,21.065955882352938,145,7,2864.97
14759.0,3,569,15.940882352941177,5,3,1625.97
14760.0,2,28,7.685714285714285,294,2,53.8
14761.0,3,206,18.663333333333334,59,3,447.92
14762.0,2,428,13.919,264,2,417.57
14763.0,1,-1,-9.95,732,1,-9.95
14764.0,2,175,35.792857142857144,44,2,250.55
14765.0,3,135,6.515641025641026,29,3,254.11
14766.0,14,4001,18.429742120343843,8,14,6431.9800000000005
14767.0,1,117,21.267222222222223,474,1,382.81
14768.0,3,34,23.25,17,3,139.5
14769.0,21,11202,10.9308286908078,3,21,15696.67
14770.0,9,1597,18.307525252525252,232,9,3624.89
14771.0,3,608,11.5984,606,3,579.92
14772.0,1,82,15.473333333333333,112,1,139.26
14773.0,2,50,11.427272727272728,589,2,125.7
14774.0,1,99,18.573076923076922,529,1,241.45
14775.0,3,1558,17.73075,58,3,1418.46
14776.0,19,4204,15.824739336492891,51,19,3339.02
14777.0,4,200,11.393333333333333,4,4,239.26
14778.0,2,306,20.881714285714285,127,2,730.86
14779.0,3,84,9.418292682926829,281,3,386.15
14780.0,2,310,16.58074074074074,55,2,447.68
14781.0,1,-1,-530.31,420,1,-530.31
14782.0,1,114,33.35,320,1,200.10000000000002
14783.0,2,261,16.96388888888889,655,2,305.35
14784.0,3,363,16.664074074074076,26,3,449.93
14785.0,2,84,25.8,10,2,77.4
14786.0,1,112,12.994285714285713,550,1,90.96
14787.0,1,59,7.376666666666667,471,1,110.65
14788.0,3,719,19.93655172413793,7,3,1156.32
14789.0,1,116,32.940000000000005,29,1,197.64000000000001
14790.0,10,2642,17.42496551724138,17,10,2526.62
14791.0,1,127,15.980526315789474,607,1,303.63
14792.0,2,0,-5.551115123125783e-17,64,2,-2.220446049250313e-16
14793.0,3,358,15.276250000000001,4,3,611.0500000000001
14794.0,13,778,17.655607476635513,3,13,1889.15
14795.0,1,17,21.908333333333335,166,1,131.45000000000002
14796.0,39,7565,6.757977243994944,1,39,10691.12
14797.0,1,99,18.769375,507,1,300.31
14798.0,9,599,14.021764705882353,53,9,715.11
14799.0,2,495,14.702173913043477,51,2,338.15
14800.0,23,6844,11.13451951951952,48,23,7415.59
14801.0,1,175,3.273559322033898,61,1,193.14
14802.0,6,-2,-250.49666666666667,430,6,-1502.98
14803.0,3,370,19.217045454545453,162,3,845.55
14804.0,1,121,29.439166666666665,9,1,353.27
14805.0,7,421,8.368484848484849,15,7,1104.64
14806.0,2,423,15.1715,75,2,303.43
14807.0,2,247,12.982249999999999,391,2,519.29
14808.0,15,2054,8.4975390625,40,15,2175.37
14809.0,2,232,38.153333333333336,621,2,686.76
14810.0,13,1247,7.806215384615385,41,13,2537.02
14811.0,1,74,6.089285714285714,387,1,170.5
14812.0,1,136,5.021621621621622,599,1,185.8
14813.0,4,474,6.163107344632769,370,4,1090.8700000000001
14814.0,1,96,5.014375,581,1,160.46
14815.0,2,744,14.68867924528302,37,2,778.5
14816.0,1,5,67.9625,197,1,271.85
14817.0,9,2445,16.620555555555555,200,9,3889.21
14818.0,6,546,10.938411214953272,74,6,1170.41
14819.0,4,173,8.24842105263158,64,4,470.16
14820.0,9,724,19.918125,21,9,1274.76
14821.0,7,485,17.867361111111112,367,7,1286.45
14822.0,1,94,17.522222222222226,485,1,157.70000000000002
14823.0,3,88,4.591857142857143,180,3,321.43
14824.0,12,1934,24.398209876543213,10,12,3952.51
14825.0,27,2841,15.56140127388535,4,27,4886.28
14826.0,2,152,38.519999999999996,582,2,385.2
14827.0,1,5,0.0,665,1,0.0
14828.0,14,9670,96.11235294117648,197,14,9803.460000000001
14829.0,9,1109,14.51274336283186,29,9,1639.94
14830.0,1,169,4.92825,53,1,197.13
14831.0,7,877,18.04411111111111,574,7,1623.97
14832.0,3,-1,-91.54333333333334,630,3,-274.63
14833.0,1,58,13.542857142857143,499,1,94.8
14834.0,9,869,24.269000000000002,18,9,2184.21
14835.0,3,178,97.69999999999999,527,3,293.09999999999997
14836.0,3,45,17.075,10,3,102.44999999999999
14837.0,12,3022,16.17755868544601,90,12,3445.82
14838.0,2,362,10.896760563380282,423,2,773.67
14839.0,3,927,12.368648648648648,418,3,915.28
14840.0,3,173,14.175416666666665,268,3,340.21
14841.0,14,4164,23.876666666666665,53,14,7163.0
14842.0,8,1146,15.549367088607596,35,8,2456.8
14843.0,1,132,23.53333333333333,437,1,211.79999999999998
14844.0,12,4365,23.972867383512547,64,12,6688.43
14845.0,1,600,150.0,600,1,150.0
14846.0,2,181,31.292307692307688,423,2,406.79999999999995
14847.0,4,529,20.316923076923075,149,4,1320.6
14848.0,1,260,28.232727272727274,405,1,310.56
14849.0,50,11875,20.237552083333334,22,50,15542.44
14850.0,9,1384,7.6839512195121955,312,9,1575.21
14851.0,3,631,19.747857142857143,23,3,829.41
14852.0,21,4366,19.564313099041534,58,21,6123.63
14853.0,7,343,40.950606060606056,9,7,1351.37
14854.0,14,2986,19.379144144144146,78,14,4302.17
14855.0,7,3510,31.499033816425122,119,7,6520.3
14856.0,3,714,19.869393939393937,36,3,1311.3799999999999
14857.0,10,2065,16.417114678899082,60,10,3578.931
14858.0,1,105,16.431818181818183,506,1,180.75
14859.0,6,886,25.431940298507463,13,6,1703.94
14860.0,2,230,14.051666666666668,9,2,168.62
14861.0,14,1054,13.877894736842107,52,14,1318.4
14862.0,2,772,17.525,26,2,841.1999999999999
14863.0,1,132,24.25090909090909,29,1,266.76
14864.0,1,-17,-24.375,731,1,-48.75
14865.0,4,300,14.413333333333334,7,4,129.72
14866.0,20,9050,146.50900709219857,11,20,20657.77
14867.0,19,992,20.577730496453903,186,19,2901.46
14868.0,13,2224,19.486261682242993,3,13,4170.06
14869.0,9,2126,10.721235521235522,4,9,2776.8
14870.0,9,478,26.008695652173916,262,9,1794.6000000000001
14871.0,9,454,6.263532338308458,3,9,1258.97
14872.0,4,614,18.242727272727276,481,4,802.6800000000001
14873.0,2,311,17.43122448979592,210,2,854.13
14874.0,1,148,19.363333333333333,535,1,116.18
14875.0,7,1327,30.554301075268818,9,7,2841.55
14876.0,2,162,19.746153846153845,521,2,256.7
14877.0,2,171,6.621212121212121,418,2,437.0
14878.0,28,2179,10.005826771653544,13,28,3812.2200000000003
14879.0,1,104,6.854074074074074,685,1,185.06
14880.0,3,373,15.025319148936171,77,3,706.19
14881.0,1,316,15.023529411764706,20,1,255.4
14882.0,15,1448,48.95071428571429,27,15,3426.55
14883.0,7,789,14.011851851851851,19,7,756.64
14884.0,1,72,15.075,669,1,120.6
14885.0,4,1284,46.75375,132,4,1496.12
14886.0,1,160,20.266666666666666,253,1,364.8
14887.0,1,1100,310.3333333333333,79,1,1862.0
14888.0,1,184,18.46,207,1,369.2
14889.0,1,90,13.59,336,1,135.9
14890.0,3,636,14.337719298245615,254,3,817.25
14891.0,4,788,17.56714285714286,148,4,1106.73
14892.0,1,79,15.565384615384618,691,1,202.35000000000002
14893.0,6,1034,16.202363636363636,10,6,1782.26
14894.0,5,591,28.82061224489796,85,5,1412.21
14895.0,48,10645,26.647247007616976,8,48,24488.82
14896.0,10,1100,6.689728813559322,205,10,1973.47
14897.0,9,1158,24.22453125,8,9,3100.74
14898.0,18,2222,10.690636942675159,23,18,3356.86
14899.0,1,586,10.108613138686133,395,1,1384.88
14900.0,1,48,13.919999999999998,522,1,13.919999999999998
14901.0,13,1049,13.31608187134503,11,13,2277.05
14902.0,5,703,15.388769230769231,21,5,1000.27
14903.0,10,1491,7.53978021978022,21,10,2744.48
14904.0,4,2549,11.393333333333334,2,4,1640.64
14905.0,10,987,23.94679012345679,154,10,1939.69
14906.0,3,-1,-22.326666666666668,445,3,-66.98
14907.0,23,2783,19.917287581699348,3,23,6094.6900000000005
14908.0,2,182,27.27857142857143,74,2,381.9
14909.0,5,886,16.84121951219512,428,5,1380.98
14910.0,7,221,11.138857142857143,3,7,389.86
14911.0,510,143741,23.271207267717216,1,510,270248.53
14912.0,11,1803,11.008529411764705,17,11,748.5799999999999
14913.0,8,3955,16.490404858299595,36,8,4073.13
14914.0,1,-3,-5.85,606,1,-5.85
14915.0,13,699,19.05054347826087,86,13,1752.65
14916.0,11,2379,20.63007142857143,71,11,2888.21
14917.0,2,891,38.75,597,2,1123.75
14918.0,9,2551,42.23978723404256,116,9,5955.81
14919.0,1,129,27.642307692307693,539,1,359.35
14920.0,3,886,16.568762886597938,213,3,1607.17
14921.0,2,953,16.872692307692308,30,2,1316.07
14922.0,2,376,16.8748,394,2,843.74
14923.0,1,418,17.025000000000002,51,1,749.1
14924.0,3,312,30.03258064516129,246,3,931.01
14925.0,1,-1,-7.95,731,1,-7.95
14926.0,3,189,84.4125,382,3,337.65
14927.0,1,196,15.41,397,1,308.2
14928.0,2,263,8.519166666666667,619,2,204.46
14929.0,2,487,24.608529411764707,32,2,836.69
14930.0,9,2192,18.023298245614036,109,9,5136.64
14931.0,6,416,22.96857142857143,5,6,964.6800000000001
14932.0,2,337,21.013469387755105,366,2,1029.66
14933.0,5,300,177.0,444,5,885.0
14934.0,9,1446,9.855241935483871,73,9,2444.1
14935.0,2,1931,109.60884615384614,297,2,2849.83
14936.0,14,6271,23.355584905660375,9,14,12378.46
14937.0,4,483,46.218,57,4,1617.63
14938.0,4,1361,30.124078947368417,502,4,2289.43
14939.0,1,-1,-934.66,631,1,-934.66
14940.0,2,384,16.6090625,418,2,531.49
14941.0,1,80,26.014285714285712,579,1,182.1
14942.0,5,353,35.327999999999996,402,5,706.56
14943.0,1,46,21.524,663,1,107.62
14944.0,24,4833,31.209419354838708,30,24,9674.92
14945.0,1,156,16.30909090909091,414,1,179.4
14946.0,1,22,33.63333333333333,14,1,100.9
14947.0,6,416,19.440555555555555,72,6,1049.79
14948.0,7,661,16.66515625,23,7,1066.57
14949.0,6,243,16.618333333333332,460,6,498.55
14950.0,2,135,18.0625,9,2,361.25
14951.0,1,311,15.5845,79,1,311.69
14952.0,43,6839,52.41413373860183,46,43,17244.25
14953.0,5,1008,3.866807692307692,25,5,1005.37
14954.0,2,219,3.9955555555555557,12,2,503.44
14955.0,1,74,5.282903225806452,733,1,163.77
14956.0,1,2500,331.25,421,1,1325.0
14957.0,2,105,11.492758620689656,253,2,333.29
14958.0,6,249,13.304722222222221,147,6,957.9399999999999
14959.0,5,491,11.229016393442624,59,5,684.97
14960.0,2,221,8.195185185185185,8,2,221.27
14961.0,28,8335,24.013088235294116,11,28,16328.9
14962.0,4,123,26.207857142857144,271,4,366.91
14963.0,13,2314,6.381070707070707,10,13,3158.63
14964.0,1,143,15.862307692307693,247,1,206.21
14965.0,2,365,7.216867469879518,96,2,599.0
14966.0,6,1098,6.974000000000001,15,6,1115.8400000000001
14967.0,7,651,56.01733333333333,50,7,1680.52
14968.0,2,258,5.941058823529412,30,2,504.99
14969.0,1,665,69.71000000000001,704,1,906.23
14970.0,16,763,28.294488188976377,68,16,3593.4
14971.0,3,644,6.9785625,35,3,1116.57
14972.0,2,40,7.2535,128,2,145.07
14973.0,3,369,41.0765625,107,3,1314.45
14974.0,1,44,5.4471428571428575,37,1,114.39
14975.0,2,507,18.168846153846154,57,2,472.39
14976.0,8,230,10.49123287671233,57,8,765.86
14977.0,1,17,7.982499999999999,726,1,31.929999999999996
14978.0,12,736,10.529966101694916,72,12,3106.34
14979.0,1,213,8.291698113207547,735,1,439.46
14980.0,1,79,6.278333333333333,737,1,150.68
14981.0,3,229,13.063333333333333,246,3,313.52
14982.0,1,125,6.096923076923077,572,1,237.78
14983.0,1,90,6.106666666666667,689,1,183.20000000000002
14984.0,6,350,22.703750000000003,19,6,1271.41
14985.0,2,260,3.410919540229885,198,2,296.75
14986.0,2,342,5.669,376,2,566.9
14987.0,9,639,90.68055555555556,16,9,1632.25
14988.0,7,1276,8.46967213114754,212,7,2066.6
14989.0,1,200,19.022222222222222,662,1,342.4
14990.0,2,130,7.102790697674419,612,2,305.42
14991.0,1,191,14.984285714285715,430,1,314.67
14992.0,1,145,7.796296296296297,442,1,210.5
14993.0,1,21,3.6130000000000004,564,1,36.13
14994.0,8,489,2.7697812500000003,382,8,886.33
14995.0,2,103,3.82344262295082,39,2,233.23000000000002
14996.0,2,404,10.787560975609756,481,2,442.28999999999996
14997.0,5,1390,19.77897435897436,46,5,771.38
14998.0,4,367,6.068740157480315,170,4,770.73
14999.0,1,88,14.386666666666665,593,1,129.48
15000.0,1,218,6.37038961038961,48,1,490.52
15001.0,2,81,4.275185185185185,394,2,230.85999999999999
15002.0,9,2518,13.019675675675675,116,9,4817.28
15003.0,7,543,3.0162857142857145,473,7,1055.7
15004.0,1,630,7.888101265822784,147,1,1246.32
15005.0,76,8752,5.401597331240189,16,76,13763.27
15006.0,2,416,3.986183574879227,51,2,825.14
15007.0,1,69,13.075833333333334,159,1,156.91
15008.0,2,1500,30.0,480,2,360.0
15009.0,3,642,6.932857142857142,12,3,1261.78
15010.0,1,184,15.447,36,1,308.94
15011.0,2,289,20.830000000000002,396,2,416.6
15012.0,3,479,3.374980392156863,54,3,860.62
15013.0,10,1747,4.623380281690141,488,10,1641.3
15014.0,2,151,7.433428571428572,43,2,260.17
15015.0,20,1563,7.389025974025975,501,20,2275.82
15016.0,6,244,5.657272727272727,173,6,622.3
15017.0,1,63,6.279,34,1,125.58
15018.0,4,209,15.338108108108107,39,4,567.51
15019.0,1,159,3.8,267,1,266.0
15020.0,1,112,7.265,379,1,203.42
15021.0,17,1179,3.684369863013699,9,17,2689.59
15022.0,5,656,7.701883116883116,12,5,1186.09
15023.0,23,5037,11.855088235294119,3,23,12092.19
15024.0,16,2201,10.985202156334232,10,16,4075.5099999999998
15025.0,2,515,6.938972602739726,33,2,1013.09
15026.0,5,673,7.582928571428571,80,5,1061.61
15027.0,13,2204,31.63872340425532,31,13,2974.04
15028.0,6,796,9.728655462184875,8,6,1157.71
15029.0,2,233,32.92272727272728,618,2,362.15000000000003
15030.0,9,1223,56.13314285714286,72,9,1964.66
15031.0,16,1436,6.435518018018017,4,16,2857.37
15032.0,10,7959,103.794140625,256,10,13285.65
15033.0,11,1692,5.0117348927875245,5,11,2571.02
15034.0,17,4777,10.756428571428572,16,17,8282.45
15035.0,1,245,9.36037037037037,90,1,252.73000000000002
15036.0,3,327,3.665748031496063,72,3,465.55
15037.0,2,301,8.385625,376,2,402.51
15038.0,10,411,4.424947735191638,43,10,1269.96
15039.0,107,18058,14.1434128113879,10,107,39742.99
15040.0,1,1,7.49,542,1,7.49
15041.0,2,197,2.7478504672897195,170,2,294.02
15042.0,2,238,35.05,199,2,315.45
15043.0,6,1031,55.26538461538462,31,6,2873.8
15044.0,47,5259,16.979131832797428,19,47,15841.53
15045.0,3,106,48.74307692307692,152,3,633.66
15046.0,28,4530,18.496048780487804,9,28,7583.38
15047.0,1,222,15.61909090909091,270,1,343.62
15048.0,5,215,3.960909090909091,65,5,479.27
15049.0,1,63,40.39000000000001,274,1,121.17000000000002
15050.0,7,2588,26.195379746835442,25,7,4138.87
15051.0,10,3041,13.471340206185566,23,10,3920.16
15052.0,1,82,7.192666666666667,319,1,215.78
15053.0,3,986,9.828028169014084,5,3,697.79
15054.0,2,198,2.6500000000000004,12,2,302.1
15055.0,3,230,6.589058823529412,475,3,560.07
15056.0,1,81,19.064285714285713,520,1,133.45
15057.0,6,1382,44.85295774647887,275,6,3184.56
15058.0,17,1657,9.433463687150837,25,17,3377.18
15059.0,27,1598,5.684278606965174,41,27,3427.62
15060.0,4,263,2.504876033057851,8,4,303.09
15061.0,138,79985,136.6648096192385,4,138,136391.48
15062.0,8,1872,16.26176100628931,71,8,2585.62
15063.0,1,56,74.16,213,1,370.79999999999995
15064.0,4,810,15.486543209876544,410,4,1254.41
15065.0,7,1418,19.55449704142012,38,7,3304.71
15066.0,2,279,14.350754716981132,32,2,760.59
15067.0,6,2162,21.59290502793296,78,6,3865.13
15068.0,4,835,5.325113122171945,46,4,1176.85
15069.0,1,520,15.850428571428571,179,1,1109.53
15070.0,3,383,24.801470588235293,373,3,843.25
15071.0,4,416,26.954814814814814,94,4,1455.56
15072.0,1,164,14.424615384615382,479,1,187.51999999999998
15073.0,9,1196,13.022320441988951,10,9,2357.04
15074.0,3,1063,21.45657534246575,105,3,1566.33
15075.0,1,447,28.63074074074074,78,1,773.03
15076.0,5,864,17.388292682926828,173,5,1425.84
15077.0,4,526,71.29058823529412,456,4,2423.88
15078.0,64,8906,21.645960591133004,7,64,17576.52
15079.0,17,1484,23.939935064935064,213,17,3686.75
15080.0,2,287,17.620967741935484,428,2,546.25
15081.0,13,804,17.55198198198198,22,13,1948.27
15082.0,1,43,15.558333333333335,669,1,93.35000000000001
15083.0,1,38,17.639999999999997,257,1,88.19999999999999
15084.0,2,600,31.13548387096774,380,2,965.1999999999999
15085.0,1,169,38.61555555555556,730,1,347.54
15086.0,2,95,19.86636363636364,565,2,218.53000000000003
15087.0,1,470,20.462666666666667,282,1,306.94
15088.0,3,457,19.0045,21,3,1140.27
15089.0,6,1359,16.69544827586207,10,6,2420.84
15090.0,1,208,16.57913043478261,308,1,381.32
15091.0,6,574,17.051833333333335,54,6,1023.11
15092.0,4,228,16.80782608695652,215,4,773.16
15093.0,34,11530,39.473641618497105,18,34,13657.88
15094.0,2,28,16.6,463,2,83.0
15095.0,11,2231,24.886825396825394,104,11,3135.74
15096.0,1,120,19.94454545454545,43,1,219.39
15097.0,5,298,8.633088235294117,4,5,587.05
15098.0,5,60,129.9,182,5,649.5
15099.0,1,343,17.84695652173913,84,1,410.48
15100.0,14,278,89.21153846153847,330,14,2319.5
15101.0,11,655,20.36703125,9,11,1303.49
15102.0,2,339,20.543333333333333,531,2,554.67
15103.0,2,329,20.096,31,2,703.36
15104.0,3,635,14.120281690140844,167,3,1002.54
15105.0,9,1747,20.496092715231786,18,9,3094.91
15106.0,7,1144,13.801274509803921,18,7,1407.73
15107.0,12,347,16.155849056603774,311,12,856.26
15108.0,5,497,21.17622950819672,142,5,1291.75
15109.0,4,254,18.86078431372549,241,4,961.9
15110.0,9,331,25.517241379310345,24,9,1480.0
15111.0,5,1164,18.08523178807947,29,5,2730.87
15112.0,1,72,29.914285714285715,611,1,209.4
15113.0,4,2362,34.05356435643564,10,4,3439.41
15114.0,12,3532,14.7191341991342,30,12,3400.12
15115.0,3,244,14.669444444444444,18,3,528.1
15116.0,4,648,30.06111111111111,18,4,1352.75
15117.0,9,3092,18.82060606060606,15,9,2484.32
15118.0,1,1440,244.8,134,1,244.8
15119.0,1,88,19.02857142857143,246,1,266.4
15120.0,2,292,15.628181818181817,130,2,343.82
15121.0,2,199,16.347142857142856,50,2,457.71999999999997
15122.0,16,2019,18.904322033898307,85,16,4461.42
15123.0,5,2524,25.443551912568307,7,5,4656.17
15124.0,4,462,14.54258064516129,23,4,450.82
15125.0,36,8135,61.77904214559387,25,36,16124.33
15126.0,2,273,17.9796,537,2,449.49
15127.0,2,464,25.410714285714285,66,2,711.5
15128.0,9,1566,13.122878787878788,60,9,1732.22
15129.0,23,4002,33.14096618357488,50,23,6860.18
15130.0,1,197,15.005,170,1,330.11
15131.0,1,88,11.468571428571428,395,1,80.28
15132.0,5,679,18.806346153846157,18,5,977.9300000000001
15133.0,5,960,36.875510204081635,128,5,1806.9
15134.0,10,1057,18.779882352941176,15,10,1596.29
15135.0,3,82,13.989523809523808,233,3,293.78
15136.0,5,775,18.586231884057973,3,5,1282.45
15137.0,5,507,18.68875,521,5,747.55
15138.0,2,278,14.745151515151516,385,2,486.59000000000003
15139.0,2,208,13.766153846153847,240,2,178.96
15140.0,9,2005,28.667610619469027,52,9,3239.44
15141.0,9,1184,16.606144578313252,458,9,1378.31
15142.0,7,2154,18.244545454545452,46,7,2608.97
15143.0,2,320,18.181612903225805,226,2,563.63
15144.0,33,5205,34.012776203966006,8,33,12006.51
15145.0,4,756,17.83179104477612,4,4,1194.73
15146.0,3,1459,13.828000000000001,165,3,1313.66
15147.0,2,363,20.98793103448276,219,2,608.65
15148.0,1,187,15.0645,11,1,301.29
15149.0,5,380,22.530579710144927,134,5,1554.61
15150.0,14,6158,15.608645833333334,17,14,8990.58
15151.0,2,795,36.58964912280702,423,2,2085.61
15152.0,18,2983,16.876525974025974,10,18,5197.97
15153.0,1,198,14.965909090909092,31,1,329.25
15154.0,4,342,6.832102564102564,74,4,1332.26
15155.0,1,192,15.99875,383,1,383.96999999999997
15156.0,3,597,17.481636363636365,1,3,961.49
15157.0,7,3316,16.172125,4,7,2587.54
15158.0,3,210,33.66615384615385,45,3,437.65999999999997
15159.0,38,13465,26.889512195121952,2,38,22049.4
15160.0,4,307,25.620434782608694,357,4,589.27
15161.0,1,144,3.633939393939394,388,1,119.92
15162.0,2,66,15.09375,729,2,241.5
15163.0,2,186,10.49896551724138,18,2,304.47
15164.0,10,929,5.652947658402204,69,10,2052.02
15165.0,1,320,18.064814814814813,373,1,975.5
15166.0,1,140,13.93,468,1,167.16
15167.0,5,872,5.3024600638977635,321,5,1659.67
15168.0,1,52,21.312,26,1,106.56
15169.0,2,356,9.647796610169491,382,2,569.22
15170.0,1,33,20.2875,407,1,81.15
15171.0,2,190,147.78571428571428,325,2,1034.5
15172.0,5,1611,14.764090909090909,9,5,1624.05
15173.0,8,828,15.900681818181818,381,8,1399.26
15174.0,2,382,14.160588235294119,323,2,481.46000000000004
15175.0,1,454,9.745217391304347,72,1,224.14
15176.0,2,447,18.586603773584905,597,2,985.09
15177.0,1,485,36.49730769230769,426,1,948.9300000000001
15178.0,1,30,13.5,260,1,40.5
15179.0,17,5363,23.064658385093168,18,17,7426.82
15180.0,3,690,15.593620689655173,367,3,904.4300000000001
15181.0,8,637,39.51875,66,8,948.4499999999999
15182.0,14,1174,22.99025,154,14,2942.752
15183.0,4,295,16.33410256410256,548,4,637.03
15184.0,4,486,8.117058823529412,29,4,689.95
15185.0,1,666,14.791428571428572,70,1,310.62
15186.0,5,716,26.984615384615385,14,5,1403.2
15187.0,18,1869,50.215913978494626,2,18,4670.08
15188.0,1,233,13.496956521739131,725,1,310.43
15189.0,58,6788,65.52157088122605,1,58,17101.13
15190.0,1,790,20.860999999999997,434,1,834.4399999999999
15191.0,3,287,16.80142857142857,463,3,588.05
15192.0,5,1644,18.69235849056604,120,5,1981.39
15193.0,1,144,26.28,61,1,499.32
15194.0,39,9080,23.483005780346822,3,39,12187.68
15195.0,1,1404,3861.0,3,1,3861.0
15196.0,2,131,7.354651162790698,433,2,316.25
15197.0,10,1037,21.633939393939393,9,10,1427.84
15198.0,6,325,17.4828125,92,6,559.45
15199.0,10,894,61.22352941176471,59,10,3122.4
15200.0,1,195,18.301666666666666,495,1,549.05
15201.0,14,1409,11.648091603053436,79,14,1525.9
15202.0,8,-2,-321.27250000000004,420,8,-2570.1800000000003
15203.0,15,4182,12.828513119533529,26,15,4400.18
15204.0,1,258,35.175555555555555,357,1,316.58
15205.0,3,377,17.074473684210528,85,3,648.83
15206.0,4,162,46.699999999999996,10,4,420.29999999999995
15207.0,5,398,24.213703703703704,410,5,653.77
15208.0,7,354,19.75551020408163,1,7,968.02
15209.0,1,94,13.767692307692307,730,1,178.98
15210.0,3,841,17.55507462686567,225,3,1176.19
15211.0,2,357,17.033066666666667,60,2,1277.48
15212.0,3,81,16.285833333333333,239,3,195.42999999999998
15213.0,3,270,13.002,319,3,325.05
15214.0,8,1254,15.104000000000001,2,8,1661.44
15215.0,11,470,9.411698113207548,45,11,1496.46
15216.0,2,217,20.25375,88,2,486.09000000000003
15217.0,1,190,15.222857142857142,563,1,426.24
15218.0,25,6520,27.941463414634146,11,25,11456.0
15219.0,2,271,26.36346153846154,176,2,685.45
15220.0,7,1377,14.780840336134455,52,7,1758.92
15221.0,7,239,36.322,366,7,1816.1000000000001
15222.0,17,4141,21.75579617834395,319,17,3415.66
15223.0,6,270,24.28478260869565,226,6,1117.1
15224.0,8,423,20.9315,358,8,837.26
15225.0,1,226,17.8,234,1,409.40000000000003
15226.0,1,71,19.30125,311,1,154.41
15227.0,9,1217,20.737416666666668,37,9,2488.4900000000002
15228.0,7,3372,23.704340425531914,66,7,5570.5199999999995
15229.0,1,114,17.833333333333332,586,1,160.5
15230.0,2,351,18.678260869565218,239,2,429.6
15231.0,2,182,13.432941176470587,596,2,228.35999999999999
15232.0,2,686,19.743870967741934,113,2,612.06
15233.0,1,12,59.400000000000006,401,1,59.400000000000006
15234.0,1,196,14.071428571428571,277,1,197.0
15235.0,16,1735,15.710213903743314,218,16,2937.81
15236.0,1,269,21.403333333333332,299,1,321.05
15237.0,4,1071,14.265858585858584,2,4,1412.32
15238.0,5,689,20.318076923076923,29,5,1056.54
15239.0,3,591,14.698846153846155,10,3,764.34
15240.0,20,3152,17.612244897959183,45,20,4315.0
15241.0,12,3325,16.390864864864863,67,12,3032.31
15242.0,1,196,75.51,422,1,302.04
15243.0,2,543,15.201311475409836,74,2,927.28
15244.0,4,470,17.003600000000002,65,4,850.1800000000001
15245.0,8,3021,31.154324324324325,134,8,4610.84
15246.0,3,359,15.301960784313724,238,3,780.4
15247.0,4,513,53.72833333333333,122,4,967.11
15248.0,4,1057,16.80207207207207,411,4,1865.03
15249.0,21,4947,17.79601167315175,32,21,9147.15
15250.0,1,48,20.0,641,1,60.0
15251.0,31,11980,81.68943089430894,9,31,20095.6
15252.0,7,1415,16.967438016528924,36,7,2053.06
15253.0,12,1577,16.80404958677686,16,12,2033.29
15254.0,4,710,15.78529411764706,127,4,1073.4
15255.0,11,2207,19.019533678756478,67,11,3670.77
15256.0,2,92,17.04,149,2,170.4
15257.0,3,70,46.223076923076924,281,3,600.9
15258.0,2,142,18.328235294117647,169,2,623.16
15259.0,4,631,20.743508771929825,513,4,1182.38
15260.0,30,4685,22.52074257425743,100,30,9098.380000000001
15261.0,4,806,16.391304347826086,135,4,1508.0
15262.0,3,218,16.108461538461537,324,3,418.82
15263.0,1,89,13.042499999999999,107,1,156.51
15264.0,3,441,14.810526315789474,64,3,844.2
15265.0,4,1570,17.334922279792746,151,4,3345.64
15266.0,6,235,18.297826086956523,338,6,841.7
15267.0,5,944,156.12363636363636,22,5,1717.36
15268.0,4,422,34.861111111111114,479,4,941.25
15269.0,3,372,35.010285714285715,24,3,1225.3600000000001
15270.0,31,3632,36.51771573604061,16,31,7193.99
15271.0,26,2488,7.387404458598726,7,26,4639.29
15272.0,6,687,6.793094462540717,57,6,2085.48
15273.0,1,216,228.96,600,1,228.96
15274.0,2,619,15.246170212765959,4,2,716.57
15275.0,2,497,14.50452380952381,31,2,609.19
15276.0,5,327,3.2527319587628867,66,5,631.03
15277.0,2,373,18.32076923076923,47,2,476.34
15278.0,4,458,17.10896551724138,562,4,496.15999999999997
15279.0,7,734,15.573131313131313,355,7,1541.74
15280.0,3,513,6.659344262295082,172,3,406.21999999999997
15281.0,22,5181,15.289742647058825,59,22,8317.62
15282.0,1,395,12.91074074074074,570,1,348.59
15283.0,4,25,13.543000000000001,390,4,135.43
15284.0,1,5,24.75,500,1,24.75
15285.0,1,120,15.82,408,1,94.92
15286.0,1,55,80.18333333333334,50,1,240.55
15287.0,6,1009,23.096756756756758,22,6,854.58
15288.0,10,1404,21.45375690607735,43,10,3883.13
15289.0,7,1609,15.865757575757575,29,7,1570.71
15290.0,30,6496,34.403920265780734,5,30,10355.58
15291.0,53,4668,50.379176029962544,26,53,13451.24
15292.0,1,56,7.2376,201,1,180.94
15293.0,1,178,13.026315789473685,666,1,247.5
15294.0,2,95,13.076470588235296,400,2,222.3
15295.0,1,151,4.098867924528301,654,1,217.23999999999998
15296.0,20,5438,18.69091407678245,44,20,10223.93
15297.0,4,290,15.488780487804878,10,4,635.04
15298.0,29,5894,18.44598233995585,2,29,8356.03
15299.0,15,5443,362.181,67,15,7243.62
15300.0,1,292,17.73,64,1,496.44
15301.0,19,4283,19.690651041666666,51,19,7561.21
15302.0,2,101,18.190625,722,2,291.05
15303.0,4,510,16.602535211267604,290,4,1178.78
15304.0,11,129,28.2953125,61,11,905.45
15305.0,1,40,18.72,555,1,93.6
15306.0,10,3073,21.35570552147239,64,10,3480.98
15307.0,1,37,17.108333333333334,96,1,205.3
15308.0,2,173,14.393809523809523,271,2,302.27
15309.0,10,417,11.73,611,10,715.53
15310.0,1,1476,36.32533333333333,479,1,1634.64
15311.0,270,69727,24.064674581301677,1,270,113513.07
15312.0,14,1689,17.675696969696972,75,14,2916.4900000000002
15313.0,1,25,52.0,110,1,52.0
15314.0,4,738,15.699019607843137,199,4,800.65
15315.0,3,838,14.514210526315788,64,3,551.54
15316.0,1,100,165.0,327,1,165.0
15317.0,2,39,18.675,677,2,112.05000000000001
15318.0,1,642,9.473333333333333,4,1,312.62
15319.0,1,175,12.78125,284,1,204.5
15320.0,1,326,7.420277777777778,44,1,267.13
15321.0,18,3614,19.94118541033435,49,18,6560.650000000001
15322.0,3,920,14.601666666666668,64,3,1314.15
15323.0,4,139,8.672972972972975,533,4,320.90000000000003
15324.0,1,74,17.527500000000003,701,1,140.22000000000003
15325.0,9,1375,7.065530973451327,104,9,1596.81
15326.0,10,1320,10.478219178082192,334,10,1529.82
15327.0,1,116,20.875,53,1,208.75
15328.0,1,88,13.405000000000001,408,1,107.24000000000001
15329.0,20,1155,15.41,35,20,2742.98
15330.0,2,1312,54.99692307692308,32,2,714.96
15331.0,4,697,16.42195652173913,500,4,755.41
15332.0,6,2958,34.675873015873016,366,6,6553.74
15333.0,1,344,64.285,208,1,1028.56
15334.0,3,274,3.5522222222222224,157,3,351.67
15335.0,1,80,4.8325,54,1,173.97
15336.0,1,84,16.033333333333335,402,1,240.5
15337.0,2,192,14.363333333333335,403,2,344.72
15338.0,1,150,4.723833333333333,677,1,283.43
15339.0,11,1100,7.043491379310344,66,11,1634.09
15340.0,1,76,15.071428571428571,562,1,105.5
15341.0,3,1006,96.0408,81,3,2401.02
15342.0,2,276,15.067692307692308,116,2,391.76
15343.0,1,84,17.357142857142858,87,1,364.5
15344.0,5,106,14.893125,1,5,476.58
15345.0,2,78,15.986521739130435,35,2,367.69
15346.0,4,257,15.569736842105263,333,4,591.65
15347.0,6,666,31.020930232558143,366,6,1333.9
15348.0,1,84,17.56,72,1,158.04
15349.0,2,327,6.580694444444444,158,2,473.81
15350.0,2,323,18.95,373,2,663.25
15351.0,15,1458,9.365751295336787,12,15,3615.18
15352.0,1,43,3.1067567567567567,549,1,114.95
15353.0,8,1549,8.128994845360825,255,8,3154.05
15354.0,7,-1,-13.542857142857143,599,7,-94.8
15355.0,2,45,19.789285714285715,29,2,277.05
15356.0,13,2015,4.589337748344371,31,13,3464.95
15357.0,1,-1,-36.75,682,1,-36.75
15358.0,55,15219,14.615755208333333,5,55,16837.35
15359.0,9,130,9.564705882352941,555,9,162.6
15360.0,1,223,32.917692307692306,40,1,427.93
15361.0,4,373,68.90700000000001,362,4,689.07
15362.0,2,368,15.327000000000002,449,2,613.08
15363.0,3,526,19.156923076923075,241,3,996.16
15364.0,2,493,31.489310344827587,96,2,913.19
15365.0,15,1805,14.012784313725492,26,15,3573.26
15366.0,7,2447,17.312173913043477,75,7,2389.08
15367.0,13,2936,17.813985765124556,57,13,5005.7300000000005
15368.0,2,406,90.3425,21,2,722.74
15369.0,13,1755,16.474903846153843,144,13,1713.3899999999999
15370.0,9,1395,25.61041379310345,41,9,3713.51
15371.0,1,12,59.400000000000006,662,1,59.400000000000006
15372.0,10,6336,99.24033333333334,137,10,5954.42
15373.0,18,745,15.624223300970874,8,18,3218.59
15374.0,2,290,30.732,129,2,307.32
15375.0,1,84,10.16,690,1,60.96
15376.0,3,619,10.54153846153846,40,3,1233.36
15377.0,5,249,53.63409090909091,383,5,1179.95
15378.0,2,130,20.541666666666668,463,2,246.5
15379.0,9,2988,18.137509433962265,169,9,4806.4400000000005
15380.0,13,1014,61.11071428571429,9,13,3422.2000000000003
15381.0,6,801,75.50479999999999,214,6,1887.62
15382.0,20,9130,21.256230529595015,15,20,13646.5
15383.0,1,-1,-10.5,682,1,-10.5
15384.0,5,1761,16.512213114754097,170,5,2014.49
15385.0,3,428,44.860952380952384,40,3,942.08
15386.0,1,446,12.714193548387096,186,1,394.14
15387.0,1,335,23.432499999999997,492,1,468.65
15388.0,1,88,14.053999999999998,270,1,140.54
15389.0,5,3940,455.6333333333334,172,5,2733.8
15390.0,2,894,15.800779220779221,396,2,1216.66
15391.0,2,108,21.763076923076923,571,2,282.92
15392.0,8,2132,19.94358620689655,5,8,2891.82
15393.0,5,378,20.257727272727273,16,5,891.34
15394.0,13,2368,22.93187772925764,10,13,5251.4
15395.0,1,17,15.35,326,1,107.45
15396.0,2,278,49.77375,113,2,796.38
15397.0,1,20,15.666666666666666,290,1,94.0
15398.0,3,767,18.10310810810811,16,3,1339.63
15399.0,3,611,16.3154,1,3,815.77
15400.0,9,632,44.74285714285714,92,9,1252.8
15401.0,2,93,15.496428571428572,452,2,216.95000000000002
15402.0,7,2032,13.658947368421053,149,7,1816.64
15403.0,2,492,21.36,492,2,170.88
15404.0,1,334,16.06625,376,1,257.06
15405.0,2,348,21.994666666666667,189,2,659.84
15406.0,6,529,7.021811023622047,18,6,891.77
15407.0,4,558,6.90483660130719,34,4,1056.44
15408.0,1,106,7.858235294117647,264,1,267.18
15409.0,2,54,9.766666666666667,702,2,117.2
15410.0,10,1902,28.9241975308642,84,10,4685.72
15411.0,5,528,13.4638,26,5,1346.38
15412.0,1,108,19.053,171,1,190.53
15413.0,7,2692,-93.75481481481481,430,7,-2531.3799999999997
15414.0,3,443,19.869230769230768,10,3,774.9
15415.0,1,575,11.933541666666668,313,1,572.8100000000001
15416.0,9,2418,19.80282608695652,65,9,4554.65
15417.0,1,284,18.17142857142857,85,1,508.8
15418.0,2,266,6.555362318840579,425,2,452.32
15419.0,1,230,16.982499999999998,25,1,135.85999999999999
15420.0,6,844,13.267857142857142,434,6,743.0
15421.0,10,1927,12.042215189873419,59,10,3805.34
15422.0,8,709,13.347272727272728,323,8,1615.02
15423.0,4,193,12.890588235294118,38,4,219.14
15424.0,3,873,18.114545454545453,254,3,597.78
15425.0,4,1042,13.503958333333333,400,4,1944.57
15426.0,11,1208,4.7752302025782685,19,11,2592.95
15427.0,3,1013,4.84686274509804,33,3,1483.14
15428.0,4,347,17.335227272727273,15,4,762.75
15429.0,3,369,4.396385542168675,27,3,364.90000000000003
15430.0,3,301,22.04268292682927,468,3,903.75
15431.0,1,84,76.62,503,1,153.24
15432.0,4,90,16.736666666666665,23,4,301.26
15433.0,3,399,7.88433962264151,79,3,417.87
15434.0,13,1413,18.108705035971223,8,13,2517.11
15435.0,1,54,5.147931034482759,22,1,149.29
15436.0,3,613,3.4119452887537993,12,3,1122.53
15437.0,2,177,6.902631578947368,262,2,393.45
15438.0,1,59,6.263199999999999,131,1,156.57999999999998
15439.0,4,572,22.264035087719297,405,4,1269.05
15440.0,3,197,6.188387096774194,55,3,383.68
15441.0,3,587,22.003684210526316,396,3,1254.21
15442.0,1,120,297.0,249,1,594.0
15443.0,16,2696,7.85889400921659,2,16,5116.14
15444.0,2,764,6.476073059360731,9,2,1418.26
15445.0,2,118,20.321428571428573,264,2,284.5
15446.0,5,263,3.4383620689655174,377,5,398.85
15447.0,6,227,16.164333333333335,331,6,484.93
15448.0,2,487,16.09816326530612,313,2,788.81
15449.0,5,810,15.66483870967742,26,5,971.22
15450.0,1,376,14.328,30,1,429.84
15451.0,2,79,3.701746031746032,434,2,233.21
15452.0,6,1091,8.906485148514852,30,6,1799.1100000000001
15453.0,7,845,4.854440559440559,2,7,1388.37
15454.0,2,148,7.504634146341464,362,2,307.69
15455.0,1,3,19.125,598,1,38.25
15456.0,10,2826,9.214217391304349,283,10,2119.27
15457.0,1,132,4.087413793103448,262,1,237.07
15458.0,2,300,28.495384615384612,25,2,370.43999999999994
15459.0,2,121,28.975714285714282,417,2,202.82999999999998
15460.0,1,109,3.7372413793103445,354,1,216.76
15461.0,3,226,78.25999999999999,461,3,391.29999999999995
15462.0,4,495,17.976829268292683,94,4,737.05
15463.0,1,106,18.02,29,1,126.14
15464.0,1,350,6.680573248407643,338,1,1048.85
15465.0,39,2727,45.11494464944649,20,39,12226.15
15466.0,4,944,5.928339622641509,85,4,1571.01
15467.0,4,306,9.658113207547169,9,4,511.88
15468.0,7,1390,15.766818181818183,35,7,1387.48
15469.0,6,280,17.7531914893617,43,6,834.4
15470.0,1,232,15.855,576,1,63.42
15471.0,3,683,8.126913580246914,2,3,1316.56
15472.0,1,251,4.888947368421053,113,1,371.56
15473.0,11,656,102.3529411764706,14,11,1740.0
15474.0,1,56,8.155000000000001,596,1,163.10000000000002
15475.0,1,319,15.658965517241377,77,1,454.10999999999996
15476.0,5,1168,27.253500000000003,380,5,2180.28
15477.0,1,216,184.2,650,1,368.4
15478.0,3,904,28.520845070422535,40,3,2024.98
15479.0,1,38,16.37777777777778,733,1,147.4
15480.0,7,1850,16.554147465437786,116,7,3592.25
15481.0,1,1450,52.456315789473685,401,1,1993.34
15482.0,24,4509,45.295139664804466,16,24,8107.83
15483.0,10,944,2.9731034482758623,161,10,862.2
15484.0,7,4060,19.110743801652895,1,7,4624.8
15485.0,8,2566,34.08793939393939,30,8,5624.51
15486.0,1,40,102.0,527,1,102.0
15487.0,1,144,16.52285714285714,680,1,231.32
15488.0,5,251,39.265454545454546,93,5,431.92
15489.0,12,1225,18.921626016260163,23,12,2327.36
15490.0,2,75,6.486206896551724,430,2,188.1
15491.0,7,1624,19.940967741935484,95,7,3090.85
15492.0,2,483,18.841714285714282,28,2,659.4599999999999
15493.0,11,1255,6.565076687116565,33,11,4280.43
15494.0,6,3096,9.923552631578946,21,6,3770.95
15495.0,1,194,12.325,379,1,246.5
15496.0,1,98,6.6427272727272735,631,1,146.14000000000001
15497.0,11,2932,70.2720325203252,18,11,8643.46
15498.0,55,12573,24.150617408906886,1,55,23860.81
15499.0,1,60,3.8476190476190473,724,1,161.6
15500.0,4,572,16.640588235294118,8,4,1131.56
15501.0,2,206,5.75,405,2,402.5
15502.0,27,5366,20.75007177033493,16,27,8673.53
15503.0,2,136,2.171951219512195,363,2,267.15
15504.0,5,147,5.912857142857143,81,5,413.9
15505.0,7,2348,35.32464646464646,53,7,3497.14
15506.0,6,1647,7.338237410071942,23,6,2040.03
15507.0,1,162,10.703478260869565,172,1,492.36
15508.0,6,440,10.8725,189,6,1000.27
15509.0,1,72,5.741724137931034,380,1,166.51
15510.0,1,2,250.0,331,1,250.0
15511.0,5,271,5.6826875,12,5,909.23
15512.0,4,235,10.361875,156,4,331.58
15513.0,41,10615,47.4164347826087,31,41,27264.45
15514.0,20,3877,14.269157894736841,12,20,5422.28
15515.0,1,131,24.544285714285714,387,1,171.81
15516.0,3,27,4.162,45,3,62.43
15517.0,1,293,9.889999999999999,233,1,267.03
15518.0,23,2772,8.84435344827586,64,23,4103.78
15519.0,2,116,9.313783783783784,383,2,344.61
15520.0,1,314,19.083333333333332,2,1,343.5
15521.0,24,4350,15.778817966903071,36,24,6674.44
15522.0,2,573,6.99719298245614,33,2,398.84
15523.0,18,15850,77.56774774774775,84,18,17220.04
15524.0,2,28,65.71111111111111,25,2,591.4
15525.0,5,678,4.90727969348659,2,5,1280.8
15526.0,2,24,37.11,33,2,148.44
15527.0,31,2095,14.20219718309859,19,31,5041.78
15528.0,1,123,8.820384615384615,254,1,229.33
15529.0,13,4481,6.261699507389163,23,13,5084.5
15530.0,5,1340,12.683356643356644,22,5,1813.72
15531.0,2,1105,8.804561403508773,8,2,2007.44
15532.0,12,1336,5.848659305993691,25,12,3708.05
15533.0,5,256,8.685116279069767,19,5,746.92
15534.0,1,63,20.28125,726,1,162.25
15535.0,10,307,7.092230215827339,173,10,985.82
15536.0,1,242,16.193125,409,1,259.09
15537.0,1,29,4.621666666666667,163,1,110.92
15538.0,11,988,91.73181818181818,538,11,3027.15
15539.0,1,410,13.133170731707319,7,1,538.46
15540.0,2,444,14.860645161290323,11,2,460.68
15541.0,1,49,2.9355172413793107,114,1,85.13000000000001
15542.0,4,452,3.5271653543307084,512,4,895.9
15543.0,2,169,4.186896551724138,288,2,242.84
15544.0,26,7006,14.447815275310834,9,26,8134.12
15545.0,2,238,3.821875,54,2,428.05
15546.0,3,99,29.975000000000005,607,3,539.5500000000001
15547.0,28,7360,7.456536764705882,7,28,10140.89
15548.0,1,64,6.8734782608695655,596,1,158.09
15549.0,9,930,14.162331288343559,77,9,2308.46
15550.0,14,1136,8.212345679012346,4,14,1995.6000000000001
15551.0,9,806,10.844967320261437,37,9,1659.28
15552.0,2,166,8.417333333333334,217,2,252.52
15553.0,1,451,7.807678571428572,60,1,437.23
15554.0,1,74,15.514285714285714,278,1,217.2
15555.0,46,8732,6.7806466512702075,12,46,11744.08
15556.0,1,236,9.024838709677418,24,1,279.77
15557.0,1,219,23.6825,29,1,473.65000000000003
15558.0,2,62,5.512692307692307,639,2,143.32999999999998
15559.0,1,526,17.893548387096775,568,1,1109.4
15560.0,2,72,15.352,398,2,153.52
15561.0,9,1323,19.338958333333334,12,9,1856.54
15562.0,3,561,19.80529411764706,352,3,673.38
15563.0,11,2966,10.534886363636364,9,11,2781.21
15564.0,2,42,17.685000000000002,463,2,70.74000000000001
15565.0,2,60,21.645,50,2,173.16
15566.0,2,153,18.989166666666666,393,2,227.87
15567.0,1,223,26.572857142857142,19,1,186.01
15568.0,3,461,14.307358490566036,3,3,758.29
15569.0,10,1736,25.255985915492957,104,10,3586.35
15570.0,27,4269,11.646083123425692,7,27,9246.99
15571.0,14,2506,6.380519685039371,12,14,4051.63
15572.0,10,2148,11.428848314606741,5,10,4068.67
15573.0,5,780,5.487181818181819,32,5,1207.18
15574.0,7,849,3.948395721925134,178,7,1476.7
15575.0,1,6,10.033333333333333,620,1,30.1
15576.0,1,404,20.90377777777778,38,1,940.6700000000001
15577.0,5,121,6.633,151,5,397.98
15578.0,1,52,9.776923076923076,162,1,127.1
15579.0,7,647,7.241428571428571,69,7,1267.25
15580.0,14,906,4.73624031007752,377,14,1221.95
15581.0,43,3082,7.618633377135348,121,43,5797.78
15582.0,3,453,15.52068181818182,25,3,682.9100000000001
15583.0,1,63,2.344782608695652,376,1,107.86
15584.0,7,485,5.6415929203539825,24,7,1275.0
15585.0,1,320,14.687096774193549,177,1,455.3
15586.0,4,1302,28.94,591,4,1128.66
15587.0,7,528,108.72000000000001,50,7,1522.0800000000002
15588.0,1,96,144.9,678,1,579.6
15589.0,4,242,15.219333333333333,253,4,456.58
15590.0,6,831,16.66375,289,6,1466.41
15591.0,3,58,31.12857142857143,583,3,217.9
15592.0,1,354,16.190833333333334,47,1,388.58
15593.0,1,60,39.96,71,1,199.8
15594.0,6,982,16.99548076923077,16,6,1767.53
15595.0,1,144,89.4,488,1,357.6
15596.0,16,1353,16.16893048128342,101,16,3023.59
15597.0,3,390,14.592631578947367,30,3,554.52
15598.0,4,400,14.29,35,4,543.02
15599.0,3,1098,15.060963855421686,27,3,1250.06
15600.0,5,651,15.928513513513513,428,5,1178.71
15601.0,35,11050,16.953659090909092,11,35,14919.22
15602.0,25,2197,21.10617021276596,8,25,2975.9700000000003
15603.0,3,117,14.946000000000002,79,3,74.73
15604.0,1,159,12.728823529411764,52,1,216.39
15605.0,10,708,17.2625,36,10,1933.4
15606.0,19,1443,29.770251572327044,57,19,4733.47
15607.0,13,1434,13.726695652173913,337,13,1578.57
15608.0,5,1262,17.009333333333334,28,5,1785.98
15609.0,2,145,15.001666666666669,183,2,270.03000000000003
15610.0,1,66,18.743333333333336,52,1,112.46000000000001
15611.0,32,722,28.5837,10,32,2858.37
15612.0,2,52,32.525,36,2,195.15
15613.0,1,700,16.063703703703702,610,1,433.71999999999997
15614.0,7,1606,35.39835294117647,428,7,3008.86
15615.0,54,12055,23.284540481400438,10,54,21282.07
15616.0,1,137,24.393076923076926,438,1,317.11
15617.0,3,485,19.727380952380955,396,3,828.5500000000001
15618.0,5,428,15.245530612244897,33,5,747.031
15619.0,1,136,112.13333333333334,11,1,336.40000000000003
15620.0,8,1228,14.043602941176472,50,8,1909.93
15621.0,6,463,64.37611111111111,4,6,1158.77
15622.0,30,3961,15.84,3,30,7318.08
15623.0,8,1087,22.56527777777778,141,8,2437.05
15624.0,4,357,17.297941176470587,117,4,588.13
15625.0,14,2993,18.097457627118644,100,14,3203.25
15626.0,4,1133,12.797195121951217,75,4,1049.37
15627.0,2,344,23.620833333333334,457,2,566.9
15628.0,21,3797,17.294320987654324,5,21,5603.360000000001
15629.0,4,1518,29.102597402597404,450,4,2240.9
15630.0,4,986,18.215432098765433,45,4,1475.45
15631.0,1,525,15.299230769230768,642,1,596.67
15632.0,10,2049,17.78141242937853,16,10,3147.31
15633.0,18,2024,22.55897297297297,509,18,4173.41
15634.0,2,227,16.313235294117646,17,2,554.65
15635.0,1,5,50.175,396,1,100.35
15636.0,4,560,25.343508771929823,90,4,1444.58
15637.0,5,651,19.45341463414634,53,5,797.59
15638.0,9,1078,73.69655172413792,301,9,2137.2
15639.0,5,832,14.28236111111111,134,5,1028.33
15640.0,34,12336,30.40230867346939,4,34,23835.41
15641.0,12,4422,17.188263665594857,105,12,5345.55
15642.0,1,270,17.630000000000003,730,1,105.78000000000002
15643.0,6,242,17.983333333333334,179,6,647.4
15644.0,4,557,3.4159663865546217,166,4,813.0
15645.0,4,390,15.109710144927535,19,4,1042.57
15646.0,6,1045,11.071046511627907,158,6,952.11
15647.0,1,124,15.363636363636363,415,1,169.0
15648.0,4,213,21.425,204,4,599.9
15649.0,4,485,180.86249999999998,336,4,2170.35
15650.0,3,207,14.568378378378378,515,3,539.03
15651.0,5,871,20.984333333333332,37,5,1259.06
15652.0,6,657,13.446095238095237,91,6,1411.84
15653.0,2,1200,146.23999999999998,93,2,877.4399999999999
15654.0,2,475,43.93,9,2,922.53
15655.0,2,319,13.819459459459459,233,2,511.32
15656.0,4,343,15.925531914893616,45,4,748.5
15657.0,1,24,30.0,23,1,30.0
15658.0,13,664,17.070225563909776,190,13,2270.34
15659.0,3,161,25.356666666666666,44,3,532.49
15660.0,18,1880,16.752363636363636,25,18,2764.14
15661.0,8,779,27.635227272727274,317,8,1215.95
15662.0,2,145,23.644166666666667,661,2,283.73
15663.0,1,106,15.348888888888887,106,1,138.14
15664.0,7,511,16.383108108108107,51,7,1212.35
15665.0,5,2794,13.941388888888888,168,5,4015.12
15666.0,2,469,9.44686567164179,472,2,632.9399999999999
15667.0,1,240,23.178461538461537,40,1,301.32
15668.0,1,72,76.32000000000001,218,1,76.32000000000001
15669.0,5,339,19.36257142857143,40,5,677.69
15670.0,3,124,15.76,297,3,315.2
15671.0,10,1681,32.53691358024692,19,10,2635.4900000000002
15672.0,1,10,15.100000000000001,725,1,45.300000000000004
15673.0,10,3360,22.25638888888889,88,10,6409.84
15674.0,18,3444,16.625267379679144,73,18,6217.85
15675.0,4,624,15.486857142857142,81,4,542.04
15676.0,5,2231,15.389305555555556,9,5,3324.09
15677.0,3,675,18.13375,49,3,1305.6299999999999
15678.0,3,1067,19.524639175257732,53,3,1893.89
15679.0,4,1170,7.102545454545455,24,4,781.28
15680.0,12,3064,16.65850746268657,9,12,4464.4800000000005
15681.0,16,1126,24.079611650485436,18,16,2480.2
15682.0,3,221,12.191923076923077,599,3,316.99
15683.0,2,332,20.174615384615382,117,2,524.54
15684.0,6,72,10.557142857142859,547,6,147.8
15685.0,1,36,3.2929411764705883,450,1,55.980000000000004
15686.0,1,72,90.0,420,1,90.0
15687.0,11,1308,17.74702380952381,9,11,2981.5
15688.0,1,95,7.058148148148148,419,1,190.57
15689.0,3,207,21.70958333333333,120,3,521.03
15690.0,2,408,12.618947368421052,4,2,239.76
15691.0,5,202,34.12,252,5,511.8
15692.0,1,138,15.92,28,1,191.04
15693.0,1,30,37.5,659,1,37.5
15694.0,29,2615,64.82490797546012,1,29,10566.46
15695.0,4,484,19.170169491525424,267,4,1131.04
15696.0,21,1383,15.656125000000001,33,21,3757.4700000000003
15697.0,1,127,17.625,690,1,246.75
15698.0,1,60,23.1,624,1,46.2
15699.0,1,113,17.202777777777776,18,1,309.65
15700.0,3,328,7.4610112359550556,172,3,664.03
15701.0,4,923,6.506919831223629,2,4,1542.14
15702.0,2,103,4.679666666666666,476,2,140.39
15703.0,1,66,42.3,265,1,211.5
15704.0,8,1698,17.914736842105263,140,8,3744.1800000000003
15705.0,1,62,23.849999999999998,201,1,143.1
15706.0,7,305,16.979830508474578,60,7,1001.8100000000001
15707.0,4,605,4.418598130841121,35,4,945.58
15708.0,14,1661,10.597990196078433,41,14,4323.9800000000005
15709.0,2,169,12.142592592592594,284,2,327.85
15710.0,1,641,8.171545454545454,417,1,898.87
15711.0,2,199,16.81,557,2,420.25
15712.0,13,1276,20.76323353293413,9,13,3467.46
15713.0,6,506,15.650634920634921,143,6,985.99
15714.0,5,362,16.0165306122449,12,5,784.8100000000001
15715.0,5,246,17.316315789473684,556,5,658.02
15716.0,11,1821,9.376717791411043,146,11,3056.81
15717.0,5,224,25.291666666666668,234,5,607.0
15718.0,1,95,16.32166666666667,540,1,293.79
15719.0,39,5353,5.649030100334448,33,39,10134.36
15720.0,2,329,4.7865806451612904,24,2,741.92
15721.0,1,409,5.572307692307692,12,1,507.08
15722.0,15,2263,25.99010152284264,36,15,5120.05
15723.0,4,444,7.346124031007752,365,4,947.65
15724.0,5,114,14.99,201,5,299.8
15725.0,1,221,12.9765625,15,1,415.25
15726.0,1,123,13.99608695652174,390,1,321.91
15727.0,15,5942,13.610244956772334,17,15,9445.51
15728.0,3,98,25.612500000000004,49,3,409.80000000000007
15729.0,5,40,11.900000000000002,198,5,154.70000000000002
15730.0,7,1053,14.853739130434784,66,7,1708.18
15731.0,1,122,15.6625,554,1,125.3
15732.0,12,1352,15.30392523364486,212,12,1637.52
15733.0,1,62,16.23,283,1,162.3
15734.0,4,516,52.63488372093024,115,4,2263.3
15735.0,1,206,17.246315789473684,421,1,327.68
15736.0,3,1259,16.200660377358492,430,3,1717.27
15737.0,12,584,13.8420987654321,15,12,1121.21
15738.0,45,9264,26.630978043912176,19,45,13342.12
15739.0,1,472,56.14,66,1,449.12
15740.0,1,152,17.20888888888889,49,1,154.88
15741.0,2,70,17.385,458,2,208.62
15742.0,1,51,3.82609756097561,619,1,156.87
15743.0,4,216,8.914318181818182,16,4,784.46
15744.0,1,120,11.6,78,1,34.8
15745.0,6,412,16.480615384615383,9,6,1071.24
15746.0,2,130,6.308965517241379,134,2,182.96
15747.0,10,1369,11.586696832579184,13,10,2560.66
15748.0,3,262,16.615135135135134,40,3,614.76
15749.0,4,9014,1435.7266666666667,235,4,21535.9
15750.0,24,4565,10.048875375375376,3,24,6692.551
15751.0,14,437,9.842089552238805,461,14,1318.84
15752.0,10,2962,6.872487725040917,40,10,4199.09
15753.0,1,144,79.2,305,1,79.2
15754.0,12,1755,22.236,51,12,3001.86
15755.0,20,3999,15.54175392670157,1,20,5936.95
15756.0,4,242,2.7758333333333334,61,4,532.96
15757.0,6,1757,15.235025906735752,66,6,2940.36
15758.0,1,47,22.805555555555557,25,1,205.25
15759.0,10,518,40.549,218,10,810.98
15760.0,5,-1,-1159.174,631,5,-5795.87
15761.0,1,31,28.610000000000003,443,1,143.05
15762.0,2,251,15.777027027027026,65,2,583.75
15763.0,3,268,16.645555555555557,32,3,1048.67
15764.0,14,2925,17.194131274131273,81,14,4453.28
15765.0,1,335,14.8252,667,1,370.63
15766.0,4,330,28.559285714285714,64,4,799.66
15767.0,2,-50,-26.96666666666667,641,2,-242.70000000000002
15768.0,36,4256,12.537840451248991,116,36,15559.46
15769.0,51,47090,346.7875720164609,7,51,84269.38
15770.0,1,67,17.858333333333334,613,1,321.45
15771.0,3,512,35.94785714285714,604,3,1006.54
15772.0,1,110,17.555,418,1,280.88
15773.0,2,410,16.479148936170212,6,2,774.52
15774.0,7,472,11.615789473684211,69,7,1324.2
15775.0,2,260,16.72222222222222,245,2,150.5
15776.0,1,138,13.423333333333334,133,1,241.62
15777.0,9,595,42.247804878048775,241,9,1732.1599999999999
15778.0,1,101,18.11470588235294,431,1,307.95
15779.0,2,20,15.510000000000002,463,2,124.08000000000001
15780.0,3,220,16.38896551724138,184,3,475.28000000000003
15781.0,4,178,15.883809523809523,25,4,333.56
15782.0,6,1842,63.26428571428571,10,6,3985.65
15783.0,1,212,17.592857142857145,11,1,246.3
15784.0,2,381,19.72860465116279,468,2,848.33
15785.0,26,4427,23.874303278688526,30,26,5825.33
15786.0,9,5893,17.412551867219918,44,9,8392.85
15787.0,3,540,4.602184466019417,26,3,948.05
15788.0,2,112,14.368666666666666,501,2,215.53
15789.0,7,2475,13.800071428571428,358,7,1932.01
15790.0,1,114,6.31,10,1,220.85
15791.0,9,1949,19.67661111111111,44,9,3541.79
15792.0,2,606,16.383157894736843,400,2,933.84
15793.0,9,1684,76.8683870967742,9,9,2382.92
15794.0,2,288,51.8,736,2,777.0
15795.0,8,1411,15.11351145038168,150,8,1979.8700000000001
15796.0,22,1715,16.622350993377484,1,22,5019.95
15797.0,6,1281,235.09,113,6,2821.08
15798.0,3,915,18.49843373493976,493,3,1535.37
15799.0,4,1342,9.188967741935484,76,4,1424.29
15800.0,7,588,5.092540983606557,107,7,1242.58
15801.0,4,562,15.104202898550726,46,4,1042.19
15802.0,3,-1,-150.47333333333333,143,3,-451.42
15803.0,4,1030,37.836470588235294,51,4,1929.66
15804.0,19,2515,14.04580291970803,1,19,3848.55
15805.0,40,6107,17.399498207885305,23,40,9708.92
15806.0,3,602,25.309032258064516,46,3,784.58
15807.0,6,1531,20.309775280898876,50,6,1807.57
15808.0,24,7198,20.879668192219683,306,24,18248.83
15809.0,9,649,12.878805970149253,36,9,862.88
15810.0,13,1510,14.118134715025908,79,13,2724.8
15811.0,10,1912,12.162088607594937,17,10,3843.2200000000003
15812.0,13,3432,41.16007936507937,107,13,5186.17
15813.0,2,603,32.59775,208,2,1303.9099999999999
15814.0,8,1704,25.3184,3,8,2531.84
15815.0,5,1856,42.86938775510204,64,5,2100.6
15816.0,3,51,7.7749999999999995,542,3,93.3
15817.0,3,1596,18.2,421,3,2766.4
15818.0,1,284,30.954545454545453,588,1,340.5
15819.0,11,2913,14.815454545454546,49,11,3911.28
15820.0,1,128,12.17529411764706,320,1,206.98000000000002
15821.0,2,202,9.209032258064516,44,2,570.96
15822.0,8,938,24.693194444444444,3,8,1777.91
15823.0,6,1487,17.336342857142856,337,6,3033.86
15824.0,2,478,34.26692307692308,453,2,890.94
15825.0,1,220,26.647000000000002,172,1,532.94
15826.0,6,1811,21.348181818181818,51,6,2583.13
15827.0,42,1749,12.850037453183521,73,42,3430.96
15828.0,1,367,14.984054054054052,375,1,1108.82
15829.0,2,996,12.473333333333333,99,2,636.14
15830.0,2,409,13.358536585365854,29,2,547.7
15831.0,4,1097,10.837101449275362,58,4,747.76
15832.0,1,465,15.49611111111111,254,1,836.79
15833.0,1,24,16.080000000000002,738,1,80.4
15834.0,9,1812,9.40023498694517,70,9,3600.29
15835.0,4,439,19.0818,44,4,954.09
15836.0,2,24,9.789166666666667,45,2,117.47
15837.0,2,405,14.942499999999999,65,2,777.01
15838.0,38,45824,343.0098598130841,11,38,73404.11
15839.0,5,670,15.703692307692307,25,5,1020.74
15840.0,3,394,12.345,59,3,345.66
15841.0,12,2374,28.296875,64,12,2716.5
15842.0,3,288,18.883928571428573,388,3,528.75
15843.0,1,27,14.868750000000002,304,1,118.95000000000002
15844.0,1,134,11.885454545454543,46,1,130.73999999999998
15845.0,14,2085,23.10081081081081,18,14,4273.65
15846.0,1,79,3.6900000000000004,385,1,107.01
15847.0,5,643,17.136875,38,5,822.57
15848.0,1,46,3.998285714285714,622,1,139.94
15849.0,1,-1,-5876.34,596,1,-5876.34
15850.0,6,1379,3.169820359281437,19,6,1058.72
15851.0,1,67,13.716249999999999,527,1,109.72999999999999
15852.0,3,60,7.795757575757576,187,3,257.26
15853.0,1,135,3.6933333333333334,52,1,110.8
15854.0,21,1704,21.642674418604653,4,21,5583.81
15855.0,6,712,11.081263157894737,137,6,1052.72
15856.0,58,20332,28.854470989761094,4,58,33817.44
15857.0,2,584,23.77,19,2,570.48
15858.0,15,2913,8.078082474226804,16,15,3917.87
15859.0,1,174,19.93,432,1,438.46
15860.0,17,1342,6.8076358695652175,41,17,2505.21
15861.0,15,3847,5.246256218905472,12,15,4217.99
15862.0,13,1680,5.040086058519793,8,13,2928.29
15863.0,5,164,4.540506329113924,26,5,358.7
15864.0,9,1338,74.60074074074075,22,9,2014.22
15865.0,5,1147,17.708031496062993,41,5,2248.92
15866.0,1,126,5.122888888888889,101,1,230.53
15867.0,35,5122,8.403417602996255,5,35,8974.85
15868.0,1,57,23.6325,583,1,94.53
15869.0,3,274,9.247428571428571,277,3,323.65999999999997
15870.0,4,508,5.868095238095238,33,4,862.61
15871.0,1,5,6.619999999999999,437,1,33.099999999999994
15872.0,4,506,3.700837209302325,15,4,795.68
15873.0,5,576,15.359999999999998,493,5,138.23999999999998
15874.0,25,5054,30.094594594594593,63,25,11135.0
15875.0,1,76,4.4688,646,1,111.72
15876.0,2,886,131.73999999999998,409,2,1449.1399999999999
15877.0,3,246,3.3647328244274806,2,3,440.78
15878.0,2,243,6.485686274509804,562,2,330.77
15879.0,4,643,6.324043715846995,404,4,1157.3
15880.0,2,374,2.9554716981132074,369,2,626.56
15881.0,8,199,13.695,312,8,438.24
15882.0,10,791,18.575769230769232,199,10,1448.91
15883.0,2,223,8.091428571428573,2,2,396.48
15884.0,3,157,15.234375000000002,432,3,243.75000000000003
15885.0,20,597,14.242377049180327,93,20,1737.57
15886.0,4,667,16.98177419354839,60,4,1052.8700000000001
15887.0,3,605,27.760810810810813,407,3,1027.15
15888.0,4,123,9.807804878048781,80,4,402.12
15889.0,9,982,4.478379052369077,157,9,1795.83
15890.0,5,119,53.565,395,5,535.65
15891.0,1,442,8.459999999999999,227,1,524.52
15892.0,1,46,3.3736842105263154,669,1,128.2
15893.0,1,288,305.28000000000003,482,1,305.28000000000003
15894.0,2,283,5.320126582278482,253,2,420.29
15895.0,1,94,16.288181818181815,150,1,179.17
15896.0,1,-1,-1899.67,625,1,-1899.67
15897.0,2,261,9.252083333333333,194,2,222.05
15898.0,29,2401,7.872489331436699,1,29,5534.36
15899.0,1,78,14.0625,369,1,112.5
15900.0,5,659,6.797709923664122,24,5,890.5
15901.0,9,700,3.955086705202312,17,9,684.23
15902.0,1,124,8.056111111111111,380,1,145.01
15903.0,15,3917,74.45226890756302,10,15,8859.82
15904.0,1,84,5.489333333333334,8,1,164.68
15905.0,1,82,5.213181818181818,543,1,114.69
15906.0,12,742,11.922173913043478,20,12,2467.89
15907.0,3,509,3.8853413654618474,4,3,967.45
15908.0,2,174,18.648048780487805,491,2,764.57
15909.0,1,98,27.419999999999998,174,1,191.94
15910.0,15,2171,4.2703821656050955,1,15,2681.8
15911.0,10,809,5.369923371647509,448,10,1401.55
15912.0,9,759,11.31263157894737,178,9,1074.7
15913.0,1,3,6.300000000000001,534,1,6.300000000000001
15914.0,2,149,15.845384615384615,378,2,205.99
15915.0,1,451,2.939794520547945,402,1,429.21
15916.0,17,1683,9.583830409356725,16,17,3277.67
15917.0,5,263,3.616967741935484,248,5,560.63
15918.0,3,240,9.555409836065573,191,3,582.88
15919.0,2,787,4.742760416666667,20,2,910.61
15920.0,9,240,5.292962962962963,154,9,571.64
15921.0,4,342,9.663975903614459,173,4,802.11
15922.0,2,272,30.3,372,2,727.2
15923.0,1,244,6.051428571428572,373,1,254.16
15924.0,1,103,6.854666666666666,731,1,102.82
15925.0,1,93,17.2625,194,1,207.15
15926.0,1,155,19.205714285714286,542,1,134.44
15927.0,1,69,7.258235294117647,647,1,123.39
15928.0,1,164,26.684545454545454,656,1,293.53
15929.0,1,120,594.0,644,1,594.0
15930.0,1,139,20.31571428571429,67,1,426.63000000000005
15931.0,1,118,17.135714285714286,428,1,239.9
15932.0,11,2311,20.68781512605042,4,11,2461.85
15933.0,3,885,14.965675675675676,21,3,1107.46
15934.0,2,2166,75.53999999999999,418,2,2190.66
15935.0,3,-171,3.1776470588235295,239,3,108.04
15936.0,2,211,14.883684210526317,379,2,282.79
15937.0,1,73,20.764285714285712,64,1,145.35
15938.0,9,449,18.84128205128205,112,9,734.81
15939.0,17,6257,55.849629629629625,90,17,9047.64
15940.0,3,-1,-1.1842378929335002e-15,311,3,-3.552713678800501e-15
15941.0,2,28,23.06,513,2,230.6
15942.0,1,232,24.102857142857143,134,1,337.44
15943.0,2,183,22.607499999999998,650,2,271.28999999999996
15944.0,4,859,56.95368421052631,277,4,2164.24
15945.0,4,397,27.575666666666667,365,4,827.27
15946.0,3,1614,88.62230769230769,503,3,2304.18
15947.0,1,898,58.9048275862069,83,1,1708.24
15948.0,3,852,15.885157894736844,8,3,1509.0900000000001
15949.0,2,284,19.19578947368421,17,2,364.72
15950.0,13,3330,17.25997512437811,2,13,6938.51
15951.0,4,413,15.975737704918032,1,4,974.52
15952.0,4,399,8.863406593406594,34,4,806.57
15953.0,21,1749,18.357812499999998,15,21,3524.7
15954.0,1,119,9.5375,589,1,190.75
15955.0,25,4198,23.43100543478261,24,25,8622.61
15956.0,2,278,34.31111111111111,551,2,617.6
15957.0,3,458,6.159602649006622,32,3,930.1
15958.0,4,164,6.662027027027027,74,4,492.99
15959.0,3,282,7.4293589743589745,682,3,579.49
15960.0,5,257,14.592592592592593,374,5,394.0
15961.0,1,154,10.745000000000001,379,1,451.29
15962.0,1,235,5.10051724137931,449,1,295.83
15963.0,2,298,16.812857142857144,20,2,470.76
15964.0,1,94,12.998095238095237,663,1,272.96
15965.0,14,1428,8.106324324324325,17,14,2999.34
15966.0,2,268,12.486875,444,2,399.58
15967.0,13,1200,6.014342629482071,23,13,3019.2
15968.0,1,253,4.918235294117647,388,1,418.05
15969.0,6,219,28.99583333333333,3,6,1043.85
15970.0,2,498,42.38833333333333,304,2,1017.3199999999999
15971.0,20,1955,109.56511111111112,18,20,4930.43
15972.0,5,480,12.484620689655172,456,5,1810.27
15973.0,5,282,45.90529411764706,236,5,780.39
15974.0,8,2256,19.375988700564974,39,8,3429.55
15975.0,1,243,15.45875,84,1,371.01
15976.0,6,1078,4.38854271356784,165,6,1746.64
15977.0,2,1016,16.226615384615386,17,2,1054.73
15978.0,5,2440,24.9818320610687,77,5,3272.62
15979.0,1,450,14.964545454545457,603,1,329.22
15980.0,9,4826,55.01075630252101,89,9,6546.28
15981.0,27,4778,31.417186440677966,25,27,9268.07
15982.0,1,131,7.211333333333333,605,1,324.51
15983.0,8,2450,12.527911392405064,22,8,3958.82
15984.0,32,6064,11.515431606905711,3,32,8671.12
15985.0,8,2500,24.859809523809524,123,8,2610.28
15986.0,2,368,14.1768,30,2,354.42
15987.0,8,1715,8.582295918367347,12,8,1682.13
15988.0,3,486,5.969689922480621,19,3,770.09
15989.0,2,171,4.233068181818182,376,2,372.51
15990.0,7,1090,11.166944444444445,44,7,2010.05
15991.0,1,41,25.09166666666667,534,1,150.55
15992.0,3,514,16.603703703703705,4,3,896.6
15993.0,10,2042,4.922892857142857,9,10,2756.82
15994.0,5,467,10.334827586206895,55,5,1198.84
15995.0,1,353,6.271981981981982,414,1,696.19
15996.0,8,745,7.845070422535211,88,8,1671.0
15997.0,1,-12,-23.4,617,1,-23.4
15998.0,21,5353,5.684917012448133,37,21,8220.39
15999.0,1,24,20.4,736,1,20.4
16000.0,3,5110,1377.0777777777778,3,3,12393.7
16001.0,2,305,13.309230769230771,381,2,519.0600000000001
16002.0,1,70,4.028809523809524,625,1,169.21
16003.0,10,2210,27.65433497536946,30,10,5613.83
16004.0,5,1076,23.848777777777777,475,5,2146.39
16005.0,11,1299,4.6675145631067965,12,11,2403.77
16006.0,2,211,4.233780487804879,211,2,347.17
16007.0,7,2643,4.617327327327327,48,7,3075.14
16008.0,15,3273,21.19736220472441,24,15,5384.13
16009.0,4,378,11.030111111111111,22,4,992.71
16010.0,12,930,5.740366666666667,246,12,1722.11
16011.0,30,3468,12.838096280087528,8,30,5867.01
16012.0,5,1766,12.405767634854772,35,5,2989.79
16013.0,94,23943,210.31442231075695,4,94,52788.92
16014.0,6,474,3.8129931972789115,36,6,1121.02
16015.0,4,906,3.7529347826086954,4,4,690.54
16016.0,14,1053,6.447131782945736,3,14,2495.04
16017.0,5,640,11.861297709923663,47,5,1553.83
16018.0,4,503,12.466607142857143,39,4,698.13
16019.0,35,6627,39.61940476190477,2,35,16640.15
16020.0,3,487,18.500217391304346,17,3,851.01
16021.0,2,297,3.670689655172414,395,2,532.25
16022.0,1,261,8.266842105263157,260,1,628.28
16023.0,3,358,7.126831683168317,46,3,719.81
16024.0,3,505,5.630232558139535,12,3,484.2
16025.0,1,338,15.702142857142857,30,1,439.65999999999997
16026.0,1,243,7.3778125,43,1,236.09
16027.0,18,2020,47.364210526315794,92,18,1799.8400000000001
16028.0,1,18,16.44,596,1,82.2
16029.0,125,48365,218.57359523809524,39,125,91800.91
16030.0,1,283,11.422068965517242,310,1,331.24
16031.0,2,423,5.489400000000001,92,2,548.94
16032.0,6,1480,9.294575471698113,456,6,1970.45
16033.0,36,4252,7.535158562367864,6,36,10692.39
16034.0,7,596,15.96155172413793,196,7,925.77
16035.0,1,33,10.368095238095238,560,1,217.73
16036.0,4,1369,18.263142857142856,87,4,2556.84
16037.0,7,764,20.403287671232878,270,7,1489.44
16038.0,4,241,16.22607142857143,8,4,454.33000000000004
16039.0,3,408,13.625757575757575,424,3,449.65
16040.0,8,1161,18.622656250000002,65,8,2383.7000000000003
16041.0,3,1584,527.7333333333333,31,3,3166.4
16042.0,11,1419,15.26950354609929,22,11,2153.0
16043.0,8,1011,25.4327397260274,38,8,1856.5900000000001
16044.0,1,170,17.93894736842105,435,1,340.84
16045.0,9,1942,20.04421383647799,120,9,3187.03
16046.0,1,248,10.717272727272727,562,1,235.78
16047.0,1,1,107.14,682,1,107.14
16048.0,6,567,22.96804347826087,86,6,1056.53
16049.0,6,1165,3.7917764471057884,40,6,1899.68
16050.0,3,388,14.319047619047618,174,3,300.7
16051.0,1,80,15.703333333333333,682,1,188.44
16052.0,1,282,10.648823529411764,54,1,362.06
16053.0,8,3061,18.30527918781726,33,8,3606.14
16054.0,7,779,16.462047244094485,145,7,2090.68
16055.0,1,22,16.85,221,1,134.8
16056.0,1,347,9.777205882352941,45,1,664.85
16057.0,17,1432,12.083283018867926,4,17,3202.07
16058.0,1,18,31.35,406,1,62.7
16059.0,12,1509,7.6250473933649285,66,12,3217.77
16060.0,3,243,22.58125,401,3,541.95
16061.0,3,13,8.99,269,3,44.95
16062.0,8,2035,15.478108108108108,10,8,2863.45
16063.0,1,262,14.57913043478261,260,1,335.32
16064.0,1,56,6.166666666666667,725,1,111.0
16065.0,10,1445,5.438206896551724,365,10,2365.62
16066.0,5,936,14.920294117647058,17,5,1521.87
16067.0,6,1209,36.90475609756098,563,6,3026.19
16068.0,1,52,3.152051282051282,594,1,122.93
16069.0,1,138,18.308000000000003,418,1,457.70000000000005
16070.0,2,457,25.82272727272727,22,2,852.15
16071.0,4,697,14.750684931506848,45,4,1076.8
16072.0,4,1611,7.785773381294964,288,4,4328.89
16073.0,2,37,47.175,292,2,94.35
16074.0,1,39,10.201923076923077,390,1,265.25
16075.0,3,270,17.309047619047618,503,3,726.98
16076.0,11,1363,16.591832061068704,3,11,2173.53
16077.0,2,528,66.66666666666667,574,2,600.0
16078.0,2,200,9.307435897435898,284,2,362.99
16079.0,3,864,64.38095238095238,17,3,1352.0
16080.0,6,256,14.33030303030303,82,6,472.9
16081.0,8,2244,11.178395989974938,56,8,4460.18
16082.0,1,39,6.671875,670,1,106.75
16083.0,4,1514,33.11859154929578,101,4,2351.42
16084.0,1,216,11.47842105263158,299,1,436.18
16085.0,13,1382,6.1844708994709,23,13,2337.73
16086.0,11,1525,20.745724637681157,59,11,2862.91
16087.0,5,664,173.99200000000002,389,5,1739.92
16088.0,2,373,239.5716666666667,576,2,1437.43
16089.0,2,122,5.4288,386,2,271.44
16090.0,1,65,10.2955,624,1,205.91
16091.0,2,154,17.503333333333334,155,2,315.06
16092.0,10,1151,16.122234042553192,99,10,1515.49
16093.0,1,20,17.0,107,1,17.0
16094.0,19,1992,17.057630331753554,12,19,3599.16
16095.0,1,265,14.901666666666667,456,1,447.05
16096.0,4,700,24.01469696969697,264,4,1584.97
16097.0,1,87,18.505,240,1,185.04999999999998
16098.0,14,2150,27.288957055214727,88,14,4448.1
16099.0,8,959,22.40357142857143,50,8,1568.25
16100.0,1,438,15.747027027027027,463,1,582.64
16101.0,7,1823,15.8371,9,7,3167.42
16102.0,3,942,32.31824561403509,42,3,1842.14
16103.0,27,2606,28.998840579710144,7,27,6002.76
16104.0,11,1009,10.39404958677686,62,11,2515.36
16105.0,5,2125,21.692636363636364,249,5,2386.19
16106.0,1,74,18.063333333333333,66,1,108.38
16107.0,7,1176,103.36000000000001,18,7,3204.1600000000003
16108.0,8,1446,15.188321678321676,85,8,2171.93
16109.0,4,1090,28.861875,219,4,923.58
16110.0,4,902,4.051826280623608,45,4,1819.27
16111.0,1,236,7.499733333333333,428,1,562.48
16112.0,4,574,12.23375,143,4,195.74
16113.0,1,176,5.379333333333333,183,1,161.38
16114.0,1,43,16.968750000000004,171,1,135.75000000000003
16115.0,12,1601,6.016682242990654,10,12,2575.14
16116.0,2,246,16.93942857142857,206,2,592.88
16117.0,4,318,7.222777777777777,190,4,650.05
16118.0,5,2822,90.54106382978723,393,5,4255.43
16119.0,8,811,31.866851851851855,8,8,1720.8100000000002
16120.0,7,2193,31.359896907216495,59,7,3041.91
16121.0,6,895,4.04775,57,6,1457.19
16122.0,6,1398,15.6459375,73,6,1001.34
16123.0,1,170,19.23625,52,1,307.78
16124.0,6,789,19.424886363636364,316,6,1709.39
16125.0,14,1944,15.241362126245846,367,14,4587.65
16126.0,15,6154,38.14270833333333,29,15,14646.8
16127.0,2,391,10.684133333333333,39,2,801.31
16128.0,14,2419,20.04491978609626,18,14,3748.4
16129.0,3,1261,14.542187499999999,407,3,1396.05
16130.0,4,296,17.95418181818182,422,4,987.48
16131.0,15,4753,43.85008888888889,52,15,9866.27
16132.0,2,280,39.07058823529411,544,2,664.1999999999999
16133.0,78,13454,38.06315068493151,4,78,22228.88
16134.0,7,1622,17.66658333333333,22,7,2119.99
16135.0,2,395,21.011538461538464,263,2,819.45
16136.0,5,622,19.18916666666667,60,5,921.08
16137.0,1,210,15.096428571428572,680,1,422.7
16138.0,4,772,22.934615384615388,368,4,894.45
16139.0,5,602,19.493859649122808,19,5,1111.15
16140.0,5,1373,21.043698630136987,53,5,1536.19
16141.0,2,410,19.1188,88,2,955.94
16142.0,1,422,14.46864864864865,250,1,535.34
16143.0,16,1994,19.946229508196723,3,16,4866.88
16144.0,1,16,175.2,247,1,175.2
16145.0,29,5183,16.013397129186604,9,29,6693.6
16146.0,4,544,23.082439024390244,157,4,946.38
16147.0,7,1322,16.907285714285713,134,7,2367.02
16148.0,4,247,30.864166666666666,296,4,370.37
16149.0,3,598,14.074000000000002,5,3,422.22
16150.0,20,2098,15.218644688644687,39,20,4154.69
16151.0,1,-1,-4217.59,599,1,-4217.59
16152.0,1,642,63.070344827586204,269,1,1829.04
16153.0,13,3656,21.997860262008736,50,13,5037.51
16154.0,1,-1,-10.5,682,1,-10.5
16155.0,6,482,15.620999999999999,382,6,781.05
16156.0,26,3031,21.19139285714286,9,26,5933.59
16157.0,4,344,33.90736842105263,16,4,644.24
16158.0,10,180,16.98111111111111,522,10,611.32
16159.0,5,633,23.21301886792453,282,5,1230.29
16160.0,4,1153,45.88409090909091,64,4,1009.4499999999999
16161.0,57,6246,10.356871880199668,2,57,12448.960000000001
16162.0,1,4,18.7,252,1,37.4
16163.0,14,641,26.63094117647059,225,14,2263.63
16164.0,4,432,22.92942857142857,17,4,802.53
16165.0,1,2,79.9,505,1,79.9
16166.0,4,156,12.595384615384615,428,4,327.48
16167.0,6,1459,16.19535211267606,414,6,1149.8700000000001
16168.0,73,5079,32.73006211180124,11,73,10539.08
16169.0,4,1325,21.44670588235294,8,4,1822.97
16170.0,25,6031,15.074491150442478,51,25,6813.67
16171.0,1,24,24.400000000000002,59,1,73.2
16172.0,8,1419,16.677433628318585,95,8,1884.55
16173.0,7,571,16.167471264367816,16,7,1406.57
16174.0,7,1431,34.565384615384616,126,7,2246.75
16175.0,7,932,18.739183673469388,94,7,1836.44
16176.0,7,913,24.247407407407408,421,7,1964.04
16177.0,12,1001,16.731328125,50,12,2141.61
16178.0,2,304,24.504,138,2,612.6
16179.0,1,99,19.62090909090909,61,1,215.83
16180.0,16,9785,46.60020172910663,100,16,16170.27
16181.0,1,152,27.776363636363637,73,1,305.54
16182.0,9,5887,195.52254901960782,72,9,9971.65
16183.0,4,351,26.288048780487802,67,4,1077.81
16184.0,7,560,25.120434782608694,64,7,1155.54
16185.0,3,321,16.118000000000002,17,3,644.72
16186.0,30,6797,16.88704887218045,23,30,8983.91
16187.0,17,5004,23.034478114478112,32,17,6841.24
16188.0,6,837,14.369466666666668,45,6,1077.71
16189.0,2,134,19.58909090909091,16,2,215.48
16190.0,8,1231,22.886974789915968,40,8,2723.55
16191.0,40,9154,59.22703125,3,40,15162.12
16192.0,1,208,31.936363636363637,736,1,351.3
16193.0,2,379,16.59026315789474,237,2,630.4300000000001
16194.0,1,140,38.574999999999996,375,1,308.59999999999997
16195.0,1,123,20.203125,723,1,323.25
16196.0,1,26,23.325,489,1,93.3
16197.0,9,1420,21.68505376344086,469,9,2016.71
16198.0,2,384,31.213363636363635,75,2,1030.041
16199.0,7,321,94.275,392,7,942.75
16200.0,13,3087,8.964888535031847,4,13,5629.95
16201.0,6,1402,16.173203125,3,6,2070.17
16202.0,11,1282,19.57968253968254,361,11,2467.04
16203.0,7,606,14.240897435897436,59,7,1110.79
16204.0,4,682,8.461621621621621,23,4,939.24
16205.0,7,1455,9.15305,31,7,1830.61
16206.0,14,1383,10.601510204081633,55,14,2597.37
16207.0,1,140,20.756842105263157,25,1,394.38
16208.0,10,1541,13.598616600790512,45,10,3440.45
16209.0,9,1895,61.892238805970145,89,9,4146.78
16210.0,37,14232,134.87345070422535,2,37,38304.06
16211.0,4,518,29.360540540540537,81,4,1086.34
16212.0,5,568,16.057,19,5,1284.56
16213.0,1,48,26.5,79,1,159.0
16214.0,4,1308,20.7984693877551,171,4,2038.25
16215.0,1,104,17.310714285714287,81,1,242.35
16216.0,1,254,24.72783783783784,267,1,914.9300000000001
16217.0,4,76,13.652105263157898,235,4,259.39000000000004
16218.0,19,3192,23.352688172043013,30,19,4343.6
16219.0,1,48,40.8,501,1,40.8
16220.0,1,-3,-10.17,728,1,-10.17
16221.0,10,1513,8.443219696969697,37,10,2229.01
16222.0,2,503,8.407625,318,2,1345.22
16223.0,2,651,8.748809523809523,375,2,1102.35
16224.0,5,1555,13.935689655172414,57,5,1616.54
16225.0,18,1279,9.191889250814333,45,18,2821.9100000000003
16226.0,5,521,21.68290322580645,203,5,672.17
16227.0,6,382,23.141951219512197,219,6,948.82
16228.0,4,560,15.824285714285717,374,4,886.1600000000001
16229.0,7,1286,15.752,87,7,2835.36
16230.0,2,365,15.486571428571429,190,2,542.03
16231.0,4,564,10.675445544554456,379,4,1078.22
16232.0,10,1836,24.926111111111112,33,10,2692.02
16233.0,12,677,22.45320987654321,71,12,1818.71
16234.0,4,162,19.54875,474,4,312.78
16235.0,11,780,16.316475409836066,41,11,1990.6100000000001
16236.0,1,184,21.61,78,1,432.2
16237.0,1,57,19.521428571428572,437,1,136.65
16238.0,1,85,10.61,423,1,63.66
16239.0,7,682,39.21351351351352,57,7,1450.9
16240.0,5,1634,26.01274647887324,8,5,3693.81
16241.0,16,2377,4.355442655935614,10,16,4329.31
16242.0,18,3946,10.757308248914617,8,18,7433.3
16243.0,2,110,8.02156862745098,34,2,409.1
16244.0,2,1474,16.74922077922078,212,2,2579.38
16245.0,5,1008,14.541505376344086,24,5,1352.36
16246.0,2,338,9.294943820224718,460,2,827.25
16247.0,1,182,7.16,170,1,114.56
16248.0,1,78,21.84857142857143,62,1,152.94
16249.0,5,950,26.08797101449275,53,5,1800.07
16250.0,3,376,16.15061224489796,261,3,791.38
16251.0,1,44,6.4155,512,1,128.31
16252.0,2,-158,-4.683968253968254,366,2,-295.09
16253.0,9,5964,23.93720394736842,32,9,7276.91
16254.0,3,549,13.1352,378,3,985.14
16255.0,19,3015,8.936025878003697,17,19,4834.39
16256.0,4,1586,53.65233333333333,258,4,1609.57
16257.0,1,2,23.475,177,1,46.95
16258.0,16,7180,34.300057971014496,45,16,11833.52
16259.0,3,162,3.891827956989247,410,3,361.94
16260.0,1,311,57.525000000000006,51,1,1035.45
16261.0,6,459,6.30625,17,6,1059.45
16262.0,3,429,13.5556,361,3,677.78
16263.0,1,200,14.625416666666666,423,1,351.01
16264.0,2,632,12.689848484848484,438,2,837.53
16265.0,15,3189,20.27535294117647,9,15,6893.62
16266.0,14,791,16.127981651376146,74,14,1757.95
16267.0,1,198,26.665714285714284,591,1,186.66
16268.0,2,533,14.836666666666666,71,2,667.65
16269.0,2,577,13.233148148148148,428,2,714.59
16270.0,1,688,21.134074074074075,353,1,1141.24
16271.0,11,2398,11.297614379084967,3,11,3457.07
16272.0,1,224,16.468,117,1,411.7
16273.0,2,46,21.002499999999998,648,2,336.03999999999996
16274.0,1,310,5.342537313432835,373,1,715.9
16275.0,3,1268,19.37936936936937,197,3,2151.11
16276.0,3,1467,101.13038461538463,177,3,2629.3900000000003
16277.0,1,33,8.203913043478261,734,1,188.69
16278.0,7,327,17.60983333333333,23,7,1056.59
16279.0,10,3689,16.217037037037038,21,10,5692.18
16280.0,1,101,14.878125,725,1,238.05
16281.0,4,1568,85.413,72,4,3416.52
16282.0,3,790,39.623636363636365,340,3,1307.58
16283.0,12,2864,7.138029801324503,6,12,4311.37
16284.0,3,683,7.40841726618705,31,3,1029.77
16285.0,1,60,5.706451612903226,646,1,176.9
16286.0,4,87,13.876315789473683,477,4,263.65
16287.0,5,1426,23.975714285714286,170,5,1006.98
16288.0,1,19,18.55,470,1,129.85
16289.0,2,87,4.491363636363636,462,2,98.81
16290.0,4,1001,15.796183206106871,465,4,2069.3
16291.0,1,1,117.72,682,1,117.72
16292.0,9,680,17.4844776119403,117,9,1171.46
16293.0,19,2013,18.830081300813006,9,19,4632.2
16294.0,1,54,15.756250000000001,477,1,126.05000000000001
16295.0,4,841,16.817088607594936,10,4,1328.55
16296.0,6,632,15.011686746987952,626,6,1245.97
16297.0,4,180,11.97391304347826,213,4,275.4
16298.0,9,306,22.040816326530614,23,9,1080.0
16299.0,2,103,13.742307692307692,473,2,178.65
16300.0,3,658,5.592088353413655,430,3,1392.43
16301.0,1,41,17.888333333333332,737,1,107.33
16302.0,2,134,17.735,108,2,212.82
16303.0,9,3816,26.702116040955634,26,9,7823.72
16304.0,1,228,15.2664,695,1,381.66
16305.0,1,256,16.419090909090908,139,1,361.21999999999997
16306.0,10,726,16.150277777777777,214,10,1162.82
16307.0,3,1123,15.932266666666667,429,3,1194.92
16308.0,7,16000,731.4285714285714,38,7,5120.0
16309.0,3,465,15.606136363636363,92,3,686.67
16310.0,2,270,16.431428571428572,414,2,460.08
16311.0,2,394,16.655675675675674,18,2,616.26
16312.0,1,53,17.115000000000002,432,1,171.15
16313.0,2,165,17.134375000000002,3,2,274.15000000000003
16314.0,3,636,24.05483870967742,390,3,1491.4
16315.0,2,143,17.50913043478261,331,2,402.71
16316.0,19,3034,18.20167763157895,64,19,5533.31
16317.0,6,1235,18.472542372881357,120,6,2179.76
16318.0,1,199,17.271052631578947,35,1,328.15
16319.0,1,72,134.8,218,1,404.40000000000003
16320.0,8,3306,18.22572016460905,172,8,4428.849999999999
16321.0,10,102,7.375,72,10,265.5
16322.0,2,231,8.83108108108108,1,2,326.75
16323.0,2,146,88.415,196,2,353.66
16324.0,3,282,3.6328813559322035,128,3,428.68
16325.0,17,2417,23.888551724137933,44,17,3463.84
16326.0,26,1099,9.470804828973842,6,26,4706.99
16327.0,20,8527,11.221719077568135,14,20,10705.52
16328.0,1,141,19.426875000000003,563,1,310.83000000000004
16329.0,4,826,14.809304347826087,428,4,1703.07
16330.0,8,325,5.20525,18,8,624.63
16331.0,6,756,59.932352941176475,432,6,2037.7
16332.0,13,1088,9.900348258706467,28,13,1989.97
16333.0,22,32184,591.7066666666667,8,22,26626.8
16334.0,1,211,4.784137931034483,492,1,277.48
16335.0,8,1012,7.485013623978202,552,8,2747.0
16336.0,4,1473,51.73073529411765,421,4,3517.69
16337.0,1,87,15.105,37,1,151.05
16338.0,1,94,19.527272727272727,157,1,214.8
16339.0,1,23,5.4975000000000005,284,1,109.95
16340.0,3,1345,4.0479045092838195,107,3,1526.06
16341.0,10,3006,22.676272189349113,25,10,3832.29
16342.0,4,157,21.494000000000003,75,4,322.41
16343.0,3,422,7.989186046511628,16,3,687.0699999999999
16344.0,4,706,18.313478260869566,158,4,842.42
16345.0,2,620,10.79945945945946,44,2,1198.74
16346.0,1,289,14.967333333333332,385,1,224.51
16347.0,13,1744,9.753529411764706,11,13,3482.01
16348.0,8,1178,6.760225563909774,32,8,1798.22
16349.0,1,9,5.944444444444445,291,1,53.5
16350.0,12,1069,16.973,21,12,2206.49
16351.0,18,2121,16.56126262626263,333,18,3279.13
16352.0,2,300,17.658571428571427,18,2,494.44
16353.0,41,3526,56.41768361581921,4,41,9985.93
16354.0,5,599,7.954295774647887,63,5,1129.51
16355.0,2,145,6.984,374,2,349.2
16356.0,7,189,6.907,198,7,414.42
16357.0,4,389,18.47595744680851,33,4,868.37
16358.0,6,2064,18.82,1,6,2917.1
16359.0,20,1731,18.303076923076922,7,20,2379.4
16360.0,8,2128,5.084485842026826,5,8,3411.69
16361.0,4,421,8.459056603773584,10,4,896.66
16362.0,11,446,8.093653846153845,32,11,841.74
16363.0,1,52,21.872000000000003,53,1,109.36000000000001
16364.0,2,280,13.340377358490565,12,2,707.04
16365.0,16,1119,25.166412213740458,18,16,3296.7999999999997
16366.0,4,882,19.847820512820512,19,4,1548.1299999999999
16367.0,3,1117,5.949344978165939,37,3,1362.4
16368.0,3,317,6.5327551020408166,2,3,640.21
16369.0,7,1594,15.67535294117647,18,7,2664.81
16370.0,4,647,5.791929824561404,82,4,1320.56
16371.0,1,108,14.290909090909093,449,1,157.20000000000002
16372.0,6,724,3.8880538922155687,33,6,1298.61
16373.0,2,119,10.672068965517242,382,2,309.49
16374.0,5,800,4.9481843575419,66,5,1771.45
16375.0,2,74,8.0,470,2,104.0
16376.0,3,689,7.636875,9,3,977.52
16377.0,2,2928,130.848,267,2,1308.48
16378.0,3,267,15.780434782608696,247,3,362.95
16379.0,5,1408,19.558715596330277,4,5,2131.9
16380.0,1,1524,55.6434375,61,1,1780.59
16381.0,2,112,3.98,396,2,258.7
16382.0,2,167,8.025,408,2,353.1
16383.0,9,1612,6.881418439716312,75,9,2910.84
16384.0,4,861,16.77716049382716,90,4,1358.95
16385.0,5,549,7.522700729927006,60,5,1030.61
16386.0,3,723,7.500612244897958,29,3,1102.59
16387.0,5,457,9.568229166666667,323,5,918.55
16388.0,1,83,14.311538461538463,654,1,186.05
16389.0,5,1230,38.922,53,5,1362.27
16390.0,3,122,22.261904761904763,537,3,467.5
16391.0,4,748,3.33416918429003,401,4,1103.61
16392.0,3,609,5.121140939597315,270,3,763.05
16393.0,30,3085,6.703316953316953,2,30,5456.5
16394.0,9,2317,14.1206,50,9,1412.06
16395.0,17,2899,5.297013782542113,61,17,3458.95
16396.0,3,46,8.558333333333332,473,3,102.69999999999999
16397.0,1,50,11.625454545454545,628,1,127.88
16398.0,4,745,18.96686046511628,145,4,1631.15
16399.0,3,456,5.679823008849558,19,3,641.82
16400.0,9,2159,11.24355871886121,95,9,3159.44
16401.0,39,5910,17.129173126614987,1,39,6628.99
16402.0,2,254,4.3709401709401705,265,2,511.4
16403.0,2,103,10.736666666666666,302,2,161.04999999999998
16404.0,2,156,17.929166666666667,70,2,430.3
16405.0,2,187,33.45,302,2,167.25
16406.0,4,250,3.296172839506173,19,4,533.98
16407.0,14,1484,12.16228448275862,13,14,2821.65
16408.0,1,227,5.154,591,1,231.93
16409.0,12,3706,7.217496839443742,36,12,5709.04
16410.0,1,348,26.064,734,1,130.32
16411.0,4,543,4.397053140096618,19,4,910.1899999999999
16412.0,5,311,4.759044117647059,54,5,647.23
16413.0,2,284,7.666376811594203,57,2,528.98
16414.0,5,202,8.74546875,22,5,559.71
16415.0,3,527,4.440987654320987,44,3,719.4399999999999
16416.0,10,2193,15.600370370370369,27,10,2948.47
16417.0,1,6,35.7,493,1,35.7
16418.0,5,580,6.520355029585799,45,5,1101.94
16419.0,9,720,15.856666666666667,113,9,1474.67
16420.0,1,120,37.5,396,1,75.0
16421.0,3,123,13.849210526315789,376,3,526.27
16422.0,146,63084,80.30294349540078,17,146,61110.54
16423.0,1,230,19.22888888888889,25,1,346.12
16424.0,3,206,28.004285714285714,191,3,392.06
16425.0,1,199,14.414285714285715,302,1,302.7
16426.0,10,1243,5.129704301075269,2,10,1908.25
16427.0,2,156,26.784444444444446,263,2,241.06
16428.0,4,594,4.798029197080292,81,4,657.33
16429.0,1,9,142.275,106,1,284.55
16430.0,7,307,39.92642857142857,57,7,1117.94
16431.0,3,453,7.744698795180722,213,3,642.81
16432.0,1,276,35.925,64,1,287.4
16433.0,2,214,11.309411764705882,28,2,384.52
16434.0,13,1331,14.505531914893616,29,13,2727.04
16435.0,3,609,8.028333333333334,512,3,1011.57
16436.0,4,217,5.628837209302326,668,4,242.04
16437.0,2,197,14.345238095238095,381,2,301.25
16438.0,5,463,6.04810606060606,6,5,798.35
16439.0,1,74,34.522222222222226,722,1,310.70000000000005
16440.0,6,2108,12.56342019543974,8,6,3856.9700000000003
16441.0,6,483,11.764137931034483,67,6,1023.48
16442.0,5,583,3.59788,2,5,899.47
16443.0,1,96,162.24,521,1,162.24
16444.0,20,1947,9.427315789473685,46,20,3582.38
16445.0,4,299,3.13921875,34,4,602.73
16446.0,4,0,-1.2200000000011642,1,4,-6.100000000005821
16447.0,3,323,10.618356164383561,136,3,775.14
16448.0,2,179,7.074423076923077,198,2,367.87
16449.0,3,359,15.690465116279071,191,3,674.69
16450.0,4,657,33.53931818181818,150,4,1475.73
16451.0,4,521,15.293939393939395,88,4,1009.4000000000001
16452.0,2,199,18.45388888888889,631,2,332.17
16453.0,2,139,16.78066666666667,531,2,251.71
16454.0,8,5,0.23750000000000004,45,8,1.9000000000000004
16455.0,13,3060,18.889122807017547,64,13,4306.72
16456.0,14,3724,14.868774038461538,99,14,6185.41
16457.0,1,140,23.151111111111113,218,1,208.36
16458.0,30,3406,14.922558746736293,3,30,5715.34
16459.0,1,59,14.358,730,1,71.79
16460.0,3,879,6.034962962962963,28,3,814.72
16461.0,3,1039,6.00453531598513,178,3,1615.22
16462.0,4,12,25.5,64,4,102.0
16463.0,7,1135,16.278823529411767,21,7,1383.7
16464.0,3,963,5.570677966101695,20,3,1314.68
16465.0,3,502,14.82326530612245,414,3,726.34
16466.0,16,1805,10.580028490028491,34,16,3713.59
16467.0,8,7380,114.49600000000001,509,8,2862.4
16468.0,3,371,17.500444444444444,74,3,787.52
16469.0,5,345,4.043463414634147,24,5,828.91
16470.0,12,1356,5.06952479338843,52,12,2453.65
16471.0,6,666,18.5340625,275,6,1186.18
16472.0,2,252,20.246153846153845,434,2,789.6
16473.0,5,295,16.192413793103448,165,5,469.58
16474.0,11,918,4.922472826086957,7,11,1811.47
16475.0,4,319,19.439285714285713,88,4,544.3
16476.0,3,182,12.961538461538462,417,3,337.0
16477.0,11,2632,16.615461538461542,64,11,4320.02
16478.0,3,224,19.470588235294116,25,3,331.0
16479.0,2,102,8.595142857142857,10,2,300.83
16480.0,1,455,14.514905660377357,76,1,769.29
16481.0,3,185,21.4115,660,3,428.23
16482.0,1,346,12.256666666666668,16,1,220.62
16483.0,1,44,7.334210526315789,192,1,139.35
16484.0,3,194,14.592307692307692,174,3,379.4
16485.0,7,1127,13.79148387096774,77,7,2137.68
16486.0,1,24,19.194285714285716,538,1,134.36
16487.0,2,163,5.982857142857143,577,2,209.4
16488.0,4,724,15.87741935483871,33,4,492.2
16489.0,2,38,50.61666666666667,380,2,303.7
16490.0,2,106,11.197500000000002,430,2,179.16000000000003
16491.0,3,1057,17.321704545454544,47,3,1524.31
16492.0,1,235,16.763478260869565,541,1,385.56
16493.0,9,1937,18.035213675213676,73,9,2110.12
16494.0,1,675,16.5306,297,1,826.53
16495.0,3,337,7.055773195876288,3,3,684.41
16496.0,7,1744,16.38192857142857,9,7,2293.47
16497.0,23,3050,19.867299703264095,50,23,6695.28
16498.0,3,42,5.3825,161,3,86.12
16499.0,13,1352,16.50158940397351,360,13,2491.7400000000002
16500.0,10,385,23.88457142857143,5,10,835.96
16501.0,1,642,5.9769565217391305,383,1,1237.23
16502.0,2,251,6.1976744186046515,620,2,266.5
16503.0,13,1532,16.656898148148148,107,13,3597.89
16504.0,1,524,5.632325581395349,25,1,484.38
16505.0,1,576,194.4,32,1,777.6
16506.0,2,42,30.100000000000005,20,2,90.30000000000001
16507.0,1,116,3.5525581395348835,572,1,152.76
16508.0,1,106,5.528888888888889,630,1,248.8
16509.0,1,64,27.97692307692308,297,1,363.70000000000005
16510.0,6,1076,16.03053435114504,372,6,2100.0
16511.0,6,787,5.6844375,22,6,1819.02
16512.0,1,-2,-33.9,728,1,-33.9
16513.0,4,407,24.988285714285716,5,4,874.59
16514.0,1,-1,-134.86,630,1,-134.86
16515.0,10,1601,13.401250000000001,52,10,3216.3
16516.0,1,58,16.95,30,1,101.69999999999999
16517.0,1,96,9.570588235294117,277,1,162.7
16518.0,6,516,13.215070422535211,61,6,938.27
16519.0,4,176,13.244285714285715,25,4,556.26
16520.0,8,1264,5.91347721822542,186,8,2465.92
16521.0,3,1016,4.803389121338912,415,3,1148.01
16522.0,2,212,24.075555555555557,436,2,433.36
16523.0,39,4942,30.626406250000002,2,39,11760.54
16524.0,2,260,5.706296296296296,446,2,308.14
16525.0,54,13692,60.65127272727273,2,54,23350.74
16526.0,2,279,20.491714285714288,172,2,717.21
16527.0,2,726,16.525194805194808,81,2,1272.44
16528.0,1,171,14.377058823529412,4,1,244.41
16529.0,4,751,15.5968992248062,190,4,2012.0
16530.0,1,17,16.116666666666664,668,1,48.349999999999994
16531.0,12,1858,16.16842857142857,22,12,2263.58
16532.0,5,2544,1459.4399999999998,18,5,8756.64
16533.0,5,514,5.6737016574585635,19,5,1026.94
16534.0,1,168,17.663888888888888,642,1,635.9
16535.0,3,685,13.178815789473685,5,3,1001.59
16536.0,2,250,9.625357142857142,107,2,539.02
16537.0,1,59,5.8375,641,1,23.35
16538.0,3,257,9.293488372093023,541,3,399.62
16539.0,10,1315,24.552697368421054,3,10,3732.01
16540.0,1,114,6.127027027027028,414,1,226.70000000000002
16541.0,2,172,10.763589743589744,735,2,419.78000000000003
16542.0,2,142,18.38,54,2,257.32
16543.0,2,303,13.8905,583,2,277.81
16544.0,6,54,7.878571428571428,520,6,110.3
16545.0,2,322,86.2275,165,2,689.82
16546.0,7,2662,35.86317757009346,291,7,3837.36
16547.0,1,113,4.137407407407407,546,1,111.71
16548.0,1,6,5.0249999999999995,599,1,30.15
16549.0,37,7273,4.042900153609831,10,37,13159.64
16550.0,29,5666,10.928867699642431,109,29,9169.32
16551.0,7,2076,25.421818181818182,96,7,2237.12
16552.0,2,258,21.591818181818184,243,2,475.02000000000004
16553.0,36,16450,55.55661073825503,163,36,16555.87
16554.0,18,1169,11.248457943925233,3,18,2407.17
16555.0,10,175,2.4859999999999998,35,10,285.89
16556.0,24,4329,15.220460000000001,67,24,7610.2300000000005
16557.0,2,111,25.622727272727275,24,2,281.85
16558.0,47,8033,17.063383084577115,1,47,13718.960000000001
16559.0,1,73,10.28888888888889,397,1,185.20000000000002
16560.0,10,1600,14.978756218905472,21,10,3010.73
16561.0,2,244,16.48774193548387,6,2,511.12
16562.0,1,264,6.584117647058823,477,1,223.85999999999999
16563.0,7,2584,48.48967032967033,54,7,4412.56
16564.0,1,40,17.56,569,1,87.8
16565.0,5,191,53.88076923076923,364,5,700.45
16566.0,6,361,32.316315789473684,15,6,614.01
16567.0,2,996,24.731428571428573,194,2,865.6
16568.0,2,366,204.18,428,2,1020.9000000000001
16569.0,5,988,41.578,3,5,1455.23
16570.0,31,4140,26.213869731800767,9,31,6841.82
16571.0,17,3601,14.172711267605635,3,17,4025.05
16572.0,4,530,17.236206896551725,127,4,999.7
16573.0,4,354,14.09586956521739,74,4,648.41
16574.0,3,1002,15.136976744186047,71,3,1301.78
16575.0,1,-1,-10.49,682,1,-10.49
16576.0,5,309,14.25472222222222,410,5,513.17
16577.0,1,142,16.52173913043478,667,1,380.0
16578.0,1,108,17.4,626,1,156.6
16579.0,2,95,14.615625,365,2,233.85
16580.0,1,-2,-2.5,729,1,-5.0
16581.0,2,122,6.403636363636363,155,2,70.44
16582.0,1,164,52.27,113,1,313.62
16583.0,2,264,16.60625,374,2,531.4
16584.0,7,1891,33.53771739130435,80,7,3085.4700000000003
16585.0,2,151,18.977222222222224,594,2,341.59000000000003
16586.0,3,348,52.24214285714286,249,3,1462.78
16587.0,1,71,17.31923076923077,232,1,225.15
16588.0,4,882,19.172957746478872,386,4,1361.28
16589.0,4,536,13.917272727272728,71,4,612.36
16590.0,3,234,17.078787878787878,381,3,563.6
16591.0,1,41,21.35,69,1,213.50000000000003
16592.0,34,5424,17.095201793721973,4,34,7624.46
16593.0,9,375,13.1405,51,9,1051.24
16594.0,1,64,3.416792452830189,75,1,181.09
16595.0,5,1378,3.818945147679325,61,5,1810.18
16596.0,4,227,19.321,16,4,579.63
16597.0,1,184,12.862857142857143,4,1,90.04
16598.0,2,70,12.79090909090909,277,2,140.7
16599.0,1,159,14.4,386,1,172.8
16600.0,16,2395,13.864635761589403,4,16,2093.56
16601.0,3,395,9.503472222222221,41,3,684.25
16602.0,5,406,15.141063829787234,31,5,711.63
16603.0,2,480,14.19029411764706,75,2,482.47
16604.0,3,115,21.75,548,3,326.25
16605.0,1,144,60.48,724,1,60.48
16606.0,2,148,16.257272727272728,404,2,357.66
16607.0,29,4390,17.79860927152318,18,29,5375.18
16608.0,2,613,10.56327868852459,454,2,1288.72
16609.0,9,2410,19.467714285714287,15,9,5450.96
16610.0,1,66,12.61,219,1,75.66
16611.0,7,873,16.005675675675676,186,7,1776.63
16612.0,10,1418,19.306428571428572,33,10,3243.48
16613.0,1,293,20.619666666666667,70,1,618.59
16614.0,3,349,24.07734693877551,183,3,1179.79
16615.0,2,207,13.225,569,2,264.5
16616.0,2,370,15.164242424242424,15,2,500.42
16617.0,1,91,30.369999999999997,236,1,151.85
16618.0,6,1362,27.119999999999997,31,6,2630.64
16619.0,5,1051,16.24177966101695,254,5,1916.53
16620.0,6,1146,18.712021276595745,4,6,1758.93
16621.0,4,302,28.05103448275862,52,4,813.48
16622.0,2,40,14.685714285714285,542,2,205.6
16623.0,5,441,19.278653846153848,246,5,1002.49
16624.0,2,488,16.886875,81,2,810.5699999999999
16625.0,6,1056,16.5108,275,6,1651.08
16626.0,20,2670,23.802445652173912,1,20,4379.65
16627.0,1,162,16.14,79,1,322.8
16628.0,8,1257,18.213307086614176,30,8,2313.09
16629.0,2,493,6.52703125,74,2,417.73
16630.0,2,70,20.860000000000003,407,2,104.30000000000001
16631.0,8,773,23.049629629629628,482,8,1867.02
16632.0,2,256,15.05185185185185,486,2,406.4
16633.0,7,1137,18.811437908496732,17,7,2878.15
16634.0,10,552,11.853043478260869,223,10,1363.1
16635.0,1,277,18.92,407,1,473.0
16636.0,4,2186,52.0827397260274,438,4,3802.04
16637.0,5,891,15.619305555555554,32,5,1124.59
16638.0,16,1650,17.207659574468085,23,16,2426.28
16639.0,5,744,19.998192771084337,25,5,1659.85
16640.0,1,146,13.8,398,1,179.4
16641.0,2,454,15.402777777777779,106,2,554.5
16642.0,5,744,18.44666666666667,5,5,1051.46
16643.0,3,550,15.785517241379312,246,3,915.5600000000001
16644.0,2,826,13.448064516129032,178,2,833.78
16645.0,1,117,11.456428571428571,736,1,160.39
16646.0,2,1071,22.501666666666665,444,2,675.05
16647.0,4,396,16.421212121212122,170,4,541.9
16648.0,4,491,16.743589743589745,39,4,653.0
16649.0,1,82,15.328999999999999,520,1,306.58
16650.0,7,1511,19.552142857142854,72,7,1916.11
16651.0,1,60,22.7,587,1,136.2
16652.0,24,7446,59.90598615916956,54,24,17312.83
16653.0,3,723,15.354210526315791,16,3,1166.92
16654.0,9,701,20.060823529411767,141,9,1705.17
16655.0,14,4012,10.660016366612112,18,14,6513.27
16656.0,44,14987,103.87082802547772,22,44,16307.720000000001
16657.0,4,1229,4.488557692307692,10,4,933.62
16658.0,9,276,8.496585365853658,368,9,696.72
16659.0,1,72,19.56,189,1,39.12
16660.0,8,871,56.894,16,8,1422.35
16661.0,5,296,10.660506329113925,540,5,842.1800000000001
16662.0,1,36,5.6482758620689655,394,1,163.8
16663.0,1,100,165.0,729,1,165.0
16664.0,1,24,13.65,569,1,109.2
16665.0,1,59,15.044444444444444,362,1,135.4
16666.0,2,367,4.5188,19,2,225.94
16667.0,2,237,10.757169811320754,68,2,570.13
16668.0,13,773,16.272075471698113,15,13,862.42
16669.0,5,882,1.395925925925926,24,5,226.14000000000001
16670.0,33,4451,15.388656126482212,17,33,7786.66
16671.0,3,875,282.045,28,3,1692.27
16672.0,23,2812,69.1759829059829,2,23,8093.59
16673.0,1,101,9.441500000000001,679,1,188.83
16674.0,2,188,3.261326530612245,55,2,319.61
16675.0,2,296,26.47217391304348,442,2,608.86
16676.0,7,922,17.121323529411764,34,7,2328.5
16677.0,3,454,17.342244897959183,393,3,849.77
16678.0,17,2368,17.728411764705882,3,17,3013.83
16679.0,3,276,37.764761904761905,366,3,793.06
16680.0,3,377,28.32586206896552,43,3,821.45
16681.0,7,1492,39.221224489795915,73,7,1921.84
16682.0,5,1040,34.266666666666666,5,5,1028.0
16683.0,2,188,16.281578947368423,529,2,309.35
16684.0,65,101095,188.92156208277703,4,65,141502.25
16685.0,2,396,5.2296774193548385,61,2,324.24
16686.0,18,3505,4.555067628494139,47,18,5051.57
16687.0,1,141,19.70375,391,1,157.63
16688.0,4,804,20.336451612903225,1,4,1260.86
16689.0,3,168,18.95375,76,3,303.26
16690.0,5,208,16.804,44,5,336.08
16691.0,2,92,16.257272727272728,418,2,178.83
16692.0,4,878,382.93999999999994,256,4,1914.6999999999998
16693.0,5,688,6.893448275862069,69,5,1199.46
16694.0,1,26,32.76666666666667,723,1,98.30000000000001
16695.0,2,185,5.365277777777778,562,2,193.15
16696.0,4,146,65.79,135,4,657.9000000000001
16697.0,1,27,5.369047619047619,241,1,112.75
16698.0,2,840,399.6,227,2,1998.0
16699.0,8,634,15.315873015873015,380,8,964.9
16700.0,31,6863,16.97955140186916,9,31,9084.06
16701.0,34,10817,33.26847750865052,9,34,9614.59
16702.0,5,691,11.96608695652174,415,5,1100.88
16703.0,1,-1,-15.0,731,1,-15.0
16704.0,2,455,11.994137931034482,618,2,695.66
16705.0,61,22001,59.07637257617729,1,61,42653.141
16706.0,3,249,4.319918699186992,37,3,531.35
16707.0,4,402,8.350151515151515,400,4,551.11
16708.0,1,285,24.31962962962963,46,1,656.63
16709.0,14,3276,29.6975816993464,85,14,9087.46
16710.0,23,4398,6.419797365754813,19,23,6336.34
16711.0,10,1186,78.61371428571428,3,10,2751.48
16712.0,13,2093,8.050924528301886,9,13,4266.99
16713.0,41,8658,10.636494082840237,19,41,14380.54
16714.0,7,833,10.455916666666667,219,7,1254.71
16715.0,2,1174,22.34,78,2,625.52
16716.0,4,836,174.25333333333336,267,4,1568.2800000000002
16717.0,20,2905,15.465588235294117,9,20,6309.96
16718.0,5,2343,16.35663677130045,369,5,3647.53
16719.0,17,2515,8.507888888888889,15,17,3828.55
16720.0,4,471,3.6859006211180128,26,4,593.4300000000001
16721.0,1,172,7.904594594594595,262,1,292.47
16722.0,26,8567,21.200543735224585,17,26,8967.83
16723.0,4,1002,10.012538461538462,91,4,1301.63
16724.0,1,69,8.66764705882353,405,1,147.35
16725.0,16,782,4.747994923857868,302,16,1870.71
16726.0,7,1356,7.734851851851851,26,7,2088.41
16727.0,4,1109,6.748450704225353,364,4,1437.42
16728.0,4,677,3.9207063197026026,46,4,1054.67
16729.0,26,5769,10.593233532934132,36,26,7076.28
16730.0,4,898,8.36654761904762,52,4,702.79
16731.0,1,127,4.047674418604651,648,1,174.05
16732.0,9,2382,17.246913043478262,32,9,3966.79
16733.0,1,112,21.64,530,1,259.68
16734.0,3,346,12.27377358490566,52,3,650.51
16735.0,22,3972,17.170762195121952,79,22,5632.01
16736.0,8,1039,19.75857142857143,506,8,2904.51
16737.0,2,576,417.59999999999997,53,2,835.1999999999999
16738.0,1,3,3.75,298,1,3.75
16739.0,4,387,18.38642857142857,172,4,772.23
16740.0,1,116,7.176060606060606,395,1,236.81
16741.0,1,81,15.732727272727272,625,1,173.06
16742.0,15,2410,21.318839285714287,47,15,2387.71
16743.0,15,3701,11.159177718832892,29,15,4207.01
16744.0,7,805,5.391570247933884,11,7,1304.76
16745.0,18,6727,20.029888268156423,87,18,7170.7
16746.0,46,11898,18.086108324974923,5,46,18031.85
16747.0,4,577,18.37688888888889,25,4,826.96
16748.0,15,2115,21.881265060240963,18,15,3632.29
16749.0,2,2078,56.975064935064935,591,2,4387.08
16750.0,5,214,6.567684210526315,45,5,623.93
16751.0,1,1031,70.5888,31,1,1764.72
16752.0,1,108,23.055555555555557,373,1,415.0
16753.0,1,189,6.5858823529411765,58,1,223.92000000000002
16754.0,35,58470,338.68610778443116,372,35,56560.58
16755.0,10,1992,8.57747023809524,114,10,2882.03
16756.0,9,700,15.700243902439025,215,9,1287.42
16757.0,2,180,18.032,319,2,270.48
16758.0,1,203,16.788181818181815,65,1,369.34
16759.0,4,608,17.973023255813953,8,4,772.84
16760.0,1,168,13.411764705882353,430,1,228.0
16761.0,1,341,24.355384615384615,97,1,316.62
16762.0,3,618,16.869438202247192,20,3,1501.38
16763.0,3,491,21.06111111111111,185,3,947.75
16764.0,18,1247,3.841573816155989,4,18,2758.25
16765.0,2,311,8.745192307692308,294,2,454.75
16766.0,2,536,33.69411764705882,273,2,1145.6
16767.0,16,7097,24.528615384615385,31,16,7971.8
16768.0,14,765,9.411828571428572,48,14,1647.07
16769.0,4,301,11.4175,260,4,1141.75
16770.0,11,1106,5.3222128851540615,58,11,1900.03
16771.0,10,2314,9.63009708737864,33,10,3967.6
16772.0,5,560,34.39012345679012,417,5,2785.6
16773.0,3,252,6.480615384615385,57,3,421.24
16774.0,9,781,11.675367647058822,68,9,1587.85
16775.0,17,924,10.664121863799283,10,17,2975.29
16776.0,2,450,4.524452554744526,60,2,619.85
16777.0,6,470,8.628445945945947,80,6,1277.01
16778.0,2,194,15.37125,74,2,245.94
16779.0,62,19499,30.286143250688706,2,62,32981.61
16780.0,3,355,6.116666666666666,100,3,605.55
16781.0,3,301,15.017500000000002,365,3,901.0500000000001
16782.0,50,4265,5.446821052631579,10,50,10348.960000000001
16783.0,1,163,15.677999999999999,437,1,391.95
16784.0,5,496,5.6033124999999995,20,5,896.53
16785.0,1,313,15.250857142857143,410,1,533.78
16786.0,1,72,51.839999999999996,394,1,51.839999999999996
16787.0,4,474,9.082719298245614,398,4,1035.43
16788.0,5,985,3.94,123,5,1950.3
16789.0,1,32,16.16,8,1,80.8
16790.0,8,892,16.001263157894737,4,8,1520.1200000000001
16791.0,18,1847,5.597333333333333,29,18,3946.12
16792.0,5,324,6.1123529411764705,282,5,623.46
16793.0,1,146,15.24,57,1,243.84
16794.0,17,1598,3.9802115384615386,1,17,2069.71
16795.0,5,1445,5.8975837320574165,365,5,2465.19
16796.0,1,186,16.97888888888889,89,1,305.62
16797.0,9,901,4.315869565217391,393,9,1786.77
16798.0,4,207,4.7860571428571435,554,4,837.5600000000001
16799.0,3,175,4.589065420560748,432,3,491.03000000000003
16800.0,1,540,7.326158536585366,11,1,1201.49
16801.0,5,313,7.172148760330579,163,5,867.83
16802.0,2,369,10.992641509433962,679,2,582.61
16803.0,1,245,13.845833333333333,65,1,332.3
16804.0,3,246,8.949833333333334,23,3,536.99
16805.0,5,1122,4.3714741035856575,174,5,1097.24
16806.0,4,378,7.781456310679611,103,4,801.49
16807.0,8,1413,14.339444444444446,143,8,2064.88
16808.0,2,196,12.540000000000001,99,2,288.42
16809.0,10,1092,6.636461538461538,23,10,1725.48
16810.0,4,367,20.687894736842104,192,4,786.14
16811.0,2,477,19.538214285714286,5,2,547.07
16812.0,5,1100,19.110344827586207,361,5,2216.8
16813.0,10,1525,3.7705567928730512,8,10,1692.98
16814.0,37,5065,15.517031055900622,14,37,12491.210000000001
16815.0,2,238,5.553648648648649,454,2,410.97
16816.0,4,274,14.895,103,4,417.06
16817.0,18,1465,15.629819277108435,3,18,2594.55
16818.0,13,2163,17.37157068062827,11,13,3317.97
16819.0,2,253,10.740588235294117,465,2,182.59
16820.0,1,307,19.138846153846153,96,1,497.61
16821.0,1,13,16.192857142857143,382,1,113.35
16822.0,3,166,11.141538461538461,664,3,144.84
16823.0,8,1167,12.801931818181817,227,8,2253.14
16824.0,3,390,17.595897435897434,16,3,686.24
16825.0,5,1297,28.54515625,39,5,1826.89
16826.0,1,158,15.531818181818181,51,1,341.7
16827.0,5,125,32.6775,393,5,392.13
16828.0,2,59,16.0625,93,2,128.5
16829.0,2,215,19.011851851851855,157,2,513.32
16830.0,5,693,15.175641025641026,39,5,1183.7
16831.0,1,48,15.299999999999999,565,1,91.8
16832.0,5,179,19.886190476190478,184,5,417.61
16833.0,6,878,26.18521739130435,1,6,2409.04
16834.0,2,760,18.728333333333335,228,2,898.96
16835.0,10,493,15.994673913043478,128,10,1471.51
16836.0,4,539,18.627857142857142,40,4,782.37
16837.0,12,1562,19.082710843373494,31,12,3167.73
16838.0,6,504,18.469836065573773,197,6,1126.66
16839.0,51,11011,53.76479487179487,9,51,20968.27
16840.0,3,116,12.671000000000001,603,3,126.71000000000001
16841.0,14,3445,17.38081447963801,37,14,3841.16
16842.0,4,692,19.694375,64,4,1260.44
16843.0,38,18459,32.60230383973288,43,38,19528.78
16844.0,2,281,19.198125,563,2,614.34
16845.0,1,167,12.694,618,1,253.88000000000002
16846.0,3,517,17.923617021276595,50,3,842.41
16847.0,2,255,16.618648648648648,43,2,614.89
16848.0,4,780,16.607294117647058,53,4,1411.62
16849.0,1,33,15.57125,187,1,124.57
16850.0,1,249,17.495263157894737,334,1,332.41
16851.0,3,271,17.1225,4,3,342.45
16852.0,2,56,16.101111111111113,10,2,144.91000000000003
16853.0,1,-10,-33.75,731,1,-67.5
16854.0,2,997,18.786133333333336,417,2,1408.96
16855.0,2,164,17.28421052631579,24,2,328.4
16856.0,3,171,18.867894736842107,15,3,358.49
16857.0,1,168,32.07272727272727,443,1,352.8
16858.0,16,1462,28.59116129032258,366,16,4431.63
16859.0,10,1728,12.751846153846154,106,10,1657.74
16860.0,4,624,36.219772727272726,453,4,1593.67
16861.0,6,602,17.025849056603775,60,6,902.37
16862.0,4,513,18.923714285714286,547,4,662.33
16863.0,5,728,16.846034482758622,29,5,977.07
16864.0,2,283,24.073529411764707,434,2,409.25
16865.0,1,157,8.184375,402,1,130.95
16866.0,3,60,18.885454545454543,141,3,207.73999999999998
16867.0,1,58,12.790000000000001,690,1,76.74000000000001
16868.0,3,116,7.285,394,3,393.39
16869.0,5,581,6.245116279069768,23,5,805.62
16870.0,1,278,16.077142857142857,469,1,450.15999999999997
16871.0,7,1250,19.866834532374103,22,7,2761.4900000000002
16872.0,6,1079,67.39611111111111,77,6,1213.13
16873.0,17,8583,27.761507633587787,5,17,14547.03
16874.0,1,81,6.404117647058824,379,1,217.74
16875.0,20,2055,16.084126984126986,64,20,4053.2000000000003
16876.0,1,181,4.2503125,404,1,136.01
16877.0,6,463,5.369308176100629,12,6,853.72
16878.0,2,0,0.0,25,2,0.0
16879.0,2,-2,-70.47999999999999,420,2,-140.95999999999998
16880.0,8,911,9.844171122994652,31,8,1840.86
16881.0,1,600,432.0,67,1,432.0
16882.0,3,424,18.080000000000002,67,3,705.12
16883.0,20,1079,8.258269896193772,187,20,2386.64
16884.0,4,521,14.318933333333334,38,4,1073.92
16885.0,4,376,5.005211267605634,15,4,710.74
16886.0,2,0,0.0,445,2,0.0
16887.0,3,424,6.477647058823529,35,3,660.72
16888.0,3,147,8.09537037037037,401,3,437.15
16889.0,6,1616,11.609633027522936,195,6,2530.9
16890.0,3,243,15.02157894736842,477,3,285.40999999999997
16891.0,11,774,3.9860852713178296,2,11,2056.82
16892.0,9,366,5.201418439716312,1,9,733.4
16893.0,2,182,2.976074074074074,367,2,401.77
16894.0,5,501,6.509441624365482,502,5,1282.36
16895.0,5,433,6.558011695906433,65,5,1121.42
16896.0,1,18,5.775,555,1,103.95
16897.0,3,58,4.841590909090909,299,3,213.03
16898.0,6,739,3.009050847457627,26,6,887.67
16899.0,8,818,9.61463687150838,8,8,1721.02
16900.0,5,723,2.2889024390243917,12,5,187.6900000000001
16901.0,1,42,8.880869565217392,729,1,204.26
16902.0,1,629,38.79272727272728,116,1,1706.88
16903.0,4,721,5.336683937823834,29,4,1029.98
16904.0,21,2809,5.226446028513238,4,21,5132.37
16905.0,20,2056,14.505797101449275,5,20,5004.5
16906.0,7,613,6.439111111111111,82,7,1448.8
16907.0,9,532,6.69764705882353,29,9,1707.9
16908.0,2,41,7.313809523809524,722,2,153.59
16909.0,2,434,19.165263157894735,64,2,364.14
16910.0,8,886,2.7606215722120657,4,8,1510.06
16911.0,3,159,6.793243243243244,627,3,251.35000000000002
16912.0,18,1678,25.04858757062147,23,18,4433.6
16913.0,3,229,23.550555555555555,290,3,423.90999999999997
16914.0,1,121,5.4857894736842105,36,1,208.46
16915.0,11,190,20.853783783783786,9,11,1543.18
16916.0,4,764,4.255303030303031,24,4,1123.4
16917.0,3,792,35.55538461538462,277,3,1848.88
16918.0,19,2049,6.777667386609071,50,19,3138.06
16919.0,28,2409,7.835364341085272,156,28,5053.81
16920.0,1,81,15.454347826086956,411,1,355.45
16921.0,3,299,4.701789473684211,61,3,446.67
16922.0,1,281,5.008852459016394,573,1,611.08
16923.0,41,6033,11.047823834196892,12,41,12793.380000000001
16924.0,4,480,8.308988764044944,21,4,739.5
16925.0,1,123,6.980555555555556,540,1,125.65
16926.0,6,236,12.264347826086958,371,6,1410.4
16927.0,3,993,90.50833333333333,116,3,543.05
16928.0,33,2686,11.677134502923977,80,33,3993.58
16929.0,7,929,16.823246753246753,4,7,1295.39
16930.0,3,341,7.0472222222222225,26,3,380.55
16931.0,23,3463,5.228391608391608,5,23,5233.62
16932.0,3,229,3.060486111111111,53,3,440.71
16933.0,16,1526,10.09641693811075,1,16,3099.6
16934.0,7,936,14.32013698630137,55,7,2090.74
16935.0,3,278,7.33013698630137,382,3,535.1
16936.0,2,342,3.909007092198581,26,2,551.17
16937.0,1,126,3.9627450980392154,499,1,202.1
16938.0,10,3569,7.419271206690562,9,10,6209.93
16939.0,3,232,10.204545454545455,489,3,449.0
16940.0,11,4470,9.835291338582676,52,11,6245.41
16941.0,1,12,16.5,612,1,33.0
16942.0,10,807,6.692968197879858,13,10,1894.11
16943.0,7,145,22.073783783783785,212,7,816.73
16944.0,1,27,14.48,610,1,101.36
16945.0,35,5875,17.92155462184874,22,35,8530.66
16946.0,6,503,15.783421052631578,383,6,1199.54
16947.0,10,613,14.945500000000001,236,10,896.73
16948.0,7,2091,20.203953488372093,139,7,868.77
16949.0,7,790,19.0372131147541,4,7,1161.27
16950.0,12,2399,24.34764705882353,57,12,3725.19
16951.0,4,1306,14.514367816091953,123,4,1262.75
16952.0,5,344,9.077045454545454,109,5,798.78
16953.0,1,10,20.8,30,1,20.8
16954.0,21,4077,29.16584541062802,1,21,6037.33
16955.0,9,796,21.019333333333336,185,9,1261.16
16956.0,2,112,16.24111111111111,9,2,292.34
16957.0,2,172,26.04,239,2,416.64
16958.0,1,561,10.93837837837838,435,1,809.44
16959.0,1,49,16.764285714285716,87,1,117.35000000000001
16960.0,9,1504,4.292951167728238,39,9,2021.98
16961.0,6,479,14.054727272727273,116,6,773.01
16962.0,1,158,16.736,410,1,251.04
16963.0,1,35,15.792857142857144,187,1,110.55000000000001
16964.0,2,49,34.641666666666666,733,2,207.85
16965.0,1,291,7.738076923076923,227,1,201.19
16966.0,10,1978,69.30548387096773,8,10,2148.47
16967.0,1,333,15.19142857142857,189,1,319.02
16968.0,2,326,14.175161290322581,4,2,439.43
16969.0,3,816,15.48595238095238,39,3,650.41
16970.0,1,12,35.7,626,1,71.4
16971.0,2,71,5.528809523809524,3,2,232.21
16972.0,2,190,8.934659090909092,383,2,786.25
16973.0,1,60,21.166666666666668,386,1,127.0
16974.0,2,70,45.6875,523,2,365.5
16975.0,5,580,19.200425531914895,414,5,902.4200000000001
16976.0,1,88,125.75999999999999,267,1,251.51999999999998
16977.0,4,142,17.714285714285715,395,4,496.0
16978.0,3,285,11.475820895522387,78,3,768.88
16979.0,12,1440,20.955563909774437,4,12,2787.09
16980.0,3,1039,13.154732142857144,255,3,1473.3300000000002
16981.0,1,-1,-4620.86,540,1,-4620.86
16982.0,1,182,17.457272727272727,61,1,384.06
16983.0,12,2495,14.79668,13,12,3699.17
16984.0,19,5297,9.13743103448276,78,19,10599.42
16985.0,26,3098,42.69538461538462,17,26,10545.76
16986.0,11,2539,28.096264367816094,30,11,4888.75
16987.0,12,677,9.453183520599252,3,12,2524.0
16988.0,2,158,19.1335,5,2,382.67
16989.0,6,1233,94.4375,7,6,1133.25
16990.0,2,200,172.0,219,2,344.0
16991.0,1,793,14.070405405405406,421,1,1041.21
16992.0,15,2057,18.958680555555556,11,15,5460.1
16993.0,3,261,58.21206896551725,463,3,1688.15
16994.0,1,-1,-779.32,626,1,-779.32
16995.0,1,-2,-1.25,372,1,-2.5
16996.0,13,886,23.49609195402299,30,13,2044.16
16997.0,3,360,58.5,288,3,702.0
16998.0,7,101,49.252500000000005,150,7,394.02000000000004
16999.0,2,294,21.07913043478261,23,2,484.82
17000.0,2,305,13.543333333333333,396,2,406.3
17001.0,19,3782,24.148363636363637,1,19,6640.8
17002.0,8,1264,30.183529411764706,73,8,2565.6
17003.0,4,495,7.4121428571428565,402,4,830.16
17004.0,4,1281,34.64514285714286,46,4,2425.16
17005.0,3,786,34.876666666666665,471,3,732.41
17006.0,8,573,12.587076923076923,5,8,1636.32
17007.0,8,707,16.288235294117648,51,8,1107.6000000000001
17008.0,1,24,81.36,429,1,81.36
17009.0,1,336,22.005454545454544,551,1,242.06
17010.0,2,116,15.455,17,2,185.46
17011.0,4,684,18.506896551724136,30,4,536.6999999999999
17012.0,1,268,9.146666666666667,725,1,384.16
17013.0,2,-2,-1612.38,603,2,-3224.76
17014.0,4,240,7.5410666666666675,8,4,565.58
17015.0,3,1981,8.491059907834101,29,3,1842.56
17016.0,1,309,13.473170731707317,577,1,552.4
17017.0,41,10501,18.01204899777283,3,41,8087.41
17018.0,6,456,61.82972972972973,41,6,2287.7
17019.0,13,2621,5.526573426573426,11,13,3951.5
17020.0,2,860,13.559710144927536,542,2,935.62
17021.0,6,992,24.629583333333333,442,6,1182.22
17022.0,2,180,16.25,31,2,260.0
17023.0,3,530,16.33020408163265,417,3,800.18
17024.0,3,69,31.95,45,3,95.85
17025.0,5,1024,35.96761904761905,61,5,1510.64
17026.0,3,132,26.1225,185,3,208.98
17027.0,10,647,6.837287234042553,79,10,1285.41
17028.0,3,856,16.777157894736842,581,3,1593.83
17029.0,7,1265,73.7,111,7,2137.3
17030.0,1,146,13.351818181818182,64,1,146.87
17031.0,6,1595,55.477,12,6,2773.85
17032.0,13,1684,8.740081300813008,442,13,2150.06
17033.0,4,871,33.31975,86,4,1332.79
17034.0,7,679,19.06646153846154,16,7,1239.32
17035.0,5,299,15.361891891891892,246,5,568.39
17036.0,1,76,14.741666666666667,383,1,176.9
17037.0,2,652,16.275584415584415,78,2,1253.22
17038.0,2,535,11.796349206349205,30,2,743.17
17039.0,1,689,44.43159090909091,604,1,1954.99
17040.0,2,189,28.953125,138,2,463.25
17041.0,7,1333,12.849846153846155,27,7,1670.48
17042.0,5,994,10.656938775510202,3,5,1044.3799999999999
17043.0,8,1624,12.763658536585364,32,8,2616.5499999999997
17044.0,16,5692,74.63899371069182,9,16,11867.6
17045.0,5,294,15.616603773584908,113,5,827.6800000000001
17046.0,5,1636,22.42435294117647,157,5,1906.07
17047.0,6,1184,16.121338028169014,85,6,2289.23
17048.0,11,1033,18.611682242990653,115,11,1991.45
17049.0,25,4217,16.541,3,25,9593.78
17050.0,12,2450,12.267206703910615,96,12,4391.66
17051.0,4,513,4.550254777070063,194,4,714.39
17052.0,1,261,4.497282608695652,28,1,413.75
17053.0,2,121,35.455714285714286,129,2,496.38
17054.0,6,802,16.117023809523808,28,6,1353.83
17055.0,1,87,7.985,446,1,239.55
17056.0,1,26,16.075,738,1,128.6
17057.0,1,129,5.8948,596,1,294.74
17058.0,3,592,19.030483870967743,82,3,1179.89
17059.0,10,3578,6.632814726840855,30,10,5584.83
17060.0,1,216,46.848,266,1,234.24
17061.0,12,1484,50.65475247524753,74,12,5116.13
17062.0,7,920,7.29890909090909,314,7,1204.32
17063.0,23,1882,16.483317972350232,9,23,3576.88
17064.0,3,318,13.860483870967743,59,3,859.35
17065.0,3,81,6.334615384615384,143,3,82.35
17066.0,1,93,12.685555555555556,726,1,228.34
17067.0,3,322,34.964615384615385,725,3,454.54
17068.0,49,4422,8.88649464459591,12,49,9126.43
17069.0,21,3291,18.446451612903225,28,21,5718.4
17070.0,2,234,4.241142857142857,114,2,445.32
17071.0,20,1916,16.764349775784755,9,20,3738.4500000000003
17072.0,1,218,12.820454545454545,625,1,282.05
17073.0,4,759,8.310862068965516,18,4,1446.09
17074.0,1,19,50.7625,563,1,203.05
17075.0,11,784,10.942758620689656,18,11,2221.38
17076.0,6,514,24.855,36,6,1242.75
17077.0,1,36,306.0,578,1,306.0
17078.0,2,788,13.507142857142856,36,2,378.2
17079.0,1,24,59.400000000000006,78,1,118.80000000000001
17080.0,8,567,28.100294117647056,22,8,955.41
17081.0,6,389,4.506495327102804,25,6,964.39
17082.0,6,2526,27.835470588235292,33,6,4732.03
17083.0,11,1950,34.487863247863245,109,11,4035.08
17084.0,4,3291,17.626169491525424,35,4,5199.72
17085.0,32,3555,7.71881592039801,123,32,7757.41
17086.0,6,1859,21.355,7,6,2050.08
17087.0,1,113,18.460833333333333,738,1,221.53
17088.0,4,868,17.313130434782607,28,4,1991.01
17089.0,1,35,32.1125,386,1,128.45
17090.0,15,1337,32.51,4,15,3055.94
17091.0,23,3839,16.203125,3,23,7777.5
17092.0,14,3795,13.908275000000001,50,14,5563.31
17093.0,1,114,18.144615384615385,593,1,235.88
17094.0,3,208,19.494736842105265,318,3,370.40000000000003
17095.0,12,1680,16.285845070422535,22,12,2312.59
17096.0,17,1558,16.40368888888889,9,17,3690.83
17097.0,10,658,4.243429487179488,2,10,1323.95
17098.0,3,125,32.837222222222216,382,3,591.0699999999999
17099.0,1,317,14.55425,533,1,582.17
17100.0,2,800,14.949846153846154,18,2,971.74
17101.0,7,1175,34.34315068493151,10,7,2507.05
17102.0,1,2,25.5,262,1,25.5
17103.0,1,471,13.259375,722,1,424.3
17104.0,1,149,24.948947368421052,424,1,474.03
17105.0,2,693,7.397555555555555,159,2,665.78
17106.0,1,156,9.268490566037736,389,1,491.23
17107.0,13,7232,22.765043731778427,33,13,15616.82
17108.0,1,31,19.438888888888886,664,1,174.95
17109.0,10,773,8.889583333333333,29,10,1280.1
17110.0,3,142,10.013725490196078,165,3,510.7
17111.0,2,601,9.726122448979591,47,2,476.58
17112.0,1,134,4.1034,503,1,205.17
17113.0,8,816,12.262558139534883,505,8,2109.16
17114.0,10,210,5.534962962962963,6,10,747.22
17115.0,13,865,20.281317829457365,8,13,2616.29
17116.0,1,392,8.293191489361702,648,1,389.78
17117.0,1,68,12.911111111111111,288,1,116.2
17118.0,1,154,15.701999999999998,318,1,157.01999999999998
17119.0,3,327,15.621315789473684,3,3,593.61
17120.0,1,120,17.08111111111111,233,1,307.46
17121.0,1,106,26.228333333333335,403,1,314.74
17122.0,4,368,19.016666666666666,119,4,570.5
17123.0,3,676,22.724883720930233,162,3,977.17
17124.0,1,130,9.3403125,185,1,298.89
17125.0,1,291,6.483750000000001,50,1,259.35
17126.0,11,1466,4.313501048218029,152,11,2057.54
17127.0,5,340,31.217027027027033,429,5,1155.0300000000002
17128.0,1,76,11.220714285714285,335,1,157.09
17129.0,1,5,15.925,520,1,31.85
17130.0,1,-1,-18.38,682,1,-18.38
17131.0,5,983,18.38186567164179,5,5,2463.17
17132.0,2,980,16.317948717948717,452,2,1272.8
17133.0,13,9019,205.9061904761905,16,13,12972.09
17134.0,3,148,17.21891891891892,107,3,637.1
17135.0,11,1896,12.069813664596273,16,11,1943.24
17136.0,1,256,16.548571428571428,662,1,231.68
17137.0,6,697,6.441079545454546,416,6,1133.63
17138.0,7,2024,17.2549609375,276,7,4417.27
17139.0,29,9839,23.79927960927961,16,29,19491.61
17140.0,1,302,23.266,247,1,465.32
17141.0,4,436,4.335229885057472,418,4,754.33
17142.0,4,323,14.26388888888889,239,4,1283.75
17143.0,2,330,7.637272727272728,417,2,924.11
17144.0,2,483,20.511875,1,2,984.57
17145.0,7,2563,16.20774193548387,465,7,3014.64
17146.0,16,2176,18.75724919093851,106,16,5795.99
17147.0,16,1295,20.87857142857143,23,16,3069.15
17148.0,1,82,13.875555555555556,52,1,124.88
17149.0,1,18,23.850000000000005,451,1,143.10000000000002
17150.0,6,403,14.791935483870969,377,6,1375.65
17151.0,1,42,57.97500000000001,735,1,231.90000000000003
17152.0,5,537,101.69444444444444,195,5,1830.5
17153.0,1,104,15.27,24,1,213.78
17154.0,1,490,14.319130434782608,75,1,329.34
17155.0,7,987,12.225479452054795,18,7,892.46
17156.0,2,385,13.952926829268295,484,2,572.07
17157.0,20,2089,35.94020979020979,8,20,5139.45
17158.0,6,1143,17.063478260869566,32,6,1962.3
17159.0,6,1347,15.995725190839694,22,6,2095.44
17160.0,18,8386,15.574595419847329,31,18,10201.36
17161.0,1,537,16.46173076923077,444,1,856.01
17162.0,11,1000,16.25914285714286,29,11,1707.21
17163.0,4,531,23.326,22,4,699.78
17164.0,8,1500,17.009655172413794,33,8,2466.4
17165.0,8,785,17.316796116504854,284,8,1783.63
17166.0,3,75,13.535,39,3,189.49
17167.0,3,429,10.97607594936709,380,3,867.11
17168.0,1,220,19.057142857142857,499,1,400.2
17169.0,6,659,13.292705882352942,50,6,1129.88
17170.0,3,146,10.816363636363636,374,3,118.98
17171.0,2,225,15.3836,289,2,384.59
17172.0,6,1198,21.185813953488374,75,6,910.99
17173.0,9,1121,43.1683908045977,5,9,3755.65
17174.0,1,41,14.975,218,1,59.9
17175.0,5,865,22.3584375,44,5,1430.94
17176.0,3,576,21.483809523809523,202,3,902.3199999999999
17177.0,1,40,4.120689655172414,505,1,119.5
17178.0,1,101,13.647187500000001,731,1,436.71000000000004
17179.0,6,625,9.539620253164557,178,6,1507.26
17180.0,14,1822,5.401763285024154,56,14,2236.33
17181.0,3,484,15.512333333333334,57,3,465.37
17182.0,2,54,53.550000000000004,423,2,321.3
17183.0,8,1264,43.24881578947369,8,8,3286.9100000000003
17184.0,2,73,14.172142857142857,569,2,198.41
17185.0,3,119,5.215,592,3,229.46
17186.0,2,200,72.0,47,2,144.0
17187.0,2,426,20.335217391304347,227,2,467.71
17188.0,17,2535,23.9660989010989,11,17,4361.83
17189.0,5,604,7.785609756097561,106,5,957.63
17190.0,8,2224,7.898163265306122,59,8,1548.04
17191.0,16,2534,8.351649305555556,28,16,4810.55
17192.0,1,46,3.7061904761904763,536,1,77.83
17193.0,12,1616,46.97083333333333,36,12,2254.6
17194.0,3,420,13.319672131147541,274,3,812.5
17195.0,1,486,18.160645161290322,655,1,562.98
17196.0,1,168,3.3932692307692305,428,1,352.9
17197.0,1,191,34.93137931034483,30,1,1013.01
17198.0,3,599,7.016647398843931,24,3,1213.88
17199.0,1,304,16.124444444444446,582,1,145.12
17200.0,4,367,14.2684,387,4,356.71
17201.0,5,1051,6.5585026737967915,54,5,1226.44
17202.0,1,55,20.08125,421,1,160.65
17203.0,10,4606,20.651407407407408,36,10,5575.88
17204.0,15,2591,27.70363157894737,169,15,5263.6900000000005
17205.0,3,2214,28.552857142857142,54,3,999.35
17206.0,1,76,29.177142857142858,53,1,204.24
17207.0,1,241,4.525671641791044,652,1,303.21999999999997
17208.0,1,103,4.80625,396,1,115.35000000000001
17209.0,3,731,15.290000000000001,649,3,611.6
17210.0,1,243,4.6920370370370375,393,1,253.37
17211.0,15,2328,10.531842105263157,27,15,4002.1
17212.0,3,727,27.393448275862067,253,3,794.41
17213.0,20,2157,17.043389261744966,40,20,5078.93
17214.0,7,275,9.462692307692308,60,7,984.12
17215.0,1,104,16.922727272727272,464,1,186.15
17216.0,1,22,4.646428571428571,554,1,65.05
17217.0,2,95,7.517241379310345,234,2,218.0
17218.0,18,2200,7.986057142857144,4,18,4192.68
17219.0,2,188,5.1826,32,2,259.13
17220.0,21,2699,6.581130690161527,24,21,4481.75
17221.0,5,715,7.766031746031746,7,5,978.52
17222.0,6,863,14.203628318584071,65,6,1605.01
17223.0,3,222,8.648811881188118,310,3,873.53
17224.0,1,65,12.6075,501,1,100.86
17225.0,1,36,26.23,582,1,131.15
17226.0,3,855,14.756065573770492,309,3,900.12
17227.0,12,1774,16.17624,19,12,2022.03
17228.0,13,2568,8.874972067039106,16,13,3177.24
17229.0,2,185,6.782127659574468,96,2,318.76
17230.0,23,3799,42.15613043478261,264,23,9695.91
17231.0,35,3720,5.66379392971246,12,35,7091.07
17232.0,2,203,11.708888888888888,3,2,421.52
17233.0,3,298,9.67,35,3,560.86
17234.0,1,55,10.706428571428573,183,1,149.89000000000001
17235.0,8,971,19.24121212121212,25,8,1904.8799999999999
17236.0,12,804,12.210506329113924,13,12,1929.26
17237.0,4,415,12.526,11,4,1002.08
17238.0,32,3720,6.322583265637693,3,32,7783.1
17239.0,6,513,34.53382352941177,313,6,1174.15
17240.0,1,108,18.657142857142855,596,1,130.6
17241.0,12,865,16.047602339181285,385,12,2744.14
17242.0,5,1459,34.396190476190476,108,5,2889.28
17243.0,80,8171,17.930051948051947,1,80,20709.21
17244.0,5,1419,15.217,53,5,1826.04
17245.0,2,307,14.8652,205,2,371.63
17246.0,2,36,6.486666666666667,547,2,38.92
17247.0,1,106,5.130727272727273,15,1,282.19
17248.0,2,292,4.668034188034188,120,2,546.16
17249.0,1,79,2.51962962962963,429,1,68.03
17250.0,2,168,6.7459649122807015,4,2,384.52
17251.0,4,377,9.80158536585366,363,4,803.73
17252.0,2,193,4.067356321839081,117,2,353.86
17253.0,1,43,9.903333333333332,18,1,178.26
17254.0,3,398,3.180608108108108,5,3,470.73
17255.0,4,594,4.205947368421053,41,4,799.13
17256.0,5,299,16.094516129032257,107,5,498.93
17257.0,2,188,12.848666666666666,436,2,192.73
17258.0,2,188,7.587272727272728,397,2,417.3
17259.0,6,1158,5.725272727272727,148,6,1889.34
17260.0,1,23,20.158333333333335,411,1,120.95
17261.0,1,98,5.009565217391304,510,1,230.44
17262.0,11,709,131.3152380952381,52,11,2757.62
17263.0,1,36,2.758260869565217,208,1,63.44
17264.0,1,227,3.3284523809523807,424,1,279.59
17265.0,2,394,4.432283464566929,139,2,562.9
17266.0,5,252,4.0766141732283465,2,5,517.73
17267.0,2,159,8.358421052631579,127,2,317.62
17268.0,11,1395,57.79633333333333,108,11,1733.8899999999999
17269.0,1,336,3.681232876712329,386,1,537.46
17270.0,2,421,12.33469387755102,469,2,604.4
17271.0,1,117,4.045961538461539,736,1,210.39
17272.0,5,1776,18.4873275862069,42,5,2144.53
17273.0,1,133,11.76,424,1,141.12
17274.0,2,273,7.308607594936709,35,2,577.38
17275.0,1,72,4.7716666666666665,383,1,114.52
17276.0,2,184,7.918245614035087,400,2,451.34
17277.0,2,430,15.439855072463766,228,2,1065.35
17278.0,2,195,15.955294117647059,241,2,271.24
17279.0,1,48,20.87,58,1,187.83
17280.0,1,74,19.81,438,1,118.85999999999999
17281.0,6,295,132.975,374,6,797.8499999999999
17282.0,5,2351,10.78184331797235,130,5,2339.66
17283.0,1,179,12.564,379,1,188.46
17284.0,11,2067,6.159312169312169,60,11,2328.22
17285.0,2,140,8.741632653061224,628,2,428.34
17286.0,3,371,4.25247311827957,22,3,395.48
17287.0,23,2097,8.24086519114688,26,23,4095.71
17288.0,11,1706,8.474508474576272,9,11,2499.98
17289.0,11,1258,7.366156583629893,32,11,2069.89
17290.0,8,1147,7.396256157635468,4,8,1501.44
17291.0,1,72,550.8000000000001,308,1,550.8000000000001
17292.0,2,131,18.116666666666667,472,2,271.75
17293.0,17,2234,15.405020408163265,8,17,3774.23
17294.0,2,297,27.51705882352941,669,2,467.78999999999996
17295.0,3,294,8.071739130434784,29,3,556.95
17296.0,1,216,10.246363636363636,730,1,338.13
17297.0,1,67,2.583921568627451,17,1,131.78
17298.0,6,842,13.415774647887323,101,6,952.52
17299.0,6,934,8.467333333333334,12,6,1016.08
17300.0,2,467,8.946363636363635,391,2,393.64
17301.0,2,229,2.7308264462809917,21,2,330.43
17302.0,6,573,13.826296296296297,15,6,1119.93
17303.0,1,144,4.717735849056604,361,1,250.04
17304.0,1,73,22.3,534,1,111.5
17305.0,1,1006,237.27333333333334,649,1,2135.46
17306.0,23,13726,130.02360000000002,11,23,9751.77
17307.0,15,3089,60.861698113207545,365,15,3225.67
17308.0,2,5148,644.5371428571428,393,2,4511.76
17309.0,3,193,8.934864864864863,95,3,330.59
17310.0,2,402,512.55,387,2,1025.1
17311.0,7,2709,27.05937984496124,78,7,3490.66
17312.0,3,372,46.021428571428565,139,3,644.3
17313.0,2,1382,81.71892857142858,18,2,2288.13
17314.0,22,3225,15.785664335664334,25,22,4514.7
17315.0,49,5091,12.34954780361757,1,49,9558.55
17316.0,1,44,3.5557142857142856,420,1,124.45
17317.0,5,1074,229.45636363636365,46,5,2524.02
17318.0,1,60,9.126666666666667,725,1,164.28
17319.0,1,14,9.700000000000001,669,1,29.1
17320.0,6,1392,16.64235632183908,100,6,2895.77
17321.0,6,817,5.9023050847457625,8,6,1741.18
17322.0,7,624,5.003555555555556,376,7,900.64
17323.0,14,1436,4.569147058823529,15,14,1553.51
17324.0,13,1501,14.044901960784314,18,13,2148.87
17325.0,3,465,15.629999999999999,280,3,609.5699999999999
17326.0,2,140,3.6174157303370786,408,2,321.95
17327.0,2,59,38.0875,410,2,152.35
17328.0,1,86,17.45,673,1,104.7
17329.0,5,432,9.566,14,5,1004.4300000000001
17330.0,4,122,52.975,23,4,423.8
17331.0,1,16,175.2,124,1,175.2
17332.0,5,794,8.823894736842105,528,5,838.27
17333.0,1,375,17.651785714285715,86,1,494.25
17334.0,4,565,19.8353125,301,4,634.73
17335.0,2,216,13.025641025641026,384,2,508.0
17336.0,1,48,81.12,472,1,81.12
17337.0,7,1240,3.5480291970802917,151,7,1944.32
17338.0,20,5863,8.798662280701754,17,20,12036.57
17339.0,4,168,20.224,94,4,303.36
17340.0,30,11093,26.336580565805658,9,30,21411.64
17341.0,5,1169,4.643316953316953,157,5,1889.83
17342.0,7,499,28.896000000000004,374,7,1155.8400000000001
17343.0,6,454,15.74925,355,6,1259.94
17344.0,3,211,6.494428571428571,46,3,454.61
17345.0,12,1954,6.568053097345132,15,12,1484.3799999999999
17346.0,27,3635,5.1956719367588935,4,27,5258.02
17347.0,1,216,228.96,86,1,228.96
17348.0,9,2793,5.371822125813448,15,9,2476.41
17349.0,5,840,9.066489361702128,179,5,852.25
17350.0,8,1180,12.763,8,8,1876.161
17351.0,12,383,28.814927536231885,36,12,1988.23
17352.0,1,15,7.25,696,1,36.25
17353.0,7,2136,185.62058823529412,129,7,3155.55
17354.0,4,2535,30.225576923076922,51,4,3143.46
17355.0,1,257,7.705675675675676,386,1,285.11
17356.0,5,925,11.00546511627907,312,5,946.47
17357.0,2,153,8.625333333333334,24,2,388.14
17358.0,5,442,5.891496598639456,303,5,866.0500000000001
17359.0,2,237,7.48578947368421,11,2,284.46
17360.0,7,635,4.985186721991702,17,7,1201.43
17361.0,5,383,15.18344827586207,49,5,880.64
17362.0,8,547,6.921506849315068,239,8,1010.54
17363.0,3,523,26.135,395,3,940.86
17364.0,31,7490,12.631945945945946,1,31,11684.55
17365.0,16,8053,10.244481897627965,13,16,8205.83
17366.0,3,509,8.04845588235294,392,3,1094.59
17367.0,1,150,4.952941176470588,238,1,168.4
17368.0,16,1627,8.5784496124031,23,16,2213.24
17369.0,1,1152,979.1999999999999,456,1,979.1999999999999
17370.0,4,540,13.520606060606061,73,4,446.18
17371.0,6,283,4.538013698630136,17,6,662.55
17372.0,31,1827,6.436651785714286,41,31,4325.43
17373.0,7,738,12.82967032967033,40,7,1167.5
17374.0,4,153,16.539767441860466,219,4,711.21
17375.0,5,474,7.192613636363637,190,5,632.95
17376.0,4,244,8.248,71,4,453.64
17377.0,91,7540,9.939537861915367,24,91,17851.41
17378.0,2,0,0.0,374,2,0.0
17379.0,1,663,4.875421686746988,11,1,404.66
17380.0,4,251,58.52272727272727,434,4,643.75
17381.0,39,45764,228.5668,9,39,39999.19
17382.0,8,457,50.126666666666665,65,8,902.28
17383.0,2,162,5.848867924528302,4,2,309.99
17384.0,3,121,25.3775,19,3,507.55
17385.0,1,201,5.555531914893617,15,1,261.11
17386.0,7,1955,74.02026315789473,8,7,2812.77
17387.0,2,542,10.052692307692308,20,2,784.11
17388.0,11,2567,47.22052631578948,78,11,2691.57
17389.0,77,17520,121.57467706013362,1,77,54587.03
17390.0,1,49,12.441666666666665,421,1,149.29999999999998
17391.0,2,480,169.6,164,2,508.8
17392.0,3,493,8.244210526315788,307,3,626.56
17393.0,2,238,7.940625000000001,411,2,381.15000000000003
17394.0,1,241,50.967499999999994,219,1,203.86999999999998
17395.0,1,66,32.5,508,1,97.5
17396.0,16,2325,149.6421052631579,39,16,8529.6
17397.0,3,697,8.93608695652174,22,3,1233.18
17398.0,3,310,17.19421052631579,115,3,653.38
17399.0,1,-1,-25111.09,540,1,-25111.09
17400.0,8,2199,9.723596673596674,126,8,4677.05
17401.0,1,34,9.570833333333333,541,1,114.85
17402.0,26,1567,24.382028985507247,5,26,5047.08
17403.0,2,194,8.708043478260869,36,2,400.57
17404.0,28,50005,154.90511784511784,4,28,46006.82
17405.0,5,705,10.289574468085107,1,5,967.22
17406.0,18,2104,17.07100371747212,330,18,4592.1
17407.0,1,426,24.039130434782606,412,1,552.9
17408.0,4,91,18.32111111111111,163,4,164.89000000000001
17409.0,10,4089,74.93759615384616,185,10,7793.51
17410.0,5,616,18.98,16,5,1214.72
17411.0,9,573,15.13564705882353,12,9,1286.53
17412.0,19,2577,18.1197520661157,3,19,4384.98
17413.0,2,302,56.013999999999996,405,2,560.14
17414.0,6,6256,107.12,44,6,2249.52
17415.0,1,114,36.27428571428571,80,1,507.84
17416.0,25,8731,28.702450000000002,30,25,17221.47
17417.0,1,76,10.26125,549,1,164.18
17418.0,3,521,15.953809523809525,42,3,670.0600000000001
17419.0,20,3083,20.234125,11,20,6474.92
17420.0,8,497,18.212372881355932,50,8,1074.53
17421.0,3,807,18.265689655172416,386,3,1059.41
17422.0,20,3375,14.341845493562232,16,20,3341.65
17423.0,5,752,24.09266666666667,45,5,1084.17
17424.0,1,-1,-176.96,428,1,-176.96
17425.0,2,407,17.65511627906977,19,2,759.1700000000001
17426.0,17,5090,17.287204545454546,4,17,7606.37
17427.0,1,34,50.4,72,1,100.8
17428.0,51,17391,41.762112299465244,1,51,31238.06
17429.0,7,1276,13.557171717171718,121,7,1342.16
17430.0,4,515,17.50404761904762,33,4,735.17
17431.0,1,292,9.37906976744186,313,1,403.3
17432.0,9,1016,6.322707581227437,18,9,1751.39
17433.0,2,305,6.128602150537635,88,2,569.96
17434.0,9,1685,16.908840579710144,2,9,2333.42
17435.0,1,195,22.09,411,1,331.35
17436.0,7,173,24.82428571428571,2,7,521.31
17437.0,1,284,7.040943396226416,530,1,373.17
17438.0,6,550,19.35095890410959,247,6,1412.6200000000001
17439.0,1,370,40.7175,656,1,325.74
17440.0,6,268,34.91777777777778,148,6,314.26
17441.0,1,245,13.96904761904762,732,1,293.35
17442.0,23,3107,15.308503401360543,29,23,4500.7
17443.0,1,504,534.24,220,1,534.24
17444.0,3,2119,21.778074074074073,148,3,2940.04
17445.0,1,-1,-506.51,631,1,-506.51
17446.0,2,198,13.433333333333334,177,2,120.9
17447.0,2,443,15.042499999999999,40,2,541.53
17448.0,54,11517,8.988298059964727,145,54,10192.73
17449.0,14,2528,8.225249999999999,2,14,4935.15
17450.0,61,81644,521.3825669642857,8,61,233579.38999999998
17451.0,10,1178,15.410747663551403,1,10,1648.95
17452.0,1,-1,-227.28,603,1,-227.28
17453.0,2,219,25.616842105263157,18,2,486.71999999999997
17454.0,11,721,12.068031496062993,192,11,1532.64
17455.0,1,66,16.4625,204,1,131.7
17456.0,2,730,15.914545454545456,365,2,1225.42
17457.0,18,2635,80.54180555555556,127,18,5799.01
17458.0,2,282,6.1579069767441865,15,2,529.58
17459.0,2,537,5.921621621621621,43,2,657.3
17460.0,21,909,12.86794871794872,79,21,2007.4
17461.0,3,799,6.823963963963965,23,3,757.46
17462.0,3,224,23.67642857142857,51,3,662.9399999999999
17463.0,9,1484,7.714012158054711,16,9,2537.91
17464.0,4,580,19.549777777777777,158,4,879.74
17465.0,9,1470,17.59472222222222,426,9,2533.64
17466.0,2,306,18.61658536585366,10,2,763.28
17467.0,1,20,25.65,395,1,102.6
17468.0,3,184,24.35,10,3,194.8
17469.0,22,2277,17.90014440433213,16,22,4958.34
17470.0,11,2843,16.896807228915662,45,11,2804.87
17471.0,1,153,16.928947368421053,475,1,321.65000000000003
17472.0,4,558,4.065652173913044,191,4,935.1
17473.0,3,267,16.91857142857143,401,3,592.15
17474.0,1,200,174.5,600,1,1047.0
17475.0,1,178,13.883571428571429,79,1,194.37
17476.0,4,220,13.13264705882353,393,4,446.51
17477.0,5,211,22.95744680851064,613,5,1079.0
17478.0,2,516,31.82,408,2,1272.8
17479.0,1,266,21.625555555555554,633,1,389.26
17480.0,3,591,16.012857142857143,74,3,896.72
17481.0,5,1060,15.052289156626506,4,5,1249.34
17482.0,2,241,14.410925925925927,487,2,778.19
17483.0,4,265,21.133214285714285,65,4,591.73
17484.0,2,339,14.969285714285714,576,2,209.57
17485.0,1,-9,-4.925,738,1,-29.55
17486.0,1,191,16.53625,261,1,396.87
17487.0,1,37,20.06875,728,1,160.55
17488.0,1,136,18.694444444444443,641,1,336.5
17489.0,2,428,12.987586206896552,59,2,376.64
17490.0,13,1418,20.516349206349204,1,13,2585.06
17491.0,18,3629,32.59081967213115,1,18,5964.12
17492.0,3,450,28.78,248,3,1122.42
17493.0,1,62,12.613750000000001,385,1,100.91000000000001
17494.0,1,26,18.23333333333333,502,1,54.699999999999996
17495.0,4,358,14.322075471698113,8,4,759.07
17496.0,5,671,18.728243243243245,359,5,1385.89
17497.0,2,59,41.035714285714285,390,2,287.25
17498.0,1,394,16.01294117647059,76,1,272.22
17499.0,3,1077,17.764931506849315,290,3,1296.84
17500.0,3,17,227.6,17,3,1138.0
17501.0,2,160,16.033333333333335,221,2,288.6
17502.0,4,376,24.610714285714288,9,4,689.1
17503.0,2,486,14.709473684210527,3,2,558.96
17504.0,19,5309,25.942534818941507,206,19,9313.37
17505.0,5,1242,23.877254901960786,162,5,2435.48
17506.0,2,136,18.393125,70,2,294.29
17507.0,2,359,6.881590909090909,262,2,605.58
17508.0,9,2880,19.598189655172412,281,9,4546.78
17509.0,11,3530,16.533170731707315,58,11,6100.74
17510.0,2,422,14.701714285714283,25,2,514.56
17511.0,85,117913,80.5463823805061,3,85,171885.98
17512.0,20,5421,27.2978391959799,29,20,5432.27
17513.0,3,440,64.37777777777778,72,3,1158.8
17514.0,2,295,6.2394252873563225,128,2,542.83
17515.0,9,528,8.985888888888889,31,9,1617.46
17516.0,6,527,4.885459183673469,15,6,957.55
17517.0,1,102,13.994545454545454,309,1,153.94
17518.0,2,267,4.278181818181818,426,2,329.42
17519.0,17,3410,22.780357142857145,17,17,5102.8
17520.0,1,365,18.226999999999997,54,1,546.81
17521.0,6,805,16.162151898734177,24,6,1276.81
17522.0,5,1034,14.667260273972603,2,5,1070.71
17523.0,4,872,19.78,11,4,652.74
17524.0,4,290,11.30888888888889,361,4,508.9
17525.0,3,338,44.68846153846154,360,3,1161.9
17526.0,16,1429,36.404356435643564,1,16,3676.84
17527.0,6,463,18.14,54,6,888.86
17528.0,11,2130,13.61576923076923,1,11,3540.1
17529.0,2,790,15.125,610,2,1240.25
17530.0,13,1964,5.618175313059034,1,13,3140.56
17531.0,9,460,18.32646153846154,121,9,1191.22
17532.0,1,30,16.335,386,1,65.34
17533.0,1,24,34.8,435,1,34.8
17534.0,5,860,18.13945652173913,54,5,1668.83
17535.0,1,136,12.646153846153847,280,1,164.4
17536.0,3,201,22.801875,177,3,364.83
17537.0,2,700,11.968266666666667,30,2,897.62
17538.0,1,134,10.935555555555556,26,1,98.42
17539.0,7,735,6.888618421052631,617,7,1047.07
17540.0,7,587,24.340000000000003,9,7,1582.1000000000001
17541.0,1,46,3.771515151515152,510,1,124.46000000000001
17542.0,3,324,5.256923076923076,270,3,341.7
17543.0,1,62,9.234615384615385,550,1,120.05
17544.0,3,439,10.442282608695653,390,3,960.69
17545.0,6,733,5.210575539568345,43,6,1448.54
17546.0,1,-1,-648.05,546,1,-648.05
17547.0,4,209,17.909210526315793,372,4,680.5500000000001
17548.0,6,172,6.509433962264151,218,6,345.0
17549.0,2,210,24.810000000000002,24,2,148.86
17550.0,10,929,6.286438746438746,197,10,2206.54
17551.0,1,150,7.1358139534883716,359,1,306.84
17552.0,16,2072,18.76049382716049,43,16,3039.2
17553.0,4,2288,626.2666666666667,130,4,3757.6
17554.0,5,1763,22.18693181818182,1,5,1952.45
17555.0,5,747,3.88875,20,5,1057.74
17556.0,2,184,21.476428571428574,206,2,300.67
17557.0,4,310,16.441714285714287,14,4,575.46
17558.0,1,54,9.25607142857143,393,1,259.17
17559.0,1,270,13.968333333333334,513,1,167.62
17560.0,9,1604,33.85357142857143,95,9,1895.8
17561.0,4,396,3.5583251231527093,19,4,722.34
17562.0,8,813,17.3028125,14,8,1107.38
17563.0,5,227,8.83657142857143,578,5,309.28000000000003
17564.0,3,146,9.265510204081632,24,3,454.01
17565.0,1,67,4.394333333333334,587,1,131.83
17566.0,2,518,5.929013157894737,8,2,901.21
17567.0,11,2948,21.43451063829787,7,11,5037.11
17568.0,1,283,5.8890769230769235,633,1,382.79
17569.0,1,159,11.866896551724137,332,1,344.14
17570.0,2,0,0.0,381,2,0.0
17571.0,5,1020,4.826487252124646,50,5,1703.75
17572.0,10,351,20.08361111111111,71,10,723.01
17573.0,4,302,13.957692307692307,29,4,362.9
17574.0,1,77,23.20625,243,1,185.65
17575.0,1,72,34.339999999999996,667,1,171.7
17576.0,45,4695,9.503379679144384,8,45,8885.66
17577.0,2,179,16.607142857142858,645,2,348.75
17578.0,10,471,14.339,191,10,1003.73
17579.0,5,373,7.756041666666667,5,5,744.58
17580.0,5,224,5.739684210526316,253,5,545.27
17581.0,53,9877,20.712224744608402,1,53,18247.47
17582.0,6,604,11.4696,236,6,1433.7
17583.0,1,55,19.42142857142857,560,1,135.95
17584.0,7,2452,42.35536,7,7,5294.42
17585.0,7,2539,5.2727959697733,109,7,2093.3
17586.0,1,68,20.925,619,1,167.4
17587.0,1,68,4.224651162790698,628,1,181.66
17588.0,9,1367,38.68866666666667,100,9,2901.65
17589.0,21,8736,10.277028824833703,60,21,13904.82
17590.0,3,828,7.359303482587065,2,3,1479.22
17591.0,9,1172,10.281486988847584,73,9,2765.7200000000003
17592.0,2,0,0.0,739,2,0.0
17593.0,15,5587,19.198090692124104,4,15,8044.0
17594.0,4,1368,24.018076923076926,85,4,2497.88
17595.0,2,229,4.68421686746988,12,2,388.79
17596.0,14,7612,8.778747763864043,23,14,4907.32
17597.0,7,2205,25.56186567164179,214,7,3425.29
17598.0,1,126,40.998000000000005,381,1,409.98
17599.0,3,9,8.91,465,3,44.55
17600.0,1,144,12.436153846153847,18,1,161.67000000000002
17601.0,2,299,5.545789473684211,239,2,421.48
17602.0,18,5914,7.83076840981857,2,18,7337.43
17603.0,11,510,1.0345689655172416,50,11,120.01000000000002
17604.0,6,616,4.504428571428572,217,6,945.9300000000001
17605.0,1,71,12.365384615384615,590,1,160.75
17606.0,1,42,14.550000000000002,737,1,87.30000000000001
17607.0,1,269,15.173181818181819,376,1,333.81
17608.0,4,539,2.9498816568047337,33,4,498.53
17609.0,14,1248,4.487219387755102,41,14,1758.99
17610.0,8,882,8.30139534883721,540,8,1427.84
17611.0,35,5283,7.24217122683142,4,35,8205.38
17612.0,32,3461,14.01125,53,32,5156.14
17613.0,17,2470,14.135956112852664,23,17,4509.37
17614.0,1,238,3.9007,57,1,390.07
17615.0,7,380,12.095,130,7,725.7
17616.0,4,416,212.16,174,4,1060.8
17617.0,2,226,11.299047619047618,559,2,237.28
17618.0,13,1815,10.652473684210527,6,13,4047.94
17619.0,1,127,2.837922077922078,312,1,218.52
17620.0,1,60,20.36,60,1,81.44
17621.0,8,1094,44.54882352941177,21,8,3029.32
17622.0,3,367,28.850512820512822,597,3,1125.17
17623.0,7,801,12.161581632653062,33,7,2383.67
17624.0,4,958,16.171443298969074,15,4,1568.63
17625.0,8,3551,8.631294452347085,18,8,6067.8
17626.0,1,202,14.11111111111111,603,1,254.0
17627.0,2,673,25.91909090909091,479,2,285.11
17628.0,1,79,15.15,81,1,75.75
17629.0,11,1895,15.449171974522294,6,11,2425.52
17630.0,2,158,19.369230769230768,170,2,503.59999999999997
17631.0,7,591,14.470869565217392,2,7,998.49
17632.0,2,-2,-6.35,717,2,-12.7
17633.0,9,885,19.173689320388352,31,9,1974.89
17634.0,9,840,7.952760942760944,36,9,2361.9700000000003
17635.0,4,763,16.75773333333333,424,4,1256.83
17636.0,2,176,11.080416666666666,9,2,265.93
17637.0,2,280,15.630285714285716,31,2,547.0600000000001
17638.0,2,432,280.8,647,2,842.4
17639.0,6,576,7.7869620253164555,276,6,615.17
17640.0,8,1671,45.699852941176474,87,8,3107.59
17641.0,1,-1,-6.95,739,1,-6.95
17642.0,5,1475,16.893425925925925,120,5,1824.49
17643.0,2,297,13.878205128205128,373,2,541.25
17644.0,28,3410,17.048081395348838,1,28,5864.54
17645.0,1,-2,-9.9,728,1,-9.9
17646.0,16,1409,19.13158878504673,219,16,4094.1600000000003
17647.0,3,82,27.638333333333332,65,3,331.65999999999997
17648.0,6,953,17.52714285714286,61,6,2208.42
17649.0,5,716,15.271683168316832,135,5,1542.44
17650.0,1,150,20.76,21,1,166.08
17651.0,22,4062,16.51785923753666,12,22,5632.59
17652.0,18,2479,17.544925925925927,25,18,4737.13
17653.0,5,1401,23.5176,29,5,1175.88
17654.0,1,41,5.343181818181818,277,1,117.55
17655.0,10,1382,29.38754098360656,11,10,3585.28
17656.0,5,1399,20.423048780487804,73,5,1674.69
17657.0,1,60,18.0,430,1,126.0
17658.0,3,522,21.125217391304346,11,3,485.88
17659.0,17,1776,18.192932692307693,4,17,3784.13
17660.0,2,268,4.0389887640449444,141,2,359.47
17661.0,1,-8,-54.0,641,1,-54.0
17662.0,2,184,27.528000000000002,662,2,412.92
17663.0,23,2268,20.40578313253012,26,23,5081.04
17664.0,4,1058,14.577875,19,4,1166.23
17665.0,1,690,29.63684210526316,493,1,563.1
17666.0,5,1552,46.54090909090909,4,5,2047.8
17667.0,12,2188,16.526808510638297,66,12,3883.8
17668.0,2,93,23.183333333333334,1,2,347.75
17669.0,10,3505,42.655208333333334,43,10,6142.35
17670.0,1,110,18.7,228,1,205.7
17671.0,7,1064,21.147100000000002,16,7,2114.71
17672.0,9,2740,27.04777251184834,44,9,5707.08
17673.0,15,3333,8.077260536398468,1,15,4216.33
17674.0,2,1021,22.413157894736845,74,2,851.7
17675.0,90,16226,32.30742268041237,1,90,37605.840000000004
17676.0,13,1866,16.109585798816568,4,13,2722.52
17677.0,91,21746,47.13091984231274,2,91,35866.63
17678.0,3,367,19.993448275862068,264,3,579.81
17679.0,11,1414,30.157714285714285,53,11,3166.56
17680.0,4,154,22.023809523809526,24,4,462.5
17681.0,6,354,35.30666666666666,597,6,529.5999999999999
17682.0,12,2489,18.584853556485356,10,12,4441.78
17683.0,3,781,17.804565217391303,386,3,819.01
17684.0,1,145,15.960666666666665,44,1,239.40999999999997
17685.0,14,3842,27.572883720930232,17,14,5928.17
17686.0,9,3583,19.339883449883448,7,9,8296.81
17687.0,1,210,16.641538461538463,421,1,432.68
17688.0,2,108,14.325,375,2,286.5
17689.0,2,300,14.412727272727272,388,2,317.08
17690.0,21,3120,19.321038961038962,30,21,7438.6
17691.0,5,361,14.525471698113208,358,5,769.85
17692.0,14,2330,18.06341463414634,127,14,2962.4
17693.0,3,229,10.39,136,3,187.02
17694.0,3,1493,20.937901234567903,142,3,1695.97
17695.0,6,1803,27.750645161290322,132,6,1720.54
17696.0,48,5749,18.452225000000002,38,48,7380.89
17697.0,1,93,17.839473684210528,236,1,338.95000000000005
17698.0,1,93,19.36875,261,1,154.95
17699.0,2,208,23.263157894736842,477,2,442.0
17700.0,17,3459,18.01866847826087,17,17,6630.87
17701.0,1,109,17.414583333333333,253,1,417.95
17702.0,9,2092,17.332083333333333,30,9,2911.79
17703.0,4,897,14.036410256410255,35,4,1094.84
17704.0,2,343,28.554516129032258,169,2,885.19
17705.0,12,1295,16.332,3,12,2041.5
17706.0,43,7852,24.368952618453868,4,43,19543.9
17707.0,9,545,24.202,185,9,605.0500000000001
17708.0,4,388,11.999054054054055,188,4,887.9300000000001
17709.0,5,295,16.77525,170,5,671.01
17710.0,1,158,14.675,424,1,293.5
17711.0,2,246,16.743478260869566,11,2,385.1
17712.0,1,215,18.031379310344825,45,1,522.91
17713.0,4,989,15.764342105263157,382,4,1198.09
17714.0,9,590,16.19505882352941,321,9,1376.58
17715.0,2,576,244.79999999999998,201,2,489.59999999999997
17716.0,27,8704,25.523322475570033,23,27,15671.32
17717.0,1,344,14.496923076923078,421,1,376.92
17718.0,3,238,16.124166666666667,232,3,386.98
17719.0,18,2455,19.30863309352518,38,18,5367.8
17720.0,12,1608,19.963676470588236,26,12,2715.06
17721.0,1,107,27.928181818181823,659,1,307.21000000000004
17722.0,7,2914,19.584642857142857,96,7,4386.96
17723.0,7,912,281.53333333333336,127,7,3378.4
17724.0,4,289,22.125555555555557,58,4,995.6500000000001
17725.0,14,2141,17.025909090909092,16,14,3371.13
17726.0,8,442,16.762461538461537,395,8,1089.56
17727.0,2,639,15.560447761194029,9,2,1042.55
17728.0,8,2137,15.382988047808766,4,8,3861.13
17729.0,1,247,19.071739130434786,596,1,438.65000000000003
17730.0,23,5283,24.4711356466877,3,23,7757.35
17731.0,7,606,11.713739130434782,79,7,1347.08
17732.0,10,1145,17.11986013986014,373,10,2448.14
17733.0,2,463,19.776857142857143,39,2,692.19
17734.0,6,741,16.771162790697673,54,6,1442.32
17735.0,29,10872,19.04836847946726,2,29,17162.58
17736.0,4,237,12.980384615384615,9,4,337.49
17737.0,2,108,16.824,9,2,168.24
17738.0,15,2768,17.79124463519313,19,15,4145.36
17739.0,20,2327,50.77723684210527,12,20,7718.14
17740.0,6,222,47.43333333333333,389,6,426.9
17741.0,2,114,16.849999999999998,407,2,101.1
17742.0,11,653,24.688,113,11,2098.48
17743.0,2,83,41.769999999999996,442,2,208.85
17744.0,8,3790,17.2225,4,8,2617.82
17745.0,2,164,21.440714285714286,478,2,600.34
17746.0,7,659,21.83575,235,7,873.4300000000001
17747.0,2,11,32.325,100,2,64.65
17748.0,1,111,21.06764705882353,527,1,358.15
17749.0,3,446,18.003157894736844,178,3,1026.18
17750.0,9,3957,9.313834196891191,5,9,1797.57
17751.0,1,147,4.933125,421,1,157.86
17752.0,1,192,80.64,359,1,80.64
17753.0,5,126,5.315890410958904,464,5,388.06
17754.0,16,4374,19.437025862068968,1,16,4509.39
17755.0,1,-30,-7.223000000000001,424,1,-72.23
17756.0,3,400,8.631764705882354,376,3,733.7
17757.0,60,5104,7.104821292775665,1,60,9342.84
17758.0,12,3236,9.351735074626864,19,12,5012.53
17759.0,5,976,9.252971014492754,17,5,1276.91
17760.0,7,695,11.84,22,7,911.68
17761.0,1,398,37.514736842105265,33,1,712.78
17762.0,1,129,7.632352941176471,456,1,129.75
17763.0,5,27,2.5575,263,5,51.15
17764.0,5,729,10.211572327044026,51,5,1623.64
17765.0,4,197,6.395180722891566,159,4,530.8
17766.0,2,155,13.618636363636364,381,2,299.61
17767.0,2,198,10.591025641025642,15,2,413.05
17768.0,8,2432,18.34848167539267,8,8,3504.56
17769.0,21,3127,11.599767827529021,13,21,6994.66
17770.0,5,365,30.086052631578948,199,5,1143.27
17771.0,4,373,5.61463768115942,57,4,387.40999999999997
17772.0,3,122,3.6644761904761904,11,3,384.77
17773.0,2,260,10.45125,514,2,585.27
17774.0,13,1605,7.1152173913043475,97,13,2945.7
17775.0,1,72,18.8,255,1,56.4
17776.0,3,276,3.9036470588235295,387,3,331.81
17777.0,3,507,3.4322680412371134,25,3,665.86
17778.0,1,214,19.770000000000003,662,1,197.70000000000002
17779.0,5,394,7.6448809523809516,21,5,642.17
17780.0,3,158,4.356913580246914,667,3,352.91
17781.0,2,34,15.668333333333335,159,2,188.02
17782.0,2,538,23.41448275862069,383,2,679.02
17783.0,3,439,4.12945652173913,72,3,379.91
17784.0,1,72,4.90695652173913,550,1,112.86
17785.0,3,227,7.909411764705882,53,3,403.38
17786.0,2,200,3.871388888888889,85,2,278.74
17787.0,4,1266,15.76648484848485,153,4,2601.4700000000003
17788.0,2,211,223.58,74,2,1117.9
17789.0,2,199,13.694827586206896,281,2,397.15
17790.0,20,1389,9.156611842105264,27,20,2783.61
17791.0,1,46,10.61,30,1,106.1
17792.0,2,151,6.9820754716981135,467,2,370.05
17793.0,1,232,5.5696551724137935,25,1,323.04
17794.0,2,46,21.042857142857144,687,2,147.3
17795.0,2,341,7.617173913043478,180,2,350.39
17796.0,7,379,6.053288888888889,40,7,1361.99
17797.0,8,1090,7.221345454545454,22,8,1985.87
17798.0,1,142,3.736530612244898,582,1,183.09
17799.0,23,3692,6.663172561629153,22,23,6216.74
17800.0,9,736,11.528942307692308,37,9,1199.01
17801.0,4,835,9.253255813953489,451,4,795.78
17802.0,16,2755,8.793989266547406,82,16,4915.84
17803.0,1,98,6.839259259259259,392,1,184.66
17804.0,4,194,4.087419354838709,376,4,380.13
17805.0,2,1126,84.27545454545454,74,2,927.03
17806.0,1,727,12.698604651162789,11,1,546.04
17807.0,3,262,4.9198876404494385,395,3,437.87
17808.0,4,143,7.958787878787878,549,4,262.64
17809.0,24,3309,89.73376068376069,16,24,10498.85
17810.0,3,118,6.050175438596492,669,3,344.86
17811.0,60,5277,7.847616279069768,4,60,9448.53
17812.0,7,612,5.00381974248927,13,7,1165.8899999999999
17813.0,7,777,4.5359788359788356,14,7,1714.6
17814.0,2,1440,11.077534246575341,375,2,1617.32
17815.0,1,612,45.535384615384615,393,1,591.96
17816.0,6,96,2.042181818181818,37,6,112.32
17817.0,7,363,5.7225,4,7,801.15
17818.0,1,90,2.83,738,1,130.18
17819.0,13,1845,64.39921568627452,72,13,6568.72
17820.0,3,107,3.393829787234042,191,3,159.51
17821.0,1,162,55.77,406,1,334.62
17822.0,5,1389,12.434659090909092,420,5,2188.5
17823.0,2,262,4.493181818181818,421,2,494.25
17824.0,1,408,22.95384615384615,51,1,298.4
17825.0,4,540,26.141428571428573,599,4,731.96
17826.0,1,85,3.958529411764706,374,1,134.59
17827.0,7,1591,8.239792387543254,5,7,2381.3
17828.0,9,641,19.511829268292683,9,9,1599.97
17829.0,6,2937,27.211744186046513,299,6,4680.42
17830.0,3,92,17.33478260869565,2,3,398.7
17831.0,1,12,17.700000000000003,33,1,35.400000000000006
17832.0,1,208,2.547049180327869,50,1,155.37
17833.0,1,145,10.69875,723,1,342.36
17834.0,2,687,12.38084745762712,415,2,730.47
17835.0,3,348,5.7481967213114755,3,3,350.64
17836.0,1,88,4.592083333333333,47,1,110.21
17837.0,10,515,9.072848837209301,42,10,1560.53
17838.0,15,3686,19.13972392638037,27,15,6239.55
17839.0,1,285,6.05,42,1,338.8
17840.0,1,138,3.3767272727272726,444,1,185.72
17841.0,289,37120,5.307794914866,2,289,69516.19
17842.0,1,89,23.927222222222223,602,1,430.69
17843.0,2,276,5.09734375,303,2,326.23
17844.0,1,52,10.312,107,1,51.559999999999995
17845.0,4,196,12.462291666666667,555,4,598.19
17846.0,1,1,2033.1,85,1,2033.1
17847.0,2,29,14.41,516,2,129.69
17848.0,31,1437,21.52751479289941,81,31,3638.15
17849.0,8,224,21.275199999999998,218,8,1063.76
17850.0,159,22594,19.703972408914044,302,159,55703.130000000005
17851.0,6,938,6.596371308016877,422,6,1563.34
17852.0,5,376,6.029181818181819,12,5,663.21
17853.0,3,627,15.171603773584906,407,3,1608.19
17854.0,6,610,8.92875,185,6,1071.45
17855.0,1,394,12.292352941176471,373,1,417.94
17856.0,6,826,81.98764705882353,2,6,1393.79
17857.0,26,21890,460.7506451612903,3,26,28566.54
17858.0,32,5480,32.048614609571786,6,32,12723.3
17859.0,1,127,5.9284,305,1,148.21
17860.0,4,817,4.3773275862068965,369,4,1015.54
17861.0,22,4550,8.838726003490402,3,22,5064.59
17862.0,4,443,12.540098039215685,324,4,1279.09
17863.0,12,4952,20.815942028985507,59,12,5745.2
17864.0,5,1121,6.374620689655173,13,5,924.32
17865.0,62,12827,24.151647834274954,31,62,25649.05
17866.0,4,534,41.888888888888886,143,4,1131.0
17867.0,20,352,5.49558282208589,30,20,895.7800000000001
17868.0,1,91,12.35,386,1,234.65
17869.0,7,560,10.573061224489797,107,7,1036.16
17870.0,14,1876,10.965371024734981,2,14,3103.2
17871.0,5,713,13.164588235294119,205,5,1118.99
17872.0,1,176,15.724666666666668,382,1,235.87
17873.0,20,3760,33.13595744680851,80,20,6229.56
17874.0,7,209,14.005531914893616,185,7,658.26
17875.0,1,98,6.426923076923076,688,1,167.1
17876.0,3,1958,856.005,400,3,3424.02
17877.0,1,98,19.800833333333333,170,1,237.61
17878.0,3,1038,16.61564705882353,44,3,1412.33
17879.0,1,45,29.75333333333333,174,1,178.51999999999998
17880.0,3,466,18.331555555555557,365,3,824.9200000000001
17881.0,1,32,16.668750000000003,304,1,133.35000000000002
17882.0,2,134,5.597499999999999,379,2,313.46
17883.0,8,479,5.536440677966102,3,8,979.95
17884.0,23,3075,6.194049079754601,4,23,3028.89
17885.0,1,167,2.97171875,12,1,190.19
17886.0,7,724,9.081988636363636,32,7,1598.43
17887.0,1,30,11.135,129,1,111.35
17888.0,31,852,6.40242718446602,19,31,1318.9
17889.0,7,417,6.351393442622951,212,7,774.87
17890.0,2,416,6.405212765957447,323,2,602.09
17891.0,1,393,5.995882352941176,162,1,203.85999999999999
17892.0,3,109,8.717857142857143,56,3,244.1
17893.0,1,161,7.015625,225,1,112.25
17894.0,20,976,5.575953488372092,72,20,2397.66
17895.0,1,130,6.125,44,1,98.0
17896.0,1,288,128.16,23,1,256.32
17897.0,10,1031,7.281609195402299,173,10,2534.0
17898.0,4,251,5.9836,85,4,299.18
17899.0,1,171,4.86875,159,1,155.8
17900.0,4,1,1.3636363636363635,165,4,15.0
17901.0,3,38,11.82181818181818,29,3,260.08
17902.0,1,526,9.016666666666667,547,1,216.4
17903.0,1,142,8.468666666666667,394,1,381.09000000000003
17904.0,2,62,4.587692307692308,21,2,178.92
17905.0,14,1371,13.80360465116279,71,14,2374.22
17906.0,1,26,6.075,247,1,72.9
17907.0,1,1046,22.443076923076923,641,1,291.76
17908.0,7,829,4.849607142857143,374,7,1357.89
17909.0,1,41,14.72777777777778,737,1,132.55
17910.0,1,121,10.065384615384614,726,1,261.7
17911.0,1,223,9.390512820512821,9,1,366.23
17912.0,7,214,6.6685185185185185,310,7,360.1
17913.0,14,1745,7.310168067226891,59,14,3479.64
17914.0,1,473,4.205375,4,1,336.43
17915.0,1,191,6.918,551,1,242.13
17916.0,2,90,2.3089473684210526,629,2,43.87
17917.0,3,187,3.63063829787234,45,3,341.28
17918.0,3,352,9.909749999999999,501,3,396.39
17919.0,2,1452,46.007999999999996,88,2,1840.32
17920.0,56,12663,13.571378737541528,4,56,24509.91
17921.0,12,989,6.441486486486486,64,12,2383.35
17922.0,1,49,21.3,543,1,170.4
17923.0,3,140,165.66666666666666,282,3,497.0
17924.0,14,1244,78.30181818181819,1,14,3445.28
17925.0,1,144,244.08,373,1,488.16
17926.0,5,572,23.533863636363638,133,5,1035.49
17927.0,1,108,29.4,722,1,294.0
17928.0,3,222,12.638518518518518,45,3,341.24
17929.0,13,433,192.1,11,13,3073.6
17930.0,15,3770,47.14355555555556,36,15,4242.92
17931.0,18,1820,9.10732782369146,134,18,3305.96
17932.0,3,789,14.795222222222222,29,3,1331.57
17933.0,1,63,8.192142857142857,632,1,114.69
17934.0,3,628,25.589024390243903,52,3,1049.15
17935.0,8,232,9.932424242424242,138,8,655.54
17936.0,1,262,5.062857142857142,5,1,389.84
17937.0,7,1754,100.02837209302326,9,7,4301.22
17938.0,1,53,4.97551724137931,420,1,144.29
17939.0,1,40,8.261666666666667,160,1,99.14
17940.0,22,85574,641.9052380952381,49,22,26960.02
17941.0,4,1108,204.75428571428571,131,4,1433.28
17942.0,1,38,38.75000000000001,8,1,77.50000000000001
17943.0,1,-3,-165.03,680,1,-165.03
17944.0,1,85,2.900384615384615,423,1,75.41
17945.0,3,244,5.004861111111111,697,3,360.35
17946.0,2,75,7.478999999999999,233,2,149.57999999999998
17947.0,1,168,19.63111111111111,37,1,176.68
17948.0,1,144,358.56000000000006,147,1,358.56000000000006
17949.0,138,54328,540.4130601092896,1,138,98895.59
17950.0,8,799,6.791586538461539,72,8,1412.65
17951.0,5,892,47.599411764705884,40,5,1618.38
17952.0,4,504,7.880865384615385,378,4,819.61
17953.0,1,99,7.658095238095238,540,1,160.82
17954.0,26,3210,4.880968152866242,5,26,3831.56
17955.0,6,681,43.17727272727273,199,6,949.9
17956.0,1,1,12.75,249,1,12.75
17957.0,1,287,3.6025806451612907,66,1,111.68
17958.0,2,284,27.052222222222223,117,2,973.88
17959.0,1,49,70.375,592,1,140.75
17960.0,3,60,3.6508108108108113,171,3,135.08
17961.0,102,1534,4.5001359516616315,21,102,2979.09
17962.0,5,649,3.331782178217822,142,5,673.02
17963.0,4,344,5.817053571428572,471,4,651.51
17964.0,2,496,5.276690647482015,32,2,733.46
17965.0,33,4499,8.238171296296295,38,33,7117.78
17966.0,10,3943,17.31947368421053,38,10,1974.42
17967.0,2,198,3.1068695652173917,372,2,357.29
17968.0,4,525,4.036545454545454,374,4,888.04
17969.0,27,986,10.140495495495495,166,27,2251.19
17970.0,1,525,18.793225806451613,211,1,582.59
17971.0,1,62,7.711428571428572,548,1,161.94
17972.0,1,37,4.388387096774193,242,1,136.04
17973.0,1,176,22.469333333333335,52,1,337.04
17974.0,6,1243,4.610570719602977,25,6,1858.06
17975.0,26,2254,14.402661122661124,15,26,6927.68
17976.0,1,212,5.433692307692308,372,1,706.38
17977.0,3,2032,13.706636363636363,29,3,1507.73
17978.0,4,1797,18.272,365,4,1461.76
17979.0,5,395,5.019115646258503,36,5,737.81
17980.0,4,782,15.657878787878788,166,4,1033.42
17981.0,1,260,14.065882352941177,411,1,239.12
17982.0,1,117,10.62923076923077,681,1,138.18
17983.0,1,108,7.154583333333334,395,1,171.71
17984.0,5,973,4.74609561752988,145,5,1191.27
17985.0,1,183,27.606521739130436,22,1,634.95
17986.0,1,10,20.8,56,1,20.8
17987.0,6,879,5.127734806629834,185,6,928.12
17988.0,15,185,3.867661290322581,12,15,479.59000000000003
17989.0,1,329,6.730294117647058,379,1,228.82999999999998
17990.0,7,765,26.25120689655173,237,7,1522.5700000000002
17991.0,3,100,8.01375,225,3,320.55
17992.0,1,131,4.794905660377358,389,1,254.13
17993.0,1,112,3.67484375,617,1,235.19
17994.0,14,2169,7.115943396226415,122,14,2262.87
17995.0,3,263,17.08551724137931,282,3,495.48
17996.0,3,587,7.1989552238805965,380,3,482.33
17997.0,12,2078,8.39611111111111,74,12,1511.3
17998.0,4,531,10.198983050847458,380,4,601.74
17999.0,3,395,4.152840909090909,37,3,730.9
18000.0,1,109,20.708333333333332,564,1,124.25
18001.0,6,893,6.813142857142857,12,6,953.84
18002.0,4,72,4.628148148148148,376,4,249.92
18003.0,1,299,14.3444,376,1,358.61
18004.0,1,78,4.23675,362,1,169.47
18005.0,2,93,4.162,4,2,249.72
18006.0,4,403,15.351692307692307,23,4,997.86
18007.0,1,252,4.32,393,1,220.32
18008.0,23,7830,193.9914705882353,70,23,19787.13
18009.0,14,637,11.048297872340425,235,14,2077.08
18010.0,1,60,12.485714285714284,257,1,174.79999999999998
18011.0,2,198,5.666989247311828,373,2,527.03
18012.0,1,63,8.86923076923077,723,1,115.3
18013.0,2,285,6.041612903225806,155,2,187.29
18014.0,1,68,5.200625,28,1,166.42
18015.0,1,157,2.6093478260869567,4,1,120.03
18016.0,7,1209,11.532117647058824,32,7,1960.46
18017.0,4,400,172.0,81,4,688.0
18018.0,5,66,3.264375,108,5,156.69
18019.0,1,7,7.69,52,1,38.45
18020.0,2,43,9.234285714285715,544,2,129.28
18021.0,2,169,6.880606060606061,510,2,227.06
18022.0,5,1390,3.3302217741935483,36,5,1651.79
18023.0,1,-1,-3248.86,540,1,-3248.86
18024.0,3,148,10.762727272727274,153,3,236.78
18025.0,6,1053,10.515357142857143,380,6,1177.72
18026.0,2,530,122.00411764705883,501,2,2074.07
18027.0,1,78,5.490952380952381,99,1,115.31
18028.0,1,133,48.0125,583,1,192.05
18029.0,1,253,24.098333333333333,642,1,433.77
18030.0,3,66,22.07,4,3,220.7
18031.0,1,300,7.109230769230769,379,1,462.09999999999997
18032.0,1,42,14.7,334,1,73.5
18033.0,1,253,2.881470588235294,65,1,97.97
18034.0,3,992,3.5275555555555558,22,3,793.7
18035.0,5,1161,20.93016393442623,36,5,1276.74
18036.0,11,748,4.709759036144579,32,11,1563.64
18037.0,15,37,5.073333333333333,154,15,167.42
18038.0,1,85,4.6690625,556,1,149.41
18039.0,4,570,3.4474404761904758,374,4,579.17
18040.0,2,148,18.8,19,2,357.20000000000005
18041.0,40,7562,9.002751817237797,12,40,8669.65
18042.0,2,69,17.571875,54,2,281.15
18043.0,3,454,4.684331550802139,25,3,875.97
18044.0,19,1597,17.426169154228855,4,19,3502.66
18045.0,1,142,4.029787234042553,45,1,189.4
18046.0,1,44,7.293461538461538,650,1,189.63
18047.0,2,138,3.8942045454545453,381,2,342.69
18048.0,3,258,6.585737704918033,203,3,401.73
18049.0,2,425,5.858105263157895,437,2,556.52
18050.0,2,250,17.915652173913042,359,2,412.06
18051.0,8,1657,39.24103448275862,634,8,2275.98
18052.0,1,17766,679.82375,565,1,10877.18
18053.0,6,402,15.079142857142857,66,6,527.77
18054.0,1,96,16.045454545454547,393,1,176.5
18055.0,15,3834,19.017921635434412,7,15,11163.52
18056.0,3,331,17.411290322580644,288,3,539.75
18057.0,3,978,8.596857142857143,393,3,1203.56
18058.0,3,394,48.37875,10,3,774.06
18059.0,4,258,14.129047619047618,9,4,296.71
18060.0,2,902,15.806133333333333,408,2,1185.46
18061.0,29,3606,50.2362015503876,22,29,6480.47
18062.0,9,817,26.725789473684213,173,9,1523.3700000000001
18063.0,2,48,62.20000000000001,391,2,186.60000000000002
18064.0,15,2659,64.36492753623189,133,15,4441.18
18065.0,32,2258,18.5887898089172,6,32,5836.88
18066.0,3,535,27.17735849056604,75,3,1440.4
18067.0,1,189,10.711621621621621,40,1,396.33
18068.0,1,6,101.69999999999999,289,1,101.69999999999999
18069.0,13,3224,4.52571,26,13,4525.71
18070.0,2,85,30.775,669,2,307.75
18071.0,6,847,16.611976744186048,258,6,1428.63
18072.0,2,46,-1.2335811384723962e-16,155,2,-4.440892098500626e-15
18073.0,13,3098,50.84789473684211,114,13,3864.44
18074.0,2,551,26.947142857142858,374,2,1509.04
18075.0,31,3219,15.942599999999999,23,31,5579.91
18076.0,1,164,18.93625,380,1,151.49
18077.0,18,3233,11.50811671087533,8,18,4338.5599999999995
18078.0,4,431,10.96883116883117,217,4,844.6
18079.0,5,8815,30.305357142857144,45,5,4242.75
18080.0,2,642,615.75,19,2,1231.5
18081.0,3,195,20.20294117647059,36,3,343.45
18082.0,1,621,9.635205479452054,26,1,703.37
18083.0,1,270,11.207857142857144,398,1,470.73
18084.0,5,335,17.61181818181818,16,5,193.72999999999996
18085.0,4,585,23.179577464788732,330,4,1645.75
18086.0,1,106,14.477142857142857,274,1,101.34
18087.0,21,7428,151.70126315789472,98,21,14411.619999999999
18088.0,1,109,4.299230769230769,61,1,167.67000000000002
18089.0,1,95,42.845,447,1,428.45
18090.0,1,321,5.823333333333333,422,1,349.4
18091.0,1,539,14.434000000000001,593,1,360.85
18092.0,20,8827,106.40256578947368,2,20,16173.19
18093.0,9,3418,70.31126984126983,93,9,4429.61
18094.0,15,4128,48.264274809160305,82,15,6322.62
18095.0,5,1623,47.98104166666667,313,5,2303.09
18096.0,6,1483,4.121643835616438,12,6,1805.28
18097.0,14,2735,28.895465838509317,8,14,4652.17
18098.0,1,217,6.259545454545455,396,1,550.84
18099.0,1,149,8.858421052631579,127,1,168.31
18100.0,1,440,15.052,550,1,451.56
18101.0,5,250,5.6175,11,5,629.16
18102.0,153,187110,560.1266104868913,1,153,598215.22
18103.0,1,23,10.58,549,1,105.8
18104.0,1,362,19.858947368421052,37,1,754.64
18105.0,1,46,6.304444444444445,38,1,113.48
18106.0,6,512,7.456428571428572,330,6,1461.46
18107.0,1,66,4.285384615384615,442,1,167.13
18108.0,4,259,17.193061224489796,249,4,842.46
18109.0,45,4862,14.219620991253644,2,45,9754.66
18110.0,3,179,4.657241379310345,19,3,405.18
18111.0,2,228,13.296666666666665,583,2,398.9
18112.0,4,447,12.316825396825397,12,4,775.96
18113.0,1,144,76.32000000000001,369,1,152.64000000000001
18114.0,1,55,7.860714285714286,290,1,220.1
18115.0,1,3,3.233333333333334,698,1,9.700000000000001
18116.0,13,1281,3.7531358885017423,68,13,2154.3
18117.0,1,618,4.334054054054054,26,1,320.71999999999997
18118.0,35,3410,4.243047073791349,11,35,6670.07
18119.0,1,250,6.037333333333334,368,1,362.24
18120.0,1,31,6.538235294117648,214,1,111.15
18121.0,2,450,21.034375,149,2,673.1
18122.0,6,1234,5.0170604395604395,8,6,1826.21
18123.0,3,629,11.603220338983052,24,3,684.59
18124.0,1,51,4.647083333333334,472,1,111.53
18125.0,5,803,5.793604060913705,30,5,1141.34
18126.0,1,144,3.6933928571428574,61,1,206.83
18127.0,4,252,8.138115942028985,19,4,561.53
18128.0,1,221,9.334222222222223,537,1,420.04
18129.0,1,48,8.039285714285715,243,1,112.55
18130.0,4,817,14.728732394366197,9,4,1045.74
18131.0,1,552,55.739999999999995,632,1,222.95999999999998
18132.0,1,216,3.437878787878788,504,1,226.9
18133.0,2,0,357.74999999999994,211,2,715.4999999999999
18134.0,2,128,15.892857142857142,598,2,445.0
18135.0,13,749,30.7305,29,13,1229.22
18136.0,9,837,16.294787234042552,63,9,1531.71
18137.0,2,59,5.034137931034483,551,2,145.99
18138.0,1,38,19.08125,295,1,152.65
18139.0,8,5461,51.809999999999995,17,8,8393.22
18140.0,1,395,9.933518518518518,474,1,536.41
18141.0,4,420,19.05840909090909,361,4,838.57
18142.0,4,1273,56.38333333333334,151,4,1014.9000000000001
18143.0,2,570,16.396065573770493,117,2,1000.1600000000001
18144.0,19,2239,58.13793103448276,8,19,5058.0
18145.0,12,5101,13.79332512315271,13,12,5600.09
18146.0,2,153,16.035000000000004,141,2,160.35000000000002
18147.0,2,203,25.619999999999997,46,2,179.33999999999997
18148.0,1,64,10.372727272727273,647,1,114.10000000000001
18149.0,7,918,16.9240625,51,7,1624.71
18150.0,3,332,15.312972972972974,32,3,566.58
18151.0,7,980,17.326542056074768,135,7,1853.94
18152.0,1,75,42.669,646,1,426.69
18153.0,1,200,14.483529411764707,659,1,246.22
18154.0,5,626,19.842553191489362,3,5,932.6
18155.0,4,258,12.422142857142857,75,4,347.82
18156.0,2,374,4.8265128205128205,13,2,941.17
18157.0,1,146,8.282692307692308,571,1,215.35
18158.0,3,353,12.907142857142857,9,3,451.75
18159.0,1,139,23.05,301,1,530.15
18160.0,3,519,15.444307692307692,57,3,1003.88
18161.0,7,963,19.119148936170212,10,7,1797.2
18162.0,1,335,8.067234042553192,732,1,379.16
18163.0,2,430,16.824736842105263,561,2,639.34
18164.0,2,183,15.788,31,2,394.7
18165.0,1,254,30.246000000000002,177,1,302.46000000000004
18166.0,1,90,17.55,624,1,175.5
18167.0,6,359,31.523488372093023,4,6,1355.51
18168.0,22,2146,8.535162790697674,176,22,3670.12
18169.0,1,61,22.516666666666666,61,1,202.65
18170.0,9,1184,22.841269841269842,33,9,2878.0
18171.0,11,987,25.686276595744683,59,11,2414.51
18172.0,63,7383,35.16632113821139,15,63,17301.83
18173.0,5,1730,59.919111111111114,87,5,2696.36
18174.0,2,80,81.25,7,2,162.5
18175.0,1,70,25.157142857142855,676,1,176.1
18176.0,2,279,13.595454545454544,354,2,448.65
18177.0,10,1234,21.67940594059406,31,10,2189.62
18178.0,15,3841,17.103079096045196,114,15,6054.49
18179.0,8,1811,23.372018348623854,9,8,2547.55
18180.0,6,1721,15.493697478991596,5,6,1843.75
18181.0,7,521,6.435923913043479,24,7,1184.21
18182.0,1,167,29.113,463,1,291.13
18183.0,6,362,13.648181818181818,218,6,600.52
18184.0,1,60,49.8,15,1,49.8
18185.0,1,183,17.897058823529413,249,1,304.25
18186.0,1,338,29.96181818181818,723,1,329.58
18187.0,3,304,12.63314814814815,623,3,682.19
18188.0,8,1884,24.171777777777777,15,8,3263.19
18189.0,5,833,15.870227272727272,78,5,1396.58
18190.0,6,489,17.108604651162793,192,6,735.6700000000001
18191.0,2,332,35.29333333333333,262,2,529.4
18192.0,1,339,21.288222222222224,72,1,957.97
18193.0,5,919,15.831506849315069,151,5,1155.7
18194.0,7,1590,136.14,64,7,4084.2
18195.0,1,60,20.232,387,1,101.16
18196.0,4,1047,5.211067615658362,95,4,1464.31
18197.0,2,162,20.12727272727273,514,2,221.4
18198.0,21,3839,30.62084337349398,4,21,5083.06
18199.0,2,98,16.295238095238094,676,2,342.2
18200.0,1,111,5.11875,106,1,163.8
18201.0,1,191,16.575185185185187,723,1,447.53000000000003
18202.0,3,581,20.543970588235293,200,3,1396.99
18203.0,4,113,8.407,157,4,504.42
18204.0,4,1198,9.798514851485148,71,4,1979.3
18205.0,2,192,16.1675,36,2,517.36
18206.0,1,246,16.561052631578946,553,1,314.65999999999997
18207.0,3,300,14.856470588235295,494,3,505.12
18208.0,1,82,21.181176470588234,566,1,360.08
18209.0,1,58,17.387500000000003,29,1,139.10000000000002
18210.0,7,1499,19.22798611111111,2,7,2768.83
18211.0,5,359,14.287380952380952,26,5,600.0699999999999
18212.0,2,167,9.940363636363637,326,2,546.72
18213.0,1,232,15.498666666666669,237,1,232.48000000000002
18214.0,5,790,23.886935483870968,531,5,1480.99
18215.0,6,1142,24.604285714285716,89,6,2238.9900000000002
18216.0,1,200,18.528846153846153,31,1,481.75
18217.0,6,710,20.518181818181816,29,6,902.8
18218.0,6,1038,26.34047619047619,206,6,1106.3
18219.0,19,1649,17.02616504854369,3,19,3507.39
18220.0,11,1258,55.365625,220,11,1771.7
18221.0,8,984,15.572045454545453,22,8,1370.34
18222.0,1,335,23.31578947368421,93,1,443.0
18223.0,52,6460,20.70180981595092,2,52,13497.58
18224.0,1,69,15.895000000000001,264,1,158.95000000000002
18225.0,34,7235,20.94521523178808,3,34,12650.91
18226.0,38,7830,21.596654411764707,39,38,11748.58
18227.0,3,21,13.392857142857142,218,3,93.75
18228.0,3,236,24.0375,50,3,769.2
18229.0,28,3183,51.20241706161138,12,28,10803.710000000001
18230.0,12,1977,29.10215277777778,9,12,4190.71
18231.0,30,2908,17.604550128534704,192,30,6848.17
18232.0,5,299,14.56175,82,5,582.47
18233.0,1,4,440.0,326,1,440.0
18234.0,1,80,5.986666666666666,552,1,179.6
18235.0,3,1578,17.273846153846154,72,3,1796.48
18236.0,12,696,18.319897959183674,30,12,1795.3500000000001
18237.0,5,622,16.181967213114753,3,5,987.1
18238.0,1,114,19.351428571428574,515,1,270.92
18239.0,6,1052,17.20288,219,6,2150.36
18240.0,1,126,70.43,46,1,422.58000000000004
18241.0,23,1465,18.348385093167703,10,23,2954.09
18242.0,8,2021,25.7515,72,8,3605.21
18243.0,1,221,19.837692307692308,414,1,515.78
18244.0,2,856,29.928421052631577,431,2,568.64
18245.0,23,5078,13.469179265658749,7,23,6236.2300000000005
18246.0,3,214,151.76399999999998,24,3,758.8199999999999
18247.0,6,305,15.349574468085105,410,6,721.43
18248.0,4,501,15.98,114,4,783.02
18249.0,1,128,11.9175,17,1,95.34
18250.0,2,198,15.587272727272728,301,2,342.92
18251.0,9,39639,243.3227777777778,87,9,26278.86
18252.0,8,931,10.543812949640287,51,8,1465.59
18253.0,1,128,45.41142857142857,643,1,317.88
18254.0,1,188,16.74375,581,1,267.9
18255.0,2,201,15.955263157894736,89,2,303.15
18256.0,2,110,4.328571428571428,355,2,60.599999999999994
18257.0,18,2329,15.613888888888889,39,18,4496.8
18258.0,8,1973,38.5088679245283,464,8,2040.97
18259.0,7,1390,46.93695652173913,25,7,4318.2
18260.0,32,5211,22.678953488372095,173,32,9751.95
18261.0,2,146,15.440000000000001,43,2,324.24
18262.0,3,552,13.75095238095238,140,3,577.54
18263.0,4,1467,19.533548387096772,23,4,1211.08
18264.0,1,241,16.756944444444443,499,1,603.25
18265.0,2,311,17.424130434782608,72,2,801.51
18266.0,1,138,17.935714285714287,434,1,251.1
18267.0,2,131,12.6435,660,2,252.87
18268.0,8,702,20.439718309859156,134,8,1451.22
18269.0,2,146,20.5,358,2,307.5
18270.0,4,205,21.071052631578947,38,4,400.35
18271.0,2,319,32.42142857142857,610,2,680.85
18272.0,11,2871,18.738491379310343,3,11,4347.33
18273.0,4,140,89.25,2,4,357.0
18274.0,2,0,-1.6148698540002277e-16,18,2,-3.552713678800501e-15
18275.0,2,417,39.044736842105266,578,2,741.85
18276.0,10,1239,16.37040404040404,21,10,1620.67
18277.0,8,444,16.343823529411765,58,8,1111.38
18278.0,2,140,17.258333333333336,74,2,414.20000000000005
18279.0,1,630,17.795384615384613,519,1,231.33999999999997
18280.0,3,192,14.764062500000001,278,3,472.45000000000005
18281.0,2,146,11.831764705882351,181,2,201.14
18282.0,3,98,13.584615384615384,8,3,176.6
18283.0,22,1733,2.775507099391481,4,22,2736.65
18284.0,2,493,15.05793103448276,430,2,436.68
18285.0,1,145,35.583333333333336,661,1,427.0
18286.0,3,592,16.97757142857143,477,3,1188.43
18287.0,8,3011,26.781346153846155,43,8,4177.89
